{"event":"ack-configure","sequence":1,"controlSequence":0,"rootCommits":1,"childCommits":0,"serial":6,"width":320,"height":240,"monotonicNs":231227461548991}
{"event":"buffercommit","sequence":2,"controlSequence":0,"rootCommits":2,"childCommits":0,"serial":6,"width":320,"height":240,"monotonicNs":231227461692178}
{"event":"ready","sequence":3,"controlSequence":0,"rootCommits":2,"childCommits":0,"serial":6,"width":320,"height":240,"monotonicNs":231227461706193}
{"event":"buffer-release","sequence":4,"controlSequence":0,"rootCommits":2,"childCommits":0,"serial":6,"width":320,"height":240,"monotonicNs":231227462458794}
{"event":"ack-configure","sequence":5,"controlSequence":0,"rootCommits":2,"childCommits":0,"serial":7,"width":320,"height":240,"monotonicNs":231227462479252}
{"event":"ack-configure","sequence":6,"controlSequence":0,"rootCommits":2,"childCommits":0,"serial":13,"width":320,"height":240,"monotonicNs":231227531799565}
{"event":"buffercommit","sequence":7,"controlSequence":1,"rootCommits":2,"childCommits":1,"serial":13,"width":320,"height":240,"monotonicNs":231227708081135}
{"event":"request","sequence":8,"controlSequence":1,"rootCommits":3,"childCommits":1,"serial":13,"width":320,"height":240,"monotonicNs":231227708101822,"command":"child-create"}
{"event":"buffer-release","sequence":9,"controlSequence":1,"rootCommits":3,"childCommits":1,"serial":13,"width":320,"height":240,"monotonicNs":231227708356916}
{"event":"server-barrier","sequence":10,"controlSequence":1,"rootCommits":3,"childCommits":1,"serial":13,"width":320,"height":240,"monotonicNs":231227708376100,"command":"child-create","barrierControl":1}
{"event":"buffercommit","sequence":11,"controlSequence":2,"rootCommits":3,"childCommits":2,"serial":13,"width":320,"height":240,"monotonicNs":231227759030219}
{"event":"request","sequence":12,"controlSequence":2,"rootCommits":3,"childCommits":2,"serial":13,"width":320,"height":240,"monotonicNs":231227759038677,"command":"child-yellow"}
{"event":"buffer-release","sequence":13,"controlSequence":2,"rootCommits":3,"childCommits":2,"serial":13,"width":320,"height":240,"monotonicNs":231227759408016}
{"event":"server-barrier","sequence":14,"controlSequence":2,"rootCommits":3,"childCommits":2,"serial":13,"width":320,"height":240,"monotonicNs":231227759424280,"command":"child-yellow","barrierControl":2}
{"event":"request","sequence":15,"controlSequence":3,"rootCommits":3,"childCommits":2,"serial":13,"width":320,"height":240,"monotonicNs":231227810025560,"command":"child-sync"}
{"event":"server-barrier","sequence":16,"controlSequence":3,"rootCommits":3,"childCommits":2,"serial":13,"width":320,"height":240,"monotonicNs":231227810397229,"command":"child-sync","barrierControl":3}
{"event":"buffercommit","sequence":17,"controlSequence":4,"rootCommits":3,"childCommits":3,"serial":13,"width":320,"height":240,"monotonicNs":231227835510033}
{"event":"request","sequence":18,"controlSequence":4,"rootCommits":3,"childCommits":3,"serial":13,"width":320,"height":240,"monotonicNs":231227835513647,"command":"child-blue"}
{"event":"server-barrier","sequence":19,"controlSequence":4,"rootCommits":3,"childCommits":3,"serial":13,"width":320,"height":240,"monotonicNs":231227835771121,"command":"child-blue","barrierControl":4}
{"event":"request","sequence":20,"controlSequence":5,"rootCommits":4,"childCommits":3,"serial":13,"width":320,"height":240,"monotonicNs":231227886021510,"command":"root-commit"}
{"event":"buffer-release","sequence":21,"controlSequence":5,"rootCommits":4,"childCommits":3,"serial":13,"width":320,"height":240,"monotonicNs":231227886337374}
{"event":"server-barrier","sequence":22,"controlSequence":5,"rootCommits":4,"childCommits":3,"serial":13,"width":320,"height":240,"monotonicNs":231227886356223,"command":"root-commit","barrierControl":5}
{"event":"request","sequence":23,"controlSequence":6,"rootCommits":4,"childCommits":3,"serial":13,"width":320,"height":240,"monotonicNs":231227937117019,"command":"child-desync"}
{"event":"server-barrier","sequence":24,"controlSequence":6,"rootCommits":4,"childCommits":3,"serial":13,"width":320,"height":240,"monotonicNs":231227937472662,"command":"child-desync","barrierControl":6}
{"event":"request","sequence":25,"controlSequence":7,"rootCommits":5,"childCommits":3,"serial":13,"width":320,"height":240,"monotonicNs":231227987792938,"command":"child-move"}
{"event":"server-barrier","sequence":26,"controlSequence":7,"rootCommits":5,"childCommits":3,"serial":13,"width":320,"height":240,"monotonicNs":231227988061183,"command":"child-move","barrierControl":7}
{"event":"request","sequence":27,"controlSequence":8,"rootCommits":6,"childCommits":3,"serial":13,"width":320,"height":240,"monotonicNs":231228038334697,"command":"child-below"}
{"event":"server-barrier","sequence":28,"controlSequence":8,"rootCommits":6,"childCommits":3,"serial":13,"width":320,"height":240,"monotonicNs":231228038626678,"command":"child-below","barrierControl":8}
{"event":"request","sequence":29,"controlSequence":9,"rootCommits":7,"childCommits":3,"serial":13,"width":320,"height":240,"monotonicNs":231228088949418,"command":"child-above"}
{"event":"server-barrier","sequence":30,"controlSequence":9,"rootCommits":7,"childCommits":3,"serial":13,"width":320,"height":240,"monotonicNs":231228089227292,"command":"child-above","barrierControl":9}
{"event":"buffercommit","sequence":31,"controlSequence":10,"rootCommits":7,"childCommits":4,"serial":13,"width":320,"height":240,"monotonicNs":231228139623633}
{"event":"request","sequence":32,"controlSequence":10,"rootCommits":7,"childCommits":5,"serial":13,"width":320,"height":240,"monotonicNs":231228139634106,"command":"grand-create"}
{"event":"buffer-release","sequence":33,"controlSequence":10,"rootCommits":7,"childCommits":5,"serial":13,"width":320,"height":240,"monotonicNs":231228140153383}
{"event":"server-barrier","sequence":34,"controlSequence":10,"rootCommits":7,"childCommits":5,"serial":13,"width":320,"height":240,"monotonicNs":231228140176773,"command":"grand-create","barrierControl":10}
{"event":"request","sequence":35,"controlSequence":11,"rootCommits":7,"childCommits":6,"serial":13,"width":320,"height":240,"monotonicNs":231228190479034,"command":"child-detach"}
{"event":"server-barrier","sequence":36,"controlSequence":11,"rootCommits":7,"childCommits":6,"serial":13,"width":320,"height":240,"monotonicNs":231228190692522,"command":"child-detach","barrierControl":11}
{"event":"buffercommit","sequence":37,"controlSequence":12,"rootCommits":7,"childCommits":7,"serial":13,"width":320,"height":240,"monotonicNs":231228241048927}
{"event":"request","sequence":38,"controlSequence":12,"rootCommits":7,"childCommits":7,"serial":13,"width":320,"height":240,"monotonicNs":231228241059038,"command":"child-reattach"}
{"event":"buffer-release","sequence":39,"controlSequence":12,"rootCommits":7,"childCommits":7,"serial":13,"width":320,"height":240,"monotonicNs":231228241211903}
{"event":"server-barrier","sequence":40,"controlSequence":12,"rootCommits":7,"childCommits":7,"serial":13,"width":320,"height":240,"monotonicNs":231228241225470,"command":"child-reattach","barrierControl":12}
{"event":"request","sequence":41,"controlSequence":13,"rootCommits":7,"childCommits":7,"serial":13,"width":320,"height":240,"monotonicNs":231228291547849,"command":"child-destroy"}
{"event":"server-barrier","sequence":42,"controlSequence":13,"rootCommits":7,"childCommits":7,"serial":13,"width":320,"height":240,"monotonicNs":231228291737922,"command":"child-destroy","barrierControl":13}
{"event":"buffercommit","sequence":43,"controlSequence":14,"rootCommits":7,"childCommits":8,"serial":13,"width":320,"height":240,"monotonicNs":231228342140019}
{"event":"request","sequence":44,"controlSequence":14,"rootCommits":8,"childCommits":8,"serial":13,"width":320,"height":240,"monotonicNs":231228342151243,"command":"child-create"}
{"event":"buffer-release","sequence":45,"controlSequence":14,"rootCommits":8,"childCommits":8,"serial":13,"width":320,"height":240,"monotonicNs":231228342339703}
{"event":"server-barrier","sequence":46,"controlSequence":14,"rootCommits":8,"childCommits":8,"serial":13,"width":320,"height":240,"monotonicNs":231228342353040,"command":"child-create","barrierControl":14}
{"event":"request","sequence":47,"controlSequence":15,"rootCommits":8,"childCommits":8,"serial":13,"width":320,"height":240,"monotonicNs":231228392714774,"command":"child-destroy"}
{"event":"server-barrier","sequence":48,"controlSequence":15,"rootCommits":8,"childCommits":8,"serial":13,"width":320,"height":240,"monotonicNs":231228392854572,"command":"child-destroy","barrierControl":15}
{"event":"buffercommit","sequence":49,"controlSequence":16,"rootCommits":8,"childCommits":9,"serial":13,"width":320,"height":240,"monotonicNs":231228443240172}
{"event":"request","sequence":50,"controlSequence":16,"rootCommits":8,"childCommits":9,"serial":13,"width":320,"height":240,"monotonicNs":231228443250862,"command":"child-create-sync"}
{"event":"server-barrier","sequence":51,"controlSequence":16,"rootCommits":8,"childCommits":9,"serial":13,"width":320,"height":240,"monotonicNs":231228443371750,"command":"child-create-sync","barrierControl":16}
{"event":"request","sequence":52,"controlSequence":17,"rootCommits":9,"childCommits":9,"serial":13,"width":320,"height":240,"monotonicNs":231228518703924,"command":"root-commit"}
{"event":"buffer-release","sequence":53,"controlSequence":17,"rootCommits":9,"childCommits":9,"serial":13,"width":320,"height":240,"monotonicNs":231228518910441}
{"event":"server-barrier","sequence":54,"controlSequence":17,"rootCommits":9,"childCommits":9,"serial":13,"width":320,"height":240,"monotonicNs":231228519038343,"command":"root-commit","barrierControl":17}
{"event":"request","sequence":55,"controlSequence":18,"rootCommits":9,"childCommits":9,"serial":13,"width":320,"height":240,"monotonicNs":231228569593369,"command":"child-destroy"}
{"event":"server-barrier","sequence":56,"controlSequence":18,"rootCommits":9,"childCommits":9,"serial":13,"width":320,"height":240,"monotonicNs":231228569718728,"command":"child-destroy","barrierControl":18}
{"event":"buffercommit","sequence":57,"controlSequence":19,"rootCommits":9,"childCommits":10,"serial":13,"width":320,"height":240,"monotonicNs":231228620027497}
{"event":"request","sequence":58,"controlSequence":19,"rootCommits":9,"childCommits":10,"serial":13,"width":320,"height":240,"monotonicNs":231228620039263,"command":"child-create-sync"}
{"event":"server-barrier","sequence":59,"controlSequence":19,"rootCommits":9,"childCommits":10,"serial":13,"width":320,"height":240,"monotonicNs":231228620192384,"command":"child-create-sync","barrierControl":19}
{"event":"request","sequence":60,"controlSequence":20,"rootCommits":10,"childCommits":10,"serial":13,"width":320,"height":240,"monotonicNs":231228663227552,"command":"root-commit"}
{"event":"buffer-release","sequence":61,"controlSequence":20,"rootCommits":10,"childCommits":10,"serial":13,"width":320,"height":240,"monotonicNs":231228663693166}
{"event":"server-barrier","sequence":62,"controlSequence":20,"rootCommits":10,"childCommits":10,"serial":13,"width":320,"height":240,"monotonicNs":231228663712137,"command":"root-commit","barrierControl":20}
{"event":"buffercommit","sequence":63,"controlSequence":21,"rootCommits":10,"childCommits":11,"serial":13,"width":320,"height":240,"monotonicNs":231228714166107}
{"event":"request","sequence":64,"controlSequence":21,"rootCommits":10,"childCommits":11,"serial":13,"width":320,"height":240,"monotonicNs":231228714176608,"command":"child-yellow"}
{"event":"server-barrier","sequence":65,"controlSequence":21,"rootCommits":10,"childCommits":11,"serial":13,"width":320,"height":240,"monotonicNs":231228714265112,"command":"child-yellow","barrierControl":21}
{"event":"request","sequence":66,"controlSequence":22,"rootCommits":10,"childCommits":11,"serial":13,"width":320,"height":240,"monotonicNs":231228764432333,"command":"child-destroy"}
{"event":"buffer-release","sequence":67,"controlSequence":22,"rootCommits":10,"childCommits":11,"serial":13,"width":320,"height":240,"monotonicNs":231228764642067}
{"event":"server-barrier","sequence":68,"controlSequence":22,"rootCommits":10,"childCommits":11,"serial":13,"width":320,"height":240,"monotonicNs":231228764655805,"command":"child-destroy","barrierControl":22}
{"event":"request","sequence":69,"controlSequence":23,"rootCommits":11,"childCommits":11,"serial":13,"width":320,"height":240,"monotonicNs":231228814858940,"command":"root-commit"}
{"event":"server-barrier","sequence":70,"controlSequence":23,"rootCommits":11,"childCommits":11,"serial":13,"width":320,"height":240,"monotonicNs":231228814917448,"command":"root-commit","barrierControl":23}
{"event":"buffercommit","sequence":71,"controlSequence":24,"rootCommits":11,"childCommits":12,"serial":13,"width":320,"height":240,"monotonicNs":231228890202330}
{"event":"request","sequence":72,"controlSequence":24,"rootCommits":11,"childCommits":12,"serial":13,"width":320,"height":240,"monotonicNs":231228890215615,"command":"child-create-sync"}
{"event":"server-barrier","sequence":73,"controlSequence":24,"rootCommits":11,"childCommits":12,"serial":13,"width":320,"height":240,"monotonicNs":231228890389371,"command":"child-create-sync","barrierControl":24}
{"event":"request","sequence":74,"controlSequence":25,"rootCommits":12,"childCommits":12,"serial":13,"width":320,"height":240,"monotonicNs":231228940565040,"command":"root-commit"}
{"event":"buffer-release","sequence":75,"controlSequence":25,"rootCommits":12,"childCommits":12,"serial":13,"width":320,"height":240,"monotonicNs":231228940819291}
{"event":"server-barrier","sequence":76,"controlSequence":25,"rootCommits":12,"childCommits":12,"serial":13,"width":320,"height":240,"monotonicNs":231228940841936,"command":"root-commit","barrierControl":25}
{"event":"request","sequence":77,"controlSequence":26,"rootCommits":12,"childCommits":12,"serial":13,"width":320,"height":240,"monotonicNs":231228991520089,"command":"child-destroy"}
{"event":"server-barrier","sequence":78,"controlSequence":26,"rootCommits":12,"childCommits":12,"serial":13,"width":320,"height":240,"monotonicNs":231228991795653,"command":"child-destroy","barrierControl":26}
{"event":"buffercommit","sequence":79,"controlSequence":27,"rootCommits":12,"childCommits":13,"serial":13,"width":320,"height":240,"monotonicNs":231229042144473}
{"event":"request","sequence":80,"controlSequence":27,"rootCommits":12,"childCommits":13,"serial":13,"width":320,"height":240,"monotonicNs":231229042159744,"command":"child-create-sync"}
{"event":"server-barrier","sequence":81,"controlSequence":27,"rootCommits":12,"childCommits":13,"serial":13,"width":320,"height":240,"monotonicNs":231229042527102,"command":"child-create-sync","barrierControl":27}
{"event":"request","sequence":82,"controlSequence":28,"rootCommits":13,"childCommits":13,"serial":13,"width":320,"height":240,"monotonicNs":231229092878805,"command":"root-commit"}
{"event":"buffer-release","sequence":83,"controlSequence":28,"rootCommits":13,"childCommits":13,"serial":13,"width":320,"height":240,"monotonicNs":231229093005629}
{"event":"server-barrier","sequence":84,"controlSequence":28,"rootCommits":13,"childCommits":13,"serial":13,"width":320,"height":240,"monotonicNs":231229093016654,"command":"root-commit","barrierControl":28}
{"event":"buffercommit","sequence":85,"controlSequence":29,"rootCommits":13,"childCommits":14,"serial":13,"width":320,"height":240,"monotonicNs":231229144353983}
{"event":"request","sequence":86,"controlSequence":29,"rootCommits":13,"childCommits":15,"serial":13,"width":320,"height":240,"monotonicNs":231229144364372,"command":"grand-create"}
{"event":"server-barrier","sequence":87,"controlSequence":29,"rootCommits":13,"childCommits":15,"serial":13,"width":320,"height":240,"monotonicNs":231229144453853,"command":"grand-create","barrierControl":29}
{"event":"request","sequence":88,"controlSequence":30,"rootCommits":14,"childCommits":15,"serial":13,"width":320,"height":240,"monotonicNs":231229219645156,"command":"root-commit"}
{"event":"buffer-release","sequence":89,"controlSequence":30,"rootCommits":14,"childCommits":15,"serial":13,"width":320,"height":240,"monotonicNs":231229220192803}
{"event":"server-barrier","sequence":90,"controlSequence":30,"rootCommits":14,"childCommits":15,"serial":13,"width":320,"height":240,"monotonicNs":231229220203119,"command":"root-commit","barrierControl":30}
{"event":"buffercommit","sequence":91,"controlSequence":31,"rootCommits":14,"childCommits":16,"serial":13,"width":320,"height":240,"monotonicNs":231229270932684}
{"event":"request","sequence":92,"controlSequence":31,"rootCommits":14,"childCommits":16,"serial":13,"width":320,"height":240,"monotonicNs":231229270946224,"command":"grand-yellow"}
{"event":"server-barrier","sequence":93,"controlSequence":31,"rootCommits":14,"childCommits":16,"serial":13,"width":320,"height":240,"monotonicNs":231229271003106,"command":"grand-yellow","barrierControl":31}
{"event":"request","sequence":94,"controlSequence":32,"rootCommits":14,"childCommits":16,"serial":13,"width":320,"height":240,"monotonicNs":231229321184783,"command":"grand-desync"}
{"event":"server-barrier","sequence":95,"controlSequence":32,"rootCommits":14,"childCommits":16,"serial":13,"width":320,"height":240,"monotonicNs":231229321457694,"command":"grand-desync","barrierControl":32}
{"event":"request","sequence":96,"controlSequence":33,"rootCommits":14,"childCommits":16,"serial":13,"width":320,"height":240,"monotonicNs":231229396988207,"command":"child-desync"}
{"event":"buffer-release","sequence":97,"controlSequence":33,"rootCommits":14,"childCommits":16,"serial":13,"width":320,"height":240,"monotonicNs":231229397352847}
{"event":"server-barrier","sequence":98,"controlSequence":33,"rootCommits":14,"childCommits":16,"serial":13,"width":320,"height":240,"monotonicNs":231229397372484,"command":"child-desync","barrierControl":33}
{"event":"request","sequence":99,"controlSequence":34,"rootCommits":14,"childCommits":16,"serial":13,"width":320,"height":240,"monotonicNs":231229447916768,"command":"child-destroy"}
{"event":"server-barrier","sequence":100,"controlSequence":34,"rootCommits":14,"childCommits":16,"serial":13,"width":320,"height":240,"monotonicNs":231229448240311,"command":"child-destroy","barrierControl":34}
{"event":"buffercommit","sequence":101,"controlSequence":35,"rootCommits":14,"childCommits":17,"serial":13,"width":320,"height":240,"monotonicNs":231229498454891}
{"event":"request","sequence":102,"controlSequence":35,"rootCommits":14,"childCommits":17,"serial":13,"width":320,"height":240,"monotonicNs":231229498470869,"command":"child-create-sync"}
{"event":"server-barrier","sequence":103,"controlSequence":35,"rootCommits":14,"childCommits":17,"serial":13,"width":320,"height":240,"monotonicNs":231229498734372,"command":"child-create-sync","barrierControl":35}
{"event":"request","sequence":104,"controlSequence":36,"rootCommits":15,"childCommits":17,"serial":13,"width":320,"height":240,"monotonicNs":231229574110655,"command":"root-commit"}
{"event":"buffer-release","sequence":105,"controlSequence":36,"rootCommits":15,"childCommits":17,"serial":13,"width":320,"height":240,"monotonicNs":231229574382695}
{"event":"server-barrier","sequence":106,"controlSequence":36,"rootCommits":15,"childCommits":17,"serial":13,"width":320,"height":240,"monotonicNs":231229574526315,"command":"root-commit","barrierControl":36}
{"event":"buffercommit","sequence":107,"controlSequence":37,"rootCommits":15,"childCommits":18,"serial":13,"width":320,"height":240,"monotonicNs":231229625024720}
{"event":"request","sequence":108,"controlSequence":37,"rootCommits":15,"childCommits":18,"serial":13,"width":320,"height":240,"monotonicNs":231229625034965,"command":"child-yellow"}
{"event":"server-barrier","sequence":109,"controlSequence":37,"rootCommits":15,"childCommits":18,"serial":13,"width":320,"height":240,"monotonicNs":231229625187504,"command":"child-yellow","barrierControl":37}
{"event":"buffercommit","sequence":110,"controlSequence":38,"rootCommits":15,"childCommits":19,"serial":13,"width":320,"height":240,"monotonicNs":231229675412526}
{"event":"request","sequence":111,"controlSequence":38,"rootCommits":15,"childCommits":19,"serial":13,"width":320,"height":240,"monotonicNs":231229675427730,"command":"child-blue"}
{"event":"buffer-release","sequence":112,"controlSequence":38,"rootCommits":15,"childCommits":19,"serial":13,"width":320,"height":240,"monotonicNs":231229675495301}
{"event":"server-barrier","sequence":113,"controlSequence":38,"rootCommits":15,"childCommits":19,"serial":13,"width":320,"height":240,"monotonicNs":231229675511707,"command":"child-blue","barrierControl":38}
{"event":"buffercommit","sequence":114,"controlSequence":39,"rootCommits":15,"childCommits":20,"serial":13,"width":320,"height":240,"monotonicNs":231229725736381}
{"event":"request","sequence":115,"controlSequence":39,"rootCommits":15,"childCommits":20,"serial":13,"width":320,"height":240,"monotonicNs":231229725749595,"command":"child-yellow"}
{"event":"buffer-release","sequence":116,"controlSequence":39,"rootCommits":15,"childCommits":20,"serial":13,"width":320,"height":240,"monotonicNs":231229725806114}
{"event":"server-barrier","sequence":117,"controlSequence":39,"rootCommits":15,"childCommits":20,"serial":13,"width":320,"height":240,"monotonicNs":231229725816492,"command":"child-yellow","barrierControl":39}
{"event":"request","sequence":118,"controlSequence":40,"rootCommits":15,"childCommits":21,"serial":13,"width":320,"height":240,"monotonicNs":231229775997754,"command":"child-empty"}
{"event":"server-barrier","sequence":119,"controlSequence":40,"rootCommits":15,"childCommits":21,"serial":13,"width":320,"height":240,"monotonicNs":231229776036460,"command":"child-empty","barrierControl":40}
{"event":"request","sequence":120,"controlSequence":41,"rootCommits":16,"childCommits":21,"serial":13,"width":320,"height":240,"monotonicNs":231229851432954,"command":"root-commit"}
{"event":"buffer-release","sequence":121,"controlSequence":41,"rootCommits":16,"childCommits":21,"serial":13,"width":320,"height":240,"monotonicNs":231229851669790}
{"event":"server-barrier","sequence":122,"controlSequence":41,"rootCommits":16,"childCommits":21,"serial":13,"width":320,"height":240,"monotonicNs":231229851696200,"command":"root-commit","barrierControl":41}
{"event":"request","sequence":123,"controlSequence":42,"rootCommits":16,"childCommits":21,"serial":13,"width":320,"height":240,"monotonicNs":231229902229345,"command":"child-destroy"}
{"event":"server-barrier","sequence":124,"controlSequence":42,"rootCommits":16,"childCommits":21,"serial":13,"width":320,"height":240,"monotonicNs":231229902462064,"command":"child-destroy","barrierControl":42}
{"event":"buffercommit","sequence":125,"controlSequence":43,"rootCommits":16,"childCommits":22,"serial":13,"width":320,"height":240,"monotonicNs":231229952691563}
{"event":"request","sequence":126,"controlSequence":43,"rootCommits":16,"childCommits":22,"serial":13,"width":320,"height":240,"monotonicNs":231229952703762,"command":"child-create-sync"}
{"event":"server-barrier","sequence":127,"controlSequence":43,"rootCommits":16,"childCommits":22,"serial":13,"width":320,"height":240,"monotonicNs":231229952784231,"command":"child-create-sync","barrierControl":43}
{"event":"request","sequence":128,"controlSequence":44,"rootCommits":17,"childCommits":22,"serial":13,"width":320,"height":240,"monotonicNs":231230002932497,"command":"root-commit"}
{"event":"buffer-release","sequence":129,"controlSequence":44,"rootCommits":17,"childCommits":22,"serial":13,"width":320,"height":240,"monotonicNs":231230003045049}
{"event":"server-barrier","sequence":130,"controlSequence":44,"rootCommits":17,"childCommits":22,"serial":13,"width":320,"height":240,"monotonicNs":231230003063005,"command":"root-commit","barrierControl":44}
{"event":"buffercommit","sequence":131,"controlSequence":45,"rootCommits":17,"childCommits":23,"serial":13,"width":320,"height":240,"monotonicNs":231230053568045}
{"event":"request","sequence":132,"controlSequence":45,"rootCommits":17,"childCommits":24,"serial":13,"width":320,"height":240,"monotonicNs":231230053578335,"command":"grand-create"}
{"event":"server-barrier","sequence":133,"controlSequence":45,"rootCommits":17,"childCommits":24,"serial":13,"width":320,"height":240,"monotonicNs":231230053764965,"command":"grand-create","barrierControl":45}
{"event":"request","sequence":134,"controlSequence":46,"rootCommits":18,"childCommits":24,"serial":13,"width":320,"height":240,"monotonicNs":231230104022856,"command":"root-commit"}
{"event":"buffer-release","sequence":135,"controlSequence":46,"rootCommits":18,"childCommits":24,"serial":13,"width":320,"height":240,"monotonicNs":231230104299208}
{"event":"server-barrier","sequence":136,"controlSequence":46,"rootCommits":18,"childCommits":24,"serial":13,"width":320,"height":240,"monotonicNs":231230104319310,"command":"root-commit","barrierControl":46}
{"event":"request","sequence":137,"controlSequence":47,"rootCommits":18,"childCommits":25,"serial":13,"width":320,"height":240,"monotonicNs":231230163501263,"command":"child-detach"}
{"event":"server-barrier","sequence":138,"controlSequence":47,"rootCommits":18,"childCommits":25,"serial":13,"width":320,"height":240,"monotonicNs":231230163773560,"command":"child-detach","barrierControl":47}
{"event":"request","sequence":139,"controlSequence":48,"rootCommits":19,"childCommits":25,"serial":13,"width":320,"height":240,"monotonicNs":231230214156260,"command":"root-commit"}
{"event":"server-barrier","sequence":140,"controlSequence":48,"rootCommits":19,"childCommits":25,"serial":13,"width":320,"height":240,"monotonicNs":231230214555472,"command":"root-commit","barrierControl":48}
{"event":"request","sequence":141,"controlSequence":49,"rootCommits":19,"childCommits":25,"serial":13,"width":320,"height":240,"monotonicNs":231230290055222,"command":"child-destroy"}
{"event":"server-barrier","sequence":142,"controlSequence":49,"rootCommits":19,"childCommits":25,"serial":13,"width":320,"height":240,"monotonicNs":231230290450232,"command":"child-destroy","barrierControl":49}
{"event":"buffercommit","sequence":143,"controlSequence":50,"rootCommits":19,"childCommits":26,"serial":13,"width":320,"height":240,"monotonicNs":231230315673872}
{"event":"request","sequence":144,"controlSequence":50,"rootCommits":20,"childCommits":26,"serial":13,"width":320,"height":240,"monotonicNs":231230315683725,"command":"child-create"}
{"event":"buffer-release","sequence":145,"controlSequence":50,"rootCommits":20,"childCommits":26,"serial":13,"width":320,"height":240,"monotonicNs":231230316100792}
{"event":"server-barrier","sequence":146,"controlSequence":50,"rootCommits":20,"childCommits":26,"serial":13,"width":320,"height":240,"monotonicNs":231230316118896,"command":"child-create","barrierControl":50}
{"event":"request","sequence":147,"controlSequence":51,"rootCommits":20,"childCommits":26,"serial":13,"width":320,"height":240,"monotonicNs":231230366589985,"command":"child-move-pending"}
{"event":"server-barrier","sequence":148,"controlSequence":51,"rootCommits":20,"childCommits":26,"serial":13,"width":320,"height":240,"monotonicNs":231230366889179,"command":"child-move-pending","barrierControl":51}
{"event":"request","sequence":149,"controlSequence":52,"rootCommits":21,"childCommits":26,"serial":13,"width":320,"height":240,"monotonicNs":231230417169967,"command":"root-commit"}
{"event":"server-barrier","sequence":150,"controlSequence":52,"rootCommits":21,"childCommits":26,"serial":13,"width":320,"height":240,"monotonicNs":231230417546427,"command":"root-commit","barrierControl":52}
{"event":"request","sequence":151,"controlSequence":53,"rootCommits":21,"childCommits":26,"serial":13,"width":320,"height":240,"monotonicNs":231230467796358,"command":"child-below-pending"}
{"event":"server-barrier","sequence":152,"controlSequence":53,"rootCommits":21,"childCommits":26,"serial":13,"width":320,"height":240,"monotonicNs":231230468029217,"command":"child-below-pending","barrierControl":53}
{"event":"request","sequence":153,"controlSequence":54,"rootCommits":22,"childCommits":26,"serial":13,"width":320,"height":240,"monotonicNs":231230518403751,"command":"root-commit"}
{"event":"server-barrier","sequence":154,"controlSequence":54,"rootCommits":22,"childCommits":26,"serial":13,"width":320,"height":240,"monotonicNs":231230518761665,"command":"root-commit","barrierControl":54}
{"event":"request","sequence":155,"controlSequence":55,"rootCommits":22,"childCommits":26,"serial":13,"width":320,"height":240,"monotonicNs":231230569093520,"command":"child-above-pending"}
{"event":"server-barrier","sequence":156,"controlSequence":55,"rootCommits":22,"childCommits":26,"serial":13,"width":320,"height":240,"monotonicNs":231230569396659,"command":"child-above-pending","barrierControl":55}
{"event":"request","sequence":157,"controlSequence":56,"rootCommits":23,"childCommits":26,"serial":13,"width":320,"height":240,"monotonicNs":231230619581816,"command":"root-commit"}
{"event":"server-barrier","sequence":158,"controlSequence":56,"rootCommits":23,"childCommits":26,"serial":13,"width":320,"height":240,"monotonicNs":231230619790310,"command":"root-commit","barrierControl":56}
{"event":"buffercommit","sequence":159,"controlSequence":57,"rootCommits":23,"childCommits":27,"serial":13,"width":320,"height":240,"monotonicNs":231237815055206}
{"event":"request","sequence":160,"controlSequence":57,"rootCommits":23,"childCommits":27,"serial":13,"width":320,"height":240,"monotonicNs":231237815069383,"command":"child-yellow"}
{"event":"buffer-release","sequence":161,"controlSequence":57,"rootCommits":23,"childCommits":27,"serial":13,"width":320,"height":240,"monotonicNs":231237815214830}
{"event":"server-barrier","sequence":162,"controlSequence":57,"rootCommits":23,"childCommits":27,"serial":13,"width":320,"height":240,"monotonicNs":231237815343853,"command":"child-yellow","barrierControl":57}
{"event":"buffercommit","sequence":163,"controlSequence":58,"rootCommits":23,"childCommits":28,"serial":13,"width":320,"height":240,"monotonicNs":231246043654913}
{"event":"request","sequence":164,"controlSequence":58,"rootCommits":23,"childCommits":28,"serial":13,"width":320,"height":240,"monotonicNs":231246043669158,"command":"child-blue"}
{"event":"buffer-release","sequence":165,"controlSequence":58,"rootCommits":23,"childCommits":28,"serial":13,"width":320,"height":240,"monotonicNs":231246044014334}
{"event":"server-barrier","sequence":166,"controlSequence":58,"rootCommits":23,"childCommits":28,"serial":13,"width":320,"height":240,"monotonicNs":231246044190204,"command":"child-blue","barrierControl":58}
{"event":"ack-configure","sequence":167,"controlSequence":58,"rootCommits":23,"childCommits":28,"serial":113,"width":320,"height":240,"monotonicNs":231252796151694}
{"event":"ack-configure","sequence":168,"controlSequence":58,"rootCommits":23,"childCommits":28,"serial":128,"width":320,"height":240,"monotonicNs":231258412247239}
{"event":"ack-configure","sequence":169,"controlSequence":58,"rootCommits":23,"childCommits":28,"serial":129,"width":320,"height":240,"monotonicNs":231258505945813}
{"event":"ack-configure","sequence":170,"controlSequence":58,"rootCommits":23,"childCommits":28,"serial":132,"width":320,"height":240,"monotonicNs":231258677113269}
{"event":"buffercommit","sequence":171,"controlSequence":59,"rootCommits":23,"childCommits":29,"serial":132,"width":320,"height":240,"monotonicNs":231258702293870}
{"event":"request","sequence":172,"controlSequence":59,"rootCommits":23,"childCommits":29,"serial":132,"width":320,"height":240,"monotonicNs":231258702303472,"command":"child-blue"}
{"event":"buffer-release","sequence":173,"controlSequence":59,"rootCommits":23,"childCommits":29,"serial":132,"width":320,"height":240,"monotonicNs":231258702551755}
{"event":"server-barrier","sequence":174,"controlSequence":59,"rootCommits":23,"childCommits":29,"serial":132,"width":320,"height":240,"monotonicNs":231258702771071,"command":"child-blue","barrierControl":59}
{"event":"buffercommit","sequence":175,"controlSequence":60,"rootCommits":23,"childCommits":30,"serial":132,"width":320,"height":240,"monotonicNs":231258853668550}
{"event":"request","sequence":176,"controlSequence":60,"rootCommits":23,"childCommits":30,"serial":132,"width":320,"height":240,"monotonicNs":231258853679990,"command":"child-yellow"}
{"event":"buffer-release","sequence":177,"controlSequence":60,"rootCommits":23,"childCommits":30,"serial":132,"width":320,"height":240,"monotonicNs":231258853936813}
{"event":"server-barrier","sequence":178,"controlSequence":60,"rootCommits":23,"childCommits":30,"serial":132,"width":320,"height":240,"monotonicNs":231258853945504,"command":"child-yellow","barrierControl":60}
{"event":"buffercommit","sequence":179,"controlSequence":61,"rootCommits":23,"childCommits":31,"serial":132,"width":320,"height":240,"monotonicNs":231258955075666}
{"event":"request","sequence":180,"controlSequence":61,"rootCommits":23,"childCommits":31,"serial":132,"width":320,"height":240,"monotonicNs":231258955097639,"command":"child-blue"}
{"event":"buffer-release","sequence":181,"controlSequence":61,"rootCommits":23,"childCommits":31,"serial":132,"width":320,"height":240,"monotonicNs":231258955251948}
{"event":"server-barrier","sequence":182,"controlSequence":61,"rootCommits":23,"childCommits":31,"serial":132,"width":320,"height":240,"monotonicNs":231258955261646,"command":"child-blue","barrierControl":61}
{"event":"buffercommit","sequence":183,"controlSequence":62,"rootCommits":23,"childCommits":32,"serial":132,"width":320,"height":240,"monotonicNs":231264817489626}
{"event":"request","sequence":184,"controlSequence":62,"rootCommits":23,"childCommits":32,"serial":132,"width":320,"height":240,"monotonicNs":231264817505055,"command":"child-yellow"}
{"event":"buffer-release","sequence":185,"controlSequence":62,"rootCommits":23,"childCommits":32,"serial":132,"width":320,"height":240,"monotonicNs":231264817713207}
{"event":"server-barrier","sequence":186,"controlSequence":62,"rootCommits":23,"childCommits":32,"serial":132,"width":320,"height":240,"monotonicNs":231264817865422,"command":"child-yellow","barrierControl":62}
{"event":"ack-configure","sequence":187,"controlSequence":62,"rootCommits":23,"childCommits":32,"serial":146,"width":320,"height":240,"monotonicNs":231264951225315}
{"event":"buffercommit","sequence":188,"controlSequence":63,"rootCommits":23,"childCommits":33,"serial":146,"width":320,"height":240,"monotonicNs":231271094456068}
{"event":"request","sequence":189,"controlSequence":63,"rootCommits":23,"childCommits":33,"serial":146,"width":320,"height":240,"monotonicNs":231271094469514,"command":"child-blue"}
{"event":"buffer-release","sequence":190,"controlSequence":63,"rootCommits":23,"childCommits":33,"serial":146,"width":320,"height":240,"monotonicNs":231271095188274}
{"event":"server-barrier","sequence":191,"controlSequence":63,"rootCommits":23,"childCommits":33,"serial":146,"width":320,"height":240,"monotonicNs":231271095309319,"command":"child-blue","barrierControl":63}
{"event":"ack-configure","sequence":192,"controlSequence":63,"rootCommits":23,"childCommits":33,"serial":171,"width":320,"height":240,"monotonicNs":231271844736220}
{"event":"ack-configure","sequence":193,"controlSequence":63,"rootCommits":23,"childCommits":33,"serial":186,"width":320,"height":240,"monotonicNs":231277469216071}
{"event":"request","sequence":194,"controlSequence":64,"rootCommits":23,"childCommits":33,"serial":186,"width":320,"height":240,"monotonicNs":231277494461388,"command":"popup-create"}
{"event":"server-barrier","sequence":195,"controlSequence":64,"rootCommits":23,"childCommits":33,"serial":186,"width":320,"height":240,"monotonicNs":231277494742207,"command":"popup-create","barrierControl":64}
{"event":"buffercommit","sequence":196,"controlSequence":64,"rootCommits":23,"childCommits":33,"serial":186,"width":320,"height":240,"monotonicNs":231277494790057}
{"event":"popup-buffercommit","sequence":197,"controlSequence":64,"rootCommits":23,"childCommits":33,"serial":186,"width":320,"height":240,"monotonicNs":231277494792999,"popupCommits":2,"popupSerial":187,"popupColor":4278255615}
{"event":"popup-configured","sequence":198,"controlSequence":64,"rootCommits":23,"childCommits":33,"serial":186,"width":320,"height":240,"monotonicNs":231277494794517,"popupSerial":187,"popupCommits":2,"popupGeometry":[291,211,64,48]}
{"event":"buffer-release","sequence":199,"controlSequence":64,"rootCommits":23,"childCommits":33,"serial":186,"width":320,"height":240,"monotonicNs":231277495078510}
{"event":"buffercommit","sequence":200,"controlSequence":65,"rootCommits":23,"childCommits":33,"serial":186,"width":320,"height":240,"monotonicNs":231277596116008}
{"event":"popup-buffercommit","sequence":201,"controlSequence":65,"rootCommits":23,"childCommits":33,"serial":186,"width":320,"height":240,"monotonicNs":231277596130375,"popupCommits":3,"popupSerial":187,"popupColor":4294967040}
{"event":"request","sequence":202,"controlSequence":65,"rootCommits":23,"childCommits":33,"serial":186,"width":320,"height":240,"monotonicNs":231277596137993,"command":"popup-yellow"}
{"event":"buffer-release","sequence":203,"controlSequence":65,"rootCommits":23,"childCommits":33,"serial":186,"width":320,"height":240,"monotonicNs":231277596525170}
{"event":"server-barrier","sequence":204,"controlSequence":65,"rootCommits":23,"childCommits":33,"serial":186,"width":320,"height":240,"monotonicNs":231277596541797,"command":"popup-yellow","barrierControl":65}
{"event":"request","sequence":205,"controlSequence":66,"rootCommits":23,"childCommits":33,"serial":186,"width":320,"height":240,"monotonicNs":231277672630661,"command":"popup-reposition"}
{"event":"popup-repositioned","sequence":206,"controlSequence":66,"rootCommits":23,"childCommits":33,"serial":186,"width":320,"height":240,"monotonicNs":231277672742951,"repositionToken":1}
{"event":"server-barrier","sequence":207,"controlSequence":66,"rootCommits":23,"childCommits":33,"serial":186,"width":320,"height":240,"monotonicNs":231277672745680,"command":"popup-reposition","barrierControl":66}
{"event":"buffercommit","sequence":208,"controlSequence":66,"rootCommits":23,"childCommits":33,"serial":186,"width":320,"height":240,"monotonicNs":231277672774164}
{"event":"popup-buffercommit","sequence":209,"controlSequence":66,"rootCommits":23,"childCommits":33,"serial":186,"width":320,"height":240,"monotonicNs":231277672775890,"popupCommits":4,"popupSerial":188,"popupColor":4294967040}
{"event":"popup-configured","sequence":210,"controlSequence":66,"rootCommits":23,"childCommits":33,"serial":186,"width":320,"height":240,"monotonicNs":231277672777699,"popupSerial":188,"popupCommits":4,"popupGeometry":[101,81,64,48]}
{"event":"buffer-release","sequence":211,"controlSequence":66,"rootCommits":23,"childCommits":33,"serial":186,"width":320,"height":240,"monotonicNs":231277672883925}
{"event":"popup-destroyed","sequence":212,"controlSequence":67,"rootCommits":23,"childCommits":33,"serial":186,"width":320,"height":240,"monotonicNs":231277749426785}
{"event":"request","sequence":213,"controlSequence":67,"rootCommits":23,"childCommits":33,"serial":186,"width":320,"height":240,"monotonicNs":231277749447574,"command":"popup-destroy"}
{"event":"server-barrier","sequence":214,"controlSequence":67,"rootCommits":23,"childCommits":33,"serial":186,"width":320,"height":240,"monotonicNs":231277749914759,"command":"popup-destroy","barrierControl":67}
{"event":"request","sequence":215,"controlSequence":68,"rootCommits":23,"childCommits":33,"serial":186,"width":320,"height":240,"monotonicNs":231277825283199,"command":"popup-create"}
{"event":"server-barrier","sequence":216,"controlSequence":68,"rootCommits":23,"childCommits":33,"serial":186,"width":320,"height":240,"monotonicNs":231277825629047,"command":"popup-create","barrierControl":68}
{"event":"buffercommit","sequence":217,"controlSequence":68,"rootCommits":23,"childCommits":33,"serial":186,"width":320,"height":240,"monotonicNs":231277825671127}
{"event":"popup-buffercommit","sequence":218,"controlSequence":68,"rootCommits":23,"childCommits":33,"serial":186,"width":320,"height":240,"monotonicNs":231277825674314,"popupCommits":6,"popupSerial":189,"popupColor":4278255615}
{"event":"popup-configured","sequence":219,"controlSequence":68,"rootCommits":23,"childCommits":33,"serial":186,"width":320,"height":240,"monotonicNs":231277825676265,"popupSerial":189,"popupCommits":6,"popupGeometry":[291,211,64,48]}
{"event":"buffer-release","sequence":220,"controlSequence":68,"rootCommits":23,"childCommits":33,"serial":186,"width":320,"height":240,"monotonicNs":231277826088343}
{"event":"popup-destroyed","sequence":221,"controlSequence":69,"rootCommits":23,"childCommits":33,"serial":186,"width":320,"height":240,"monotonicNs":231277902378506}
{"event":"request","sequence":222,"controlSequence":69,"rootCommits":23,"childCommits":33,"serial":186,"width":320,"height":240,"monotonicNs":231277902402268,"command":"popup-destroy"}
{"event":"server-barrier","sequence":223,"controlSequence":69,"rootCommits":23,"childCommits":33,"serial":186,"width":320,"height":240,"monotonicNs":231277902858682,"command":"popup-destroy","barrierControl":69}
{"event":"request","sequence":224,"controlSequence":70,"rootCommits":23,"childCommits":33,"serial":186,"width":320,"height":240,"monotonicNs":231277953729255,"command":"popup-create"}
{"event":"server-barrier","sequence":225,"controlSequence":70,"rootCommits":23,"childCommits":33,"serial":186,"width":320,"height":240,"monotonicNs":231277954271800,"command":"popup-create","barrierControl":70}
{"event":"buffercommit","sequence":226,"controlSequence":70,"rootCommits":23,"childCommits":33,"serial":186,"width":320,"height":240,"monotonicNs":231277954321655}
{"event":"popup-buffercommit","sequence":227,"controlSequence":70,"rootCommits":23,"childCommits":33,"serial":186,"width":320,"height":240,"monotonicNs":231277954326605,"popupCommits":8,"popupSerial":190,"popupColor":4278255615}
{"event":"popup-configured","sequence":228,"controlSequence":70,"rootCommits":23,"childCommits":33,"serial":186,"width":320,"height":240,"monotonicNs":231277954329029,"popupSerial":190,"popupCommits":8,"popupGeometry":[291,211,64,48]}
{"event":"buffer-release","sequence":229,"controlSequence":70,"rootCommits":23,"childCommits":33,"serial":186,"width":320,"height":240,"monotonicNs":231277954752927}
{"event":"buffercommit","sequence":230,"controlSequence":71,"rootCommits":23,"childCommits":33,"serial":186,"width":320,"height":240,"monotonicNs":231277980475744}
{"event":"popup-buffercommit","sequence":231,"controlSequence":71,"rootCommits":23,"childCommits":33,"serial":186,"width":320,"height":240,"monotonicNs":231277980488273,"popupCommits":9,"popupSerial":190,"popupColor":4294967040}
{"event":"request","sequence":232,"controlSequence":71,"rootCommits":23,"childCommits":33,"serial":186,"width":320,"height":240,"monotonicNs":231277980490999,"command":"popup-yellow"}
{"event":"buffer-release","sequence":233,"controlSequence":71,"rootCommits":23,"childCommits":33,"serial":186,"width":320,"height":240,"monotonicNs":231277980858960}
{"event":"server-barrier","sequence":234,"controlSequence":71,"rootCommits":23,"childCommits":33,"serial":186,"width":320,"height":240,"monotonicNs":231277980879702,"command":"popup-yellow","barrierControl":71}
{"event":"popup-destroyed","sequence":235,"controlSequence":72,"rootCommits":23,"childCommits":33,"serial":186,"width":320,"height":240,"monotonicNs":231278031974310}
{"event":"request","sequence":236,"controlSequence":72,"rootCommits":23,"childCommits":33,"serial":186,"width":320,"height":240,"monotonicNs":231278031994127,"command":"popup-destroy"}
{"event":"server-barrier","sequence":237,"controlSequence":72,"rootCommits":23,"childCommits":33,"serial":186,"width":320,"height":240,"monotonicNs":231278032313956,"command":"popup-destroy","barrierControl":72}
{"event":"request","sequence":238,"controlSequence":73,"rootCommits":23,"childCommits":33,"serial":186,"width":320,"height":240,"monotonicNs":231278082599219,"command":"popup-create"}
{"event":"server-barrier","sequence":239,"controlSequence":73,"rootCommits":23,"childCommits":33,"serial":186,"width":320,"height":240,"monotonicNs":231278082827437,"command":"popup-create","barrierControl":73}
{"event":"buffercommit","sequence":240,"controlSequence":73,"rootCommits":23,"childCommits":33,"serial":186,"width":320,"height":240,"monotonicNs":231278082874258}
{"event":"popup-buffercommit","sequence":241,"controlSequence":73,"rootCommits":23,"childCommits":33,"serial":186,"width":320,"height":240,"monotonicNs":231278082878692,"popupCommits":11,"popupSerial":191,"popupColor":4278255615}
{"event":"popup-configured","sequence":242,"controlSequence":73,"rootCommits":23,"childCommits":33,"serial":186,"width":320,"height":240,"monotonicNs":231278082881712,"popupSerial":191,"popupCommits":11,"popupGeometry":[291,211,64,48]}
{"event":"buffer-release","sequence":243,"controlSequence":73,"rootCommits":23,"childCommits":33,"serial":186,"width":320,"height":240,"monotonicNs":231278083197353}
{"event":"request","sequence":244,"controlSequence":74,"rootCommits":23,"childCommits":33,"serial":186,"width":320,"height":240,"monotonicNs":231278134246919,"command":"popup-reposition"}
{"event":"popup-repositioned","sequence":245,"controlSequence":74,"rootCommits":23,"childCommits":33,"serial":186,"width":320,"height":240,"monotonicNs":231278134521425,"repositionToken":2}
{"event":"server-barrier","sequence":246,"controlSequence":74,"rootCommits":23,"childCommits":33,"serial":186,"width":320,"height":240,"monotonicNs":231278134530613,"command":"popup-reposition","barrierControl":74}
{"event":"buffercommit","sequence":247,"controlSequence":74,"rootCommits":23,"childCommits":33,"serial":186,"width":320,"height":240,"monotonicNs":231278134571808}
{"event":"popup-buffercommit","sequence":248,"controlSequence":74,"rootCommits":23,"childCommits":33,"serial":186,"width":320,"height":240,"monotonicNs":231278134575146,"popupCommits":12,"popupSerial":192,"popupColor":4278255615}
{"event":"popup-configured","sequence":249,"controlSequence":74,"rootCommits":23,"childCommits":33,"serial":186,"width":320,"height":240,"monotonicNs":231278134577257,"popupSerial":192,"popupCommits":12,"popupGeometry":[101,81,64,48]}
{"event":"buffer-release","sequence":250,"controlSequence":74,"rootCommits":23,"childCommits":33,"serial":186,"width":320,"height":240,"monotonicNs":231278134858319}
{"event":"popup-destroyed","sequence":251,"controlSequence":75,"rootCommits":23,"childCommits":33,"serial":186,"width":320,"height":240,"monotonicNs":231278193053646}
{"event":"request","sequence":252,"controlSequence":75,"rootCommits":23,"childCommits":33,"serial":186,"width":320,"height":240,"monotonicNs":231278193069770,"command":"popup-destroy"}
{"event":"server-barrier","sequence":253,"controlSequence":75,"rootCommits":23,"childCommits":33,"serial":186,"width":320,"height":240,"monotonicNs":231278193418417,"command":"popup-destroy","barrierControl":75}
{"event":"request","sequence":254,"controlSequence":76,"rootCommits":23,"childCommits":33,"serial":186,"width":320,"height":240,"monotonicNs":231278243805613,"command":"popup-create"}
{"event":"server-barrier","sequence":255,"controlSequence":76,"rootCommits":23,"childCommits":33,"serial":186,"width":320,"height":240,"monotonicNs":231278243961586,"command":"popup-create","barrierControl":76}
{"event":"buffercommit","sequence":256,"controlSequence":76,"rootCommits":23,"childCommits":33,"serial":186,"width":320,"height":240,"monotonicNs":231278244017038}
{"event":"popup-buffercommit","sequence":257,"controlSequence":76,"rootCommits":23,"childCommits":33,"serial":186,"width":320,"height":240,"monotonicNs":231278244022102,"popupCommits":14,"popupSerial":193,"popupColor":4278255615}
{"event":"popup-configured","sequence":258,"controlSequence":76,"rootCommits":23,"childCommits":33,"serial":186,"width":320,"height":240,"monotonicNs":231278244025504,"popupSerial":193,"popupCommits":14,"popupGeometry":[291,211,64,48]}
{"event":"buffer-release","sequence":259,"controlSequence":76,"rootCommits":23,"childCommits":33,"serial":186,"width":320,"height":240,"monotonicNs":231278244308813}
{"event":"buffercommit","sequence":260,"controlSequence":77,"rootCommits":23,"childCommits":33,"serial":186,"width":320,"height":240,"monotonicNs":231278270060593}
{"event":"popup-buffercommit","sequence":261,"controlSequence":77,"rootCommits":23,"childCommits":33,"serial":186,"width":320,"height":240,"monotonicNs":231278270072011,"popupCommits":15,"popupSerial":193,"popupColor":4294967040}
{"event":"request","sequence":262,"controlSequence":77,"rootCommits":23,"childCommits":33,"serial":186,"width":320,"height":240,"monotonicNs":231278270075220,"command":"popup-yellow"}
{"event":"buffer-release","sequence":263,"controlSequence":77,"rootCommits":23,"childCommits":33,"serial":186,"width":320,"height":240,"monotonicNs":231278270373092}
{"event":"server-barrier","sequence":264,"controlSequence":77,"rootCommits":23,"childCommits":33,"serial":186,"width":320,"height":240,"monotonicNs":231278270396506,"command":"popup-yellow","barrierControl":77}
{"event":"popup-destroyed","sequence":265,"controlSequence":78,"rootCommits":23,"childCommits":33,"serial":186,"width":320,"height":240,"monotonicNs":231278321247851}
{"event":"request","sequence":266,"controlSequence":78,"rootCommits":23,"childCommits":33,"serial":186,"width":320,"height":240,"monotonicNs":231278321262114,"command":"popup-destroy"}
{"event":"server-barrier","sequence":267,"controlSequence":78,"rootCommits":23,"childCommits":33,"serial":186,"width":320,"height":240,"monotonicNs":231278321627004,"command":"popup-destroy","barrierControl":78}
{"event":"request","sequence":268,"controlSequence":79,"rootCommits":23,"childCommits":33,"serial":186,"width":320,"height":240,"monotonicNs":231278371979763,"command":"popup-create"}
{"event":"server-barrier","sequence":269,"controlSequence":79,"rootCommits":23,"childCommits":33,"serial":186,"width":320,"height":240,"monotonicNs":231278372251246,"command":"popup-create","barrierControl":79}
{"event":"buffercommit","sequence":270,"controlSequence":79,"rootCommits":23,"childCommits":33,"serial":186,"width":320,"height":240,"monotonicNs":231278372297072}
{"event":"popup-buffercommit","sequence":271,"controlSequence":79,"rootCommits":23,"childCommits":33,"serial":186,"width":320,"height":240,"monotonicNs":231278372301147,"popupCommits":17,"popupSerial":194,"popupColor":4278255615}
{"event":"popup-configured","sequence":272,"controlSequence":79,"rootCommits":23,"childCommits":33,"serial":186,"width":320,"height":240,"monotonicNs":231278372303279,"popupSerial":194,"popupCommits":17,"popupGeometry":[291,211,64,48]}
{"event":"buffer-release","sequence":273,"controlSequence":79,"rootCommits":23,"childCommits":33,"serial":186,"width":320,"height":240,"monotonicNs":231278372601581}
{"event":"popup-destroyed","sequence":274,"controlSequence":80,"rootCommits":23,"childCommits":33,"serial":186,"width":320,"height":240,"monotonicNs":231278423272456}
{"event":"request","sequence":275,"controlSequence":80,"rootCommits":23,"childCommits":33,"serial":186,"width":320,"height":240,"monotonicNs":231278423291551,"command":"popup-destroy"}
{"event":"server-barrier","sequence":276,"controlSequence":80,"rootCommits":23,"childCommits":33,"serial":186,"width":320,"height":240,"monotonicNs":231278423701411,"command":"popup-destroy","barrierControl":80}
{"event":"request","sequence":277,"controlSequence":81,"rootCommits":23,"childCommits":33,"serial":186,"width":320,"height":240,"monotonicNs":231278474026493,"command":"modal-create"}
{"event":"server-barrier","sequence":278,"controlSequence":81,"rootCommits":23,"childCommits":33,"serial":186,"width":320,"height":240,"monotonicNs":231278474260646,"command":"modal-create","barrierControl":81}
{"event":"buffercommit","sequence":279,"controlSequence":81,"rootCommits":23,"childCommits":33,"serial":186,"width":320,"height":240,"monotonicNs":231278474306304}
{"event":"modal-buffercommit","sequence":280,"controlSequence":81,"rootCommits":23,"childCommits":33,"serial":186,"width":320,"height":240,"monotonicNs":231278474310483,"modalCommits":2,"modalSerial":195,"modalColor":4294902015,"modalSize":[96,64]}
{"event":"modal-configured","sequence":281,"controlSequence":81,"rootCommits":23,"childCommits":33,"serial":186,"width":320,"height":240,"monotonicNs":231278474312563,"modalSerial":195,"modalCommits":2}
{"event":"buffer-release","sequence":282,"controlSequence":81,"rootCommits":23,"childCommits":33,"serial":186,"width":320,"height":240,"monotonicNs":231278474889902}
{"event":"modal-configured","sequence":283,"controlSequence":81,"rootCommits":23,"childCommits":33,"serial":186,"width":320,"height":240,"monotonicNs":231278474907611,"modalSerial":196,"modalCommits":2}
{"event":"ack-configure","sequence":284,"controlSequence":81,"rootCommits":23,"childCommits":33,"serial":197,"width":320,"height":240,"monotonicNs":231278474911579}
{"event":"modal-configured","sequence":285,"controlSequence":81,"rootCommits":23,"childCommits":33,"serial":197,"width":320,"height":240,"monotonicNs":231278526028519,"modalSerial":198,"modalCommits":2}
{"event":"buffercommit","sequence":286,"controlSequence":82,"rootCommits":23,"childCommits":33,"serial":197,"width":320,"height":240,"monotonicNs":231278551293523}
{"event":"modal-buffercommit","sequence":287,"controlSequence":82,"rootCommits":23,"childCommits":33,"serial":197,"width":320,"height":240,"monotonicNs":231278551307431,"modalCommits":3,"modalSerial":198,"modalColor":4294967040,"modalSize":[96,64]}
{"event":"request","sequence":288,"controlSequence":82,"rootCommits":23,"childCommits":33,"serial":197,"width":320,"height":240,"monotonicNs":231278551310635,"command":"modal-yellow"}
{"event":"buffer-release","sequence":289,"controlSequence":82,"rootCommits":23,"childCommits":33,"serial":197,"width":320,"height":240,"monotonicNs":231278551516001}
{"event":"server-barrier","sequence":290,"controlSequence":82,"rootCommits":23,"childCommits":33,"serial":197,"width":320,"height":240,"monotonicNs":231278551647751,"command":"modal-yellow","barrierControl":82}
{"event":"request","sequence":291,"controlSequence":83,"rootCommits":23,"childCommits":33,"serial":197,"width":320,"height":240,"monotonicNs":231278602544179,"command":"modal-unset"}
{"event":"server-barrier","sequence":292,"controlSequence":83,"rootCommits":23,"childCommits":33,"serial":197,"width":320,"height":240,"monotonicNs":231278602664877,"command":"modal-unset","barrierControl":83}
{"event":"modal-configured","sequence":293,"controlSequence":83,"rootCommits":23,"childCommits":33,"serial":197,"width":320,"height":240,"monotonicNs":231278622439210,"modalSerial":199,"modalCommits":3}
{"event":"ack-configure","sequence":294,"controlSequence":83,"rootCommits":23,"childCommits":33,"serial":200,"width":320,"height":240,"monotonicNs":231278622455638}
{"event":"request","sequence":295,"controlSequence":84,"rootCommits":23,"childCommits":33,"serial":200,"width":320,"height":240,"monotonicNs":231278647550879,"command":"modal-set"}
{"event":"server-barrier","sequence":296,"controlSequence":84,"rootCommits":23,"childCommits":33,"serial":200,"width":320,"height":240,"monotonicNs":231278647727838,"command":"modal-set","barrierControl":84}
{"event":"ack-configure","sequence":297,"controlSequence":84,"rootCommits":23,"childCommits":33,"serial":201,"width":320,"height":240,"monotonicNs":231278666654910}
{"event":"modal-configured","sequence":298,"controlSequence":84,"rootCommits":23,"childCommits":33,"serial":201,"width":320,"height":240,"monotonicNs":231278666674425,"modalSerial":202,"modalCommits":3}
{"event":"request","sequence":299,"controlSequence":85,"rootCommits":23,"childCommits":33,"serial":201,"width":320,"height":240,"monotonicNs":231278691847946,"command":"modal-unparent"}
{"event":"server-barrier","sequence":300,"controlSequence":85,"rootCommits":23,"childCommits":33,"serial":201,"width":320,"height":240,"monotonicNs":231278691897597,"command":"modal-unparent","barrierControl":85}
{"event":"modal-configured","sequence":301,"controlSequence":85,"rootCommits":23,"childCommits":33,"serial":201,"width":320,"height":240,"monotonicNs":231278711570170,"modalSerial":203,"modalCommits":3}
{"event":"ack-configure","sequence":302,"controlSequence":85,"rootCommits":23,"childCommits":33,"serial":204,"width":320,"height":240,"monotonicNs":231278711585916}
{"event":"request","sequence":303,"controlSequence":86,"rootCommits":23,"childCommits":33,"serial":204,"width":320,"height":240,"monotonicNs":231278736792713,"command":"modal-reparent"}
{"event":"server-barrier","sequence":304,"controlSequence":86,"rootCommits":23,"childCommits":33,"serial":204,"width":320,"height":240,"monotonicNs":231278736851253,"command":"modal-reparent","barrierControl":86}
{"event":"ack-configure","sequence":305,"controlSequence":86,"rootCommits":23,"childCommits":33,"serial":205,"width":320,"height":240,"monotonicNs":231278756597865}
{"event":"modal-configured","sequence":306,"controlSequence":86,"rootCommits":23,"childCommits":33,"serial":205,"width":320,"height":240,"monotonicNs":231278756619185,"modalSerial":206,"modalCommits":3}
{"event":"ack-configure","sequence":307,"controlSequence":86,"rootCommits":23,"childCommits":33,"serial":207,"width":320,"height":240,"monotonicNs":231278758374293}
{"event":"modal-configured","sequence":308,"controlSequence":86,"rootCommits":23,"childCommits":33,"serial":207,"width":320,"height":240,"monotonicNs":231278758393016,"modalSerial":208,"modalCommits":3}
{"event":"ack-configure","sequence":309,"controlSequence":86,"rootCommits":23,"childCommits":33,"serial":210,"width":320,"height":240,"monotonicNs":231278759903562}
{"event":"modal-configured","sequence":310,"controlSequence":86,"rootCommits":23,"childCommits":33,"serial":210,"width":320,"height":240,"monotonicNs":231278759913977,"modalSerial":211,"modalCommits":3}
{"event":"modal-destroyed","sequence":311,"controlSequence":87,"rootCommits":23,"childCommits":33,"serial":210,"width":320,"height":240,"monotonicNs":231278785172046}
{"event":"request","sequence":312,"controlSequence":87,"rootCommits":23,"childCommits":33,"serial":210,"width":320,"height":240,"monotonicNs":231278785182318,"command":"modal-destroy"}
{"event":"server-barrier","sequence":313,"controlSequence":87,"rootCommits":23,"childCommits":33,"serial":210,"width":320,"height":240,"monotonicNs":231278785607278,"command":"modal-destroy","barrierControl":87}
{"event":"ack-configure","sequence":314,"controlSequence":87,"rootCommits":23,"childCommits":33,"serial":215,"width":320,"height":240,"monotonicNs":231278785616983}
{"event":"request","sequence":315,"controlSequence":88,"rootCommits":23,"childCommits":33,"serial":215,"width":320,"height":240,"monotonicNs":231278810715725,"command":"modal-create"}
{"event":"server-barrier","sequence":316,"controlSequence":88,"rootCommits":23,"childCommits":33,"serial":215,"width":320,"height":240,"monotonicNs":231278810967499,"command":"modal-create","barrierControl":88}
{"event":"buffercommit","sequence":317,"controlSequence":88,"rootCommits":23,"childCommits":33,"serial":215,"width":320,"height":240,"monotonicNs":231278811016151}
{"event":"modal-buffercommit","sequence":318,"controlSequence":88,"rootCommits":23,"childCommits":33,"serial":215,"width":320,"height":240,"monotonicNs":231278811020411,"modalCommits":5,"modalSerial":216,"modalColor":4294902015,"modalSize":[96,64]}
{"event":"modal-configured","sequence":319,"controlSequence":88,"rootCommits":23,"childCommits":33,"serial":215,"width":320,"height":240,"monotonicNs":231278811022590,"modalSerial":216,"modalCommits":5}
{"event":"buffer-release","sequence":320,"controlSequence":88,"rootCommits":23,"childCommits":33,"serial":215,"width":320,"height":240,"monotonicNs":231278811585655}
{"event":"modal-configured","sequence":321,"controlSequence":88,"rootCommits":23,"childCommits":33,"serial":215,"width":320,"height":240,"monotonicNs":231278811608114,"modalSerial":217,"modalCommits":5}
{"event":"modal-destroyed","sequence":322,"controlSequence":89,"rootCommits":23,"childCommits":33,"serial":215,"width":320,"height":240,"monotonicNs":231278862663110}
{"event":"request","sequence":323,"controlSequence":89,"rootCommits":23,"childCommits":33,"serial":215,"width":320,"height":240,"monotonicNs":231278862679152,"command":"modal-destroy"}
{"event":"server-barrier","sequence":324,"controlSequence":89,"rootCommits":23,"childCommits":33,"serial":215,"width":320,"height":240,"monotonicNs":231278863170213,"command":"modal-destroy","barrierControl":89}
{"event":"ack-configure","sequence":325,"controlSequence":89,"rootCommits":23,"childCommits":33,"serial":221,"width":320,"height":240,"monotonicNs":231278863182303}
{"event":"request","sequence":326,"controlSequence":90,"rootCommits":23,"childCommits":33,"serial":221,"width":320,"height":240,"monotonicNs":231278913554661,"command":"modal-create"}
{"event":"server-barrier","sequence":327,"controlSequence":90,"rootCommits":23,"childCommits":33,"serial":221,"width":320,"height":240,"monotonicNs":231278913860090,"command":"modal-create","barrierControl":90}
{"event":"buffercommit","sequence":328,"controlSequence":90,"rootCommits":23,"childCommits":33,"serial":221,"width":320,"height":240,"monotonicNs":231278913916286}
{"event":"modal-buffercommit","sequence":329,"controlSequence":90,"rootCommits":23,"childCommits":33,"serial":221,"width":320,"height":240,"monotonicNs":231278913927661,"modalCommits":7,"modalSerial":222,"modalColor":4294902015,"modalSize":[96,64]}
{"event":"modal-configured","sequence":330,"controlSequence":90,"rootCommits":23,"childCommits":33,"serial":221,"width":320,"height":240,"monotonicNs":231278913930211,"modalSerial":222,"modalCommits":7}
{"event":"buffer-release","sequence":331,"controlSequence":90,"rootCommits":23,"childCommits":33,"serial":221,"width":320,"height":240,"monotonicNs":231278914449430}
{"event":"modal-configured","sequence":332,"controlSequence":90,"rootCommits":23,"childCommits":33,"serial":221,"width":320,"height":240,"monotonicNs":231278914469722,"modalSerial":223,"modalCommits":7}
{"event":"modal-destroyed","sequence":333,"controlSequence":91,"rootCommits":23,"childCommits":33,"serial":221,"width":320,"height":240,"monotonicNs":231278965774956}
{"event":"request","sequence":334,"controlSequence":91,"rootCommits":23,"childCommits":33,"serial":221,"width":320,"height":240,"monotonicNs":231278965788978,"command":"modal-destroy"}
{"event":"server-barrier","sequence":335,"controlSequence":91,"rootCommits":23,"childCommits":33,"serial":221,"width":320,"height":240,"monotonicNs":231278966411296,"command":"modal-destroy","barrierControl":91}
{"event":"ack-configure","sequence":336,"controlSequence":91,"rootCommits":23,"childCommits":33,"serial":227,"width":320,"height":240,"monotonicNs":231278966424660}
{"event":"request","sequence":337,"controlSequence":92,"rootCommits":23,"childCommits":33,"serial":227,"width":320,"height":240,"monotonicNs":231279016620135,"command":"modal-create"}
{"event":"server-barrier","sequence":338,"controlSequence":92,"rootCommits":23,"childCommits":33,"serial":227,"width":320,"height":240,"monotonicNs":231279016941796,"command":"modal-create","barrierControl":92}
{"event":"buffercommit","sequence":339,"controlSequence":92,"rootCommits":23,"childCommits":33,"serial":227,"width":320,"height":240,"monotonicNs":231279017007868}
{"event":"modal-buffercommit","sequence":340,"controlSequence":92,"rootCommits":23,"childCommits":33,"serial":227,"width":320,"height":240,"monotonicNs":231279017012962,"modalCommits":9,"modalSerial":228,"modalColor":4294902015,"modalSize":[96,64]}
{"event":"modal-configured","sequence":341,"controlSequence":92,"rootCommits":23,"childCommits":33,"serial":227,"width":320,"height":240,"monotonicNs":231279017016933,"modalSerial":228,"modalCommits":9}
{"event":"buffer-release","sequence":342,"controlSequence":92,"rootCommits":23,"childCommits":33,"serial":227,"width":320,"height":240,"monotonicNs":231279017586411}
{"event":"modal-configured","sequence":343,"controlSequence":92,"rootCommits":23,"childCommits":33,"serial":227,"width":320,"height":240,"monotonicNs":231279017609407,"modalSerial":229,"modalCommits":9}
{"event":"request","sequence":344,"controlSequence":93,"rootCommits":23,"childCommits":33,"serial":227,"width":320,"height":240,"monotonicNs":231279069057406,"command":"modal-unset"}
{"event":"server-barrier","sequence":345,"controlSequence":93,"rootCommits":23,"childCommits":33,"serial":227,"width":320,"height":240,"monotonicNs":231279069413596,"command":"modal-unset","barrierControl":93}
{"event":"request","sequence":346,"controlSequence":94,"rootCommits":23,"childCommits":33,"serial":227,"width":320,"height":240,"monotonicNs":231279119697304,"command":"modal-set"}
{"event":"server-barrier","sequence":347,"controlSequence":94,"rootCommits":23,"childCommits":33,"serial":227,"width":320,"height":240,"monotonicNs":231279119812644,"command":"modal-set","barrierControl":94}
{"event":"modal-destroyed","sequence":348,"controlSequence":95,"rootCommits":23,"childCommits":33,"serial":227,"width":320,"height":240,"monotonicNs":231279145051039}
{"event":"request","sequence":349,"controlSequence":95,"rootCommits":23,"childCommits":33,"serial":227,"width":320,"height":240,"monotonicNs":231279145064182,"command":"modal-destroy"}
{"event":"server-barrier","sequence":350,"controlSequence":95,"rootCommits":23,"childCommits":33,"serial":227,"width":320,"height":240,"monotonicNs":231279145504429,"command":"modal-destroy","barrierControl":95}
{"event":"ack-configure","sequence":351,"controlSequence":95,"rootCommits":23,"childCommits":33,"serial":233,"width":320,"height":240,"monotonicNs":231279145523247}
{"event":"request","sequence":352,"controlSequence":96,"rootCommits":23,"childCommits":33,"serial":233,"width":320,"height":240,"monotonicNs":231279195783733,"command":"modal-create"}
{"event":"server-barrier","sequence":353,"controlSequence":96,"rootCommits":23,"childCommits":33,"serial":233,"width":320,"height":240,"monotonicNs":231279195942949,"command":"modal-create","barrierControl":96}
{"event":"buffercommit","sequence":354,"controlSequence":96,"rootCommits":23,"childCommits":33,"serial":233,"width":320,"height":240,"monotonicNs":231279195985319}
{"event":"modal-buffercommit","sequence":355,"controlSequence":96,"rootCommits":23,"childCommits":33,"serial":233,"width":320,"height":240,"monotonicNs":231279195989272,"modalCommits":11,"modalSerial":234,"modalColor":4294902015,"modalSize":[96,64]}
{"event":"modal-configured","sequence":356,"controlSequence":96,"rootCommits":23,"childCommits":33,"serial":233,"width":320,"height":240,"monotonicNs":231279195991270,"modalSerial":234,"modalCommits":11}
{"event":"buffer-release","sequence":357,"controlSequence":96,"rootCommits":23,"childCommits":33,"serial":233,"width":320,"height":240,"monotonicNs":231279196493343}
{"event":"modal-configured","sequence":358,"controlSequence":96,"rootCommits":23,"childCommits":33,"serial":233,"width":320,"height":240,"monotonicNs":231279196512283,"modalSerial":235,"modalCommits":11}
{"event":"request","sequence":359,"controlSequence":97,"rootCommits":23,"childCommits":33,"serial":233,"width":320,"height":240,"monotonicNs":231279247265284,"command":"modal-unparent"}
{"event":"server-barrier","sequence":360,"controlSequence":97,"rootCommits":23,"childCommits":33,"serial":233,"width":320,"height":240,"monotonicNs":231279247526147,"command":"modal-unparent","barrierControl":97}
{"event":"request","sequence":361,"controlSequence":98,"rootCommits":23,"childCommits":33,"serial":233,"width":320,"height":240,"monotonicNs":231279297837156,"command":"modal-reparent"}
{"event":"server-barrier","sequence":362,"controlSequence":98,"rootCommits":23,"childCommits":33,"serial":233,"width":320,"height":240,"monotonicNs":231279297917387,"command":"modal-reparent","barrierControl":98}
{"event":"modal-destroyed","sequence":363,"controlSequence":99,"rootCommits":23,"childCommits":33,"serial":233,"width":320,"height":240,"monotonicNs":231279348338369}
{"event":"request","sequence":364,"controlSequence":99,"rootCommits":23,"childCommits":33,"serial":233,"width":320,"height":240,"monotonicNs":231279348359617,"command":"modal-destroy"}
{"event":"server-barrier","sequence":365,"controlSequence":99,"rootCommits":23,"childCommits":33,"serial":233,"width":320,"height":240,"monotonicNs":231279348927906,"command":"modal-destroy","barrierControl":99}
{"event":"ack-configure","sequence":366,"controlSequence":99,"rootCommits":23,"childCommits":33,"serial":239,"width":320,"height":240,"monotonicNs":231279348940565}
{"event":"request","sequence":367,"controlSequence":100,"rootCommits":23,"childCommits":33,"serial":239,"width":320,"height":240,"monotonicNs":231279399258861,"command":"modal-create"}
{"event":"server-barrier","sequence":368,"controlSequence":100,"rootCommits":23,"childCommits":33,"serial":239,"width":320,"height":240,"monotonicNs":231279399523625,"command":"modal-create","barrierControl":100}
{"event":"buffercommit","sequence":369,"controlSequence":100,"rootCommits":23,"childCommits":33,"serial":239,"width":320,"height":240,"monotonicNs":231279399583615}
{"event":"modal-buffercommit","sequence":370,"controlSequence":100,"rootCommits":23,"childCommits":33,"serial":239,"width":320,"height":240,"monotonicNs":231279399588534,"modalCommits":13,"modalSerial":240,"modalColor":4294902015,"modalSize":[96,64]}
{"event":"modal-configured","sequence":371,"controlSequence":100,"rootCommits":23,"childCommits":33,"serial":239,"width":320,"height":240,"monotonicNs":231279399597305,"modalSerial":240,"modalCommits":13}
{"event":"buffer-release","sequence":372,"controlSequence":100,"rootCommits":23,"childCommits":33,"serial":239,"width":320,"height":240,"monotonicNs":231279400300967}
{"event":"modal-configured","sequence":373,"controlSequence":100,"rootCommits":23,"childCommits":33,"serial":239,"width":320,"height":240,"monotonicNs":231279400327239,"modalSerial":241,"modalCommits":13}
{"event":"buffercommit","sequence":374,"controlSequence":101,"rootCommits":23,"childCommits":33,"serial":239,"width":320,"height":240,"monotonicNs":231279426440093}
{"event":"modal-buffercommit","sequence":375,"controlSequence":101,"rootCommits":23,"childCommits":33,"serial":239,"width":320,"height":240,"monotonicNs":231279426455662,"modalCommits":14,"modalSerial":241,"modalColor":4294967040,"modalSize":[96,64]}
{"event":"request","sequence":376,"controlSequence":101,"rootCommits":23,"childCommits":33,"serial":239,"width":320,"height":240,"monotonicNs":231279426459162,"command":"modal-yellow"}
{"event":"buffer-release","sequence":377,"controlSequence":101,"rootCommits":23,"childCommits":33,"serial":239,"width":320,"height":240,"monotonicNs":231279426769084}
{"event":"server-barrier","sequence":378,"controlSequence":101,"rootCommits":23,"childCommits":33,"serial":239,"width":320,"height":240,"monotonicNs":231279426790824,"command":"modal-yellow","barrierControl":101}
{"event":"modal-destroyed","sequence":379,"controlSequence":102,"rootCommits":23,"childCommits":33,"serial":239,"width":320,"height":240,"monotonicNs":231279478187092}
{"event":"request","sequence":380,"controlSequence":102,"rootCommits":23,"childCommits":33,"serial":239,"width":320,"height":240,"monotonicNs":231279478209881,"command":"modal-destroy"}
{"event":"server-barrier","sequence":381,"controlSequence":102,"rootCommits":23,"childCommits":33,"serial":239,"width":320,"height":240,"monotonicNs":231279478778419,"command":"modal-destroy","barrierControl":102}
{"event":"ack-configure","sequence":382,"controlSequence":102,"rootCommits":23,"childCommits":33,"serial":245,"width":320,"height":240,"monotonicNs":231279478790095}
{"event":"request","sequence":383,"controlSequence":103,"rootCommits":23,"childCommits":33,"serial":245,"width":320,"height":240,"monotonicNs":231279529122733,"command":"modal-create"}
{"event":"server-barrier","sequence":384,"controlSequence":103,"rootCommits":23,"childCommits":33,"serial":245,"width":320,"height":240,"monotonicNs":231279529326447,"command":"modal-create","barrierControl":103}
{"event":"buffercommit","sequence":385,"controlSequence":103,"rootCommits":23,"childCommits":33,"serial":245,"width":320,"height":240,"monotonicNs":231279529377483}
{"event":"modal-buffercommit","sequence":386,"controlSequence":103,"rootCommits":23,"childCommits":33,"serial":245,"width":320,"height":240,"monotonicNs":231279529381806,"modalCommits":16,"modalSerial":246,"modalColor":4294902015,"modalSize":[96,64]}
{"event":"modal-configured","sequence":387,"controlSequence":103,"rootCommits":23,"childCommits":33,"serial":245,"width":320,"height":240,"monotonicNs":231279529385206,"modalSerial":246,"modalCommits":16}
{"event":"buffer-release","sequence":388,"controlSequence":103,"rootCommits":23,"childCommits":33,"serial":245,"width":320,"height":240,"monotonicNs":231279529829543}
{"event":"modal-configured","sequence":389,"controlSequence":103,"rootCommits":23,"childCommits":33,"serial":245,"width":320,"height":240,"monotonicNs":231279529842050,"modalSerial":247,"modalCommits":16}
{"event":"modal-destroyed","sequence":390,"controlSequence":104,"rootCommits":23,"childCommits":33,"serial":245,"width":320,"height":240,"monotonicNs":231279580938709}
{"event":"request","sequence":391,"controlSequence":104,"rootCommits":23,"childCommits":33,"serial":245,"width":320,"height":240,"monotonicNs":231279580957178,"command":"modal-destroy"}
{"event":"server-barrier","sequence":392,"controlSequence":104,"rootCommits":23,"childCommits":33,"serial":245,"width":320,"height":240,"monotonicNs":231279581362591,"command":"modal-destroy","barrierControl":104}
{"event":"ack-configure","sequence":393,"controlSequence":104,"rootCommits":23,"childCommits":33,"serial":251,"width":320,"height":240,"monotonicNs":231279581377459}
{"event":"request","sequence":394,"controlSequence":105,"rootCommits":23,"childCommits":33,"serial":251,"width":320,"height":240,"monotonicNs":231279631548948,"command":"modal-create"}
{"event":"server-barrier","sequence":395,"controlSequence":105,"rootCommits":23,"childCommits":33,"serial":251,"width":320,"height":240,"monotonicNs":231279631849090,"command":"modal-create","barrierControl":105}
{"event":"buffercommit","sequence":396,"controlSequence":105,"rootCommits":23,"childCommits":33,"serial":251,"width":320,"height":240,"monotonicNs":231279631903577}
{"event":"modal-buffercommit","sequence":397,"controlSequence":105,"rootCommits":23,"childCommits":33,"serial":251,"width":320,"height":240,"monotonicNs":231279631907647,"modalCommits":18,"modalSerial":252,"modalColor":4294902015,"modalSize":[96,64]}
{"event":"modal-configured","sequence":398,"controlSequence":105,"rootCommits":23,"childCommits":33,"serial":251,"width":320,"height":240,"monotonicNs":231279631909785,"modalSerial":252,"modalCommits":18}
{"event":"buffer-release","sequence":399,"controlSequence":105,"rootCommits":23,"childCommits":33,"serial":251,"width":320,"height":240,"monotonicNs":231279632378556}
{"event":"modal-configured","sequence":400,"controlSequence":105,"rootCommits":23,"childCommits":33,"serial":251,"width":320,"height":240,"monotonicNs":231279632437377,"modalSerial":253,"modalCommits":18}
{"event":"modal-destroyed","sequence":401,"controlSequence":106,"rootCommits":23,"childCommits":33,"serial":251,"width":320,"height":240,"monotonicNs":231279667783306}
{"event":"request","sequence":402,"controlSequence":106,"rootCommits":23,"childCommits":33,"serial":251,"width":320,"height":240,"monotonicNs":231279667797565,"command":"modal-destroy"}
{"event":"server-barrier","sequence":403,"controlSequence":106,"rootCommits":23,"childCommits":33,"serial":251,"width":320,"height":240,"monotonicNs":231279668241741,"command":"modal-destroy","barrierControl":106}
{"event":"ack-configure","sequence":404,"controlSequence":106,"rootCommits":23,"childCommits":33,"serial":257,"width":320,"height":240,"monotonicNs":231279668252423}
{"event":"request","sequence":405,"controlSequence":107,"rootCommits":23,"childCommits":33,"serial":257,"width":320,"height":240,"monotonicNs":231279768824945,"command":"modal-create"}
{"event":"server-barrier","sequence":406,"controlSequence":107,"rootCommits":23,"childCommits":33,"serial":257,"width":320,"height":240,"monotonicNs":231279769027791,"command":"modal-create","barrierControl":107}
{"event":"buffercommit","sequence":407,"controlSequence":107,"rootCommits":23,"childCommits":33,"serial":257,"width":320,"height":240,"monotonicNs":231279769064179}
{"event":"modal-buffercommit","sequence":408,"controlSequence":107,"rootCommits":23,"childCommits":33,"serial":257,"width":320,"height":240,"monotonicNs":231279769068294,"modalCommits":20,"modalSerial":258,"modalColor":4294902015,"modalSize":[96,64]}
{"event":"modal-configured","sequence":409,"controlSequence":107,"rootCommits":23,"childCommits":33,"serial":257,"width":320,"height":240,"monotonicNs":231279769071091,"modalSerial":258,"modalCommits":20}
{"event":"buffer-release","sequence":410,"controlSequence":107,"rootCommits":23,"childCommits":33,"serial":257,"width":320,"height":240,"monotonicNs":231279769453837}
{"event":"modal-configured","sequence":411,"controlSequence":107,"rootCommits":23,"childCommits":33,"serial":257,"width":320,"height":240,"monotonicNs":231279769462664,"modalSerial":259,"modalCommits":20}
{"event":"buffercommit","sequence":412,"controlSequence":108,"rootCommits":23,"childCommits":33,"serial":257,"width":320,"height":240,"monotonicNs":231279895864129}
{"event":"modal-buffercommit","sequence":413,"controlSequence":108,"rootCommits":23,"childCommits":33,"serial":257,"width":320,"height":240,"monotonicNs":231279895887928,"modalCommits":21,"modalSerial":259,"modalColor":4294967040,"modalSize":[96,64]}
{"event":"request","sequence":414,"controlSequence":108,"rootCommits":23,"childCommits":33,"serial":257,"width":320,"height":240,"monotonicNs":231279895899554,"command":"modal-yellow"}
{"event":"buffer-release","sequence":415,"controlSequence":108,"rootCommits":23,"childCommits":33,"serial":257,"width":320,"height":240,"monotonicNs":231279896240305}
{"event":"server-barrier","sequence":416,"controlSequence":108,"rootCommits":23,"childCommits":33,"serial":257,"width":320,"height":240,"monotonicNs":231279896258026,"command":"modal-yellow","barrierControl":108}
{"event":"request","sequence":417,"controlSequence":109,"rootCommits":23,"childCommits":33,"serial":257,"width":320,"height":240,"monotonicNs":231280022410250,"command":"popup-create"}
{"event":"server-barrier","sequence":418,"controlSequence":109,"rootCommits":23,"childCommits":33,"serial":257,"width":320,"height":240,"monotonicNs":231280022657733,"command":"popup-create","barrierControl":109}
{"event":"buffercommit","sequence":419,"controlSequence":109,"rootCommits":23,"childCommits":33,"serial":257,"width":320,"height":240,"monotonicNs":231280022703516}
{"event":"popup-buffercommit","sequence":420,"controlSequence":109,"rootCommits":23,"childCommits":33,"serial":257,"width":320,"height":240,"monotonicNs":231280022707755,"popupCommits":19,"popupSerial":261,"popupColor":4278255615}
{"event":"popup-configured","sequence":421,"controlSequence":109,"rootCommits":23,"childCommits":33,"serial":257,"width":320,"height":240,"monotonicNs":231280022709924,"popupSerial":261,"popupCommits":19,"popupGeometry":[291,211,64,48]}
{"event":"buffer-release","sequence":422,"controlSequence":109,"rootCommits":23,"childCommits":33,"serial":257,"width":320,"height":240,"monotonicNs":231280023006984}
{"event":"popup-destroyed","sequence":423,"controlSequence":110,"rootCommits":23,"childCommits":33,"serial":257,"width":320,"height":240,"monotonicNs":231280124134095}
{"event":"request","sequence":424,"controlSequence":110,"rootCommits":23,"childCommits":33,"serial":257,"width":320,"height":240,"monotonicNs":231280124149725,"command":"popup-destroy"}
{"event":"server-barrier","sequence":425,"controlSequence":110,"rootCommits":23,"childCommits":33,"serial":257,"width":320,"height":240,"monotonicNs":231280124669602,"command":"popup-destroy","barrierControl":110}
{"event":"request","sequence":426,"controlSequence":111,"rootCommits":23,"childCommits":33,"serial":257,"width":320,"height":240,"monotonicNs":231280149745962,"command":"modal-unparent"}
{"event":"server-barrier","sequence":427,"controlSequence":111,"rootCommits":23,"childCommits":33,"serial":257,"width":320,"height":240,"monotonicNs":231280149785522,"command":"modal-unparent","barrierControl":111}
{"event":"request","sequence":428,"controlSequence":112,"rootCommits":23,"childCommits":33,"serial":257,"width":320,"height":240,"monotonicNs":231280250174759,"command":"modal-reparent"}
{"event":"server-barrier","sequence":429,"controlSequence":112,"rootCommits":23,"childCommits":33,"serial":257,"width":320,"height":240,"monotonicNs":231280250316228,"command":"modal-reparent","barrierControl":112}
{"event":"modal-destroyed","sequence":430,"controlSequence":113,"rootCommits":23,"childCommits":33,"serial":257,"width":320,"height":240,"monotonicNs":231280350978831}
{"event":"request","sequence":431,"controlSequence":113,"rootCommits":23,"childCommits":33,"serial":257,"width":320,"height":240,"monotonicNs":231280350990624,"command":"modal-destroy"}
{"event":"server-barrier","sequence":432,"controlSequence":113,"rootCommits":23,"childCommits":33,"serial":257,"width":320,"height":240,"monotonicNs":231280351446886,"command":"modal-destroy","barrierControl":113}
{"event":"ack-configure","sequence":433,"controlSequence":113,"rootCommits":23,"childCommits":33,"serial":264,"width":320,"height":240,"monotonicNs":231280351455013}
{"event":"request","sequence":434,"controlSequence":114,"rootCommits":23,"childCommits":33,"serial":264,"width":320,"height":240,"monotonicNs":231280452043905,"command":"modal-create"}
{"event":"server-barrier","sequence":435,"controlSequence":114,"rootCommits":23,"childCommits":33,"serial":264,"width":320,"height":240,"monotonicNs":231280452264227,"command":"modal-create","barrierControl":114}
{"event":"buffercommit","sequence":436,"controlSequence":114,"rootCommits":23,"childCommits":33,"serial":264,"width":320,"height":240,"monotonicNs":231280452303125}
{"event":"modal-buffercommit","sequence":437,"controlSequence":114,"rootCommits":23,"childCommits":33,"serial":264,"width":320,"height":240,"monotonicNs":231280452306236,"modalCommits":23,"modalSerial":265,"modalColor":4294902015,"modalSize":[96,64]}
{"event":"modal-configured","sequence":438,"controlSequence":114,"rootCommits":23,"childCommits":33,"serial":264,"width":320,"height":240,"monotonicNs":231280452308225,"modalSerial":265,"modalCommits":23}
{"event":"buffer-release","sequence":439,"controlSequence":114,"rootCommits":23,"childCommits":33,"serial":264,"width":320,"height":240,"monotonicNs":231280452751020}
{"event":"modal-configured","sequence":440,"controlSequence":114,"rootCommits":23,"childCommits":33,"serial":264,"width":320,"height":240,"monotonicNs":231280452766430,"modalSerial":266,"modalCommits":23}
{"event":"buffercommit","sequence":441,"controlSequence":115,"rootCommits":23,"childCommits":33,"serial":264,"width":320,"height":240,"monotonicNs":231280503498291}
{"event":"modal-buffercommit","sequence":442,"controlSequence":115,"rootCommits":23,"childCommits":33,"serial":264,"width":320,"height":240,"monotonicNs":231280503508847,"modalCommits":24,"modalSerial":266,"modalColor":4294967040,"modalSize":[96,64]}
{"event":"request","sequence":443,"controlSequence":115,"rootCommits":23,"childCommits":33,"serial":264,"width":320,"height":240,"monotonicNs":231280503511419,"command":"modal-yellow"}
{"event":"buffer-release","sequence":444,"controlSequence":115,"rootCommits":23,"childCommits":33,"serial":264,"width":320,"height":240,"monotonicNs":231280503716385}
{"event":"server-barrier","sequence":445,"controlSequence":115,"rootCommits":23,"childCommits":33,"serial":264,"width":320,"height":240,"monotonicNs":231280503731065,"command":"modal-yellow","barrierControl":115}
{"event":"request","sequence":446,"controlSequence":116,"rootCommits":23,"childCommits":33,"serial":264,"width":320,"height":240,"monotonicNs":231280554685236,"command":"popup-create"}
{"event":"server-barrier","sequence":447,"controlSequence":116,"rootCommits":23,"childCommits":33,"serial":264,"width":320,"height":240,"monotonicNs":231280554800586,"command":"popup-create","barrierControl":116}
{"event":"buffercommit","sequence":448,"controlSequence":116,"rootCommits":23,"childCommits":33,"serial":264,"width":320,"height":240,"monotonicNs":231280554840837}
{"event":"popup-buffercommit","sequence":449,"controlSequence":116,"rootCommits":23,"childCommits":33,"serial":264,"width":320,"height":240,"monotonicNs":231280554844340,"popupCommits":21,"popupSerial":268,"popupColor":4278255615}
{"event":"popup-configured","sequence":450,"controlSequence":116,"rootCommits":23,"childCommits":33,"serial":264,"width":320,"height":240,"monotonicNs":231280554846528,"popupSerial":268,"popupCommits":21,"popupGeometry":[291,211,64,48]}
{"event":"buffer-release","sequence":451,"controlSequence":116,"rootCommits":23,"childCommits":33,"serial":264,"width":320,"height":240,"monotonicNs":231280555179945}
{"event":"popup-destroyed","sequence":452,"controlSequence":117,"rootCommits":23,"childCommits":33,"serial":264,"width":320,"height":240,"monotonicNs":231280606172062}
{"event":"request","sequence":453,"controlSequence":117,"rootCommits":23,"childCommits":33,"serial":264,"width":320,"height":240,"monotonicNs":231280606182885,"command":"popup-destroy"}
{"event":"server-barrier","sequence":454,"controlSequence":117,"rootCommits":23,"childCommits":33,"serial":264,"width":320,"height":240,"monotonicNs":231280606480227,"command":"popup-destroy","barrierControl":117}
{"event":"modal-destroyed","sequence":455,"controlSequence":118,"rootCommits":23,"childCommits":33,"serial":264,"width":320,"height":240,"monotonicNs":231280706868052}
{"event":"request","sequence":456,"controlSequence":118,"rootCommits":23,"childCommits":33,"serial":264,"width":320,"height":240,"monotonicNs":231280706905073,"command":"modal-destroy"}
{"event":"server-barrier","sequence":457,"controlSequence":118,"rootCommits":23,"childCommits":33,"serial":264,"width":320,"height":240,"monotonicNs":231280707273342,"command":"modal-destroy","barrierControl":118}
{"event":"ack-configure","sequence":458,"controlSequence":118,"rootCommits":23,"childCommits":33,"serial":271,"width":320,"height":240,"monotonicNs":231280707283208}
{"event":"ack-configure","sequence":459,"controlSequence":118,"rootCommits":23,"childCommits":33,"serial":273,"width":320,"height":240,"monotonicNs":231280745639628}
{"event":"ack-configure","sequence":460,"controlSequence":118,"rootCommits":23,"childCommits":33,"serial":274,"width":320,"height":240,"monotonicNs":231280754105384}
{"event":"ack-configure","sequence":461,"controlSequence":118,"rootCommits":23,"childCommits":33,"serial":281,"width":320,"height":240,"monotonicNs":231280819253723}
{"event":"ack-configure","sequence":462,"controlSequence":118,"rootCommits":23,"childCommits":33,"serial":282,"width":320,"height":240,"monotonicNs":231280831816873}
{"event":"request","sequence":463,"controlSequence":119,"rootCommits":23,"childCommits":33,"serial":282,"width":320,"height":240,"monotonicNs":231281032839197,"command":"modal-create"}
{"event":"server-barrier","sequence":464,"controlSequence":119,"rootCommits":23,"childCommits":33,"serial":282,"width":320,"height":240,"monotonicNs":231281033141408,"command":"modal-create","barrierControl":119}
{"event":"buffercommit","sequence":465,"controlSequence":119,"rootCommits":23,"childCommits":33,"serial":282,"width":320,"height":240,"monotonicNs":231281033177389}
{"event":"modal-buffercommit","sequence":466,"controlSequence":119,"rootCommits":23,"childCommits":33,"serial":282,"width":320,"height":240,"monotonicNs":231281033180660,"modalCommits":26,"modalSerial":286,"modalColor":4294902015,"modalSize":[96,64]}
{"event":"modal-configured","sequence":467,"controlSequence":119,"rootCommits":23,"childCommits":33,"serial":282,"width":320,"height":240,"monotonicNs":231281033182361,"modalSerial":286,"modalCommits":26}
{"event":"buffer-release","sequence":468,"controlSequence":119,"rootCommits":23,"childCommits":33,"serial":282,"width":320,"height":240,"monotonicNs":231281033651972}
{"event":"modal-configured","sequence":469,"controlSequence":119,"rootCommits":23,"childCommits":33,"serial":282,"width":320,"height":240,"monotonicNs":231281033760138,"modalSerial":287,"modalCommits":26}
{"event":"buffercommit","sequence":470,"controlSequence":120,"rootCommits":23,"childCommits":33,"serial":282,"width":320,"height":240,"monotonicNs":231281058954981}
{"event":"modal-buffercommit","sequence":471,"controlSequence":120,"rootCommits":23,"childCommits":33,"serial":282,"width":320,"height":240,"monotonicNs":231281058964345,"modalCommits":27,"modalSerial":287,"modalColor":4294967040,"modalSize":[96,64]}
{"event":"request","sequence":472,"controlSequence":120,"rootCommits":23,"childCommits":33,"serial":282,"width":320,"height":240,"monotonicNs":231281058966955,"command":"modal-yellow"}
{"event":"buffer-release","sequence":473,"controlSequence":120,"rootCommits":23,"childCommits":33,"serial":282,"width":320,"height":240,"monotonicNs":231281059120350}
{"event":"server-barrier","sequence":474,"controlSequence":120,"rootCommits":23,"childCommits":33,"serial":282,"width":320,"height":240,"monotonicNs":231281059134157,"command":"modal-yellow","barrierControl":120}
{"event":"request","sequence":475,"controlSequence":121,"rootCommits":23,"childCommits":33,"serial":282,"width":320,"height":240,"monotonicNs":231281109426865,"command":"popup-create"}
{"event":"server-barrier","sequence":476,"controlSequence":121,"rootCommits":23,"childCommits":33,"serial":282,"width":320,"height":240,"monotonicNs":231281109554102,"command":"popup-create","barrierControl":121}
{"event":"buffercommit","sequence":477,"controlSequence":121,"rootCommits":23,"childCommits":33,"serial":282,"width":320,"height":240,"monotonicNs":231281109590783}
{"event":"popup-buffercommit","sequence":478,"controlSequence":121,"rootCommits":23,"childCommits":33,"serial":282,"width":320,"height":240,"monotonicNs":231281109598785,"popupCommits":23,"popupSerial":291,"popupColor":4278255615}
{"event":"popup-configured","sequence":479,"controlSequence":121,"rootCommits":23,"childCommits":33,"serial":282,"width":320,"height":240,"monotonicNs":231281109601165,"popupSerial":291,"popupCommits":23,"popupGeometry":[291,211,64,48]}
{"event":"buffer-release","sequence":480,"controlSequence":121,"rootCommits":23,"childCommits":33,"serial":282,"width":320,"height":240,"monotonicNs":231281109984957}
{"event":"popup-destroyed","sequence":481,"controlSequence":122,"rootCommits":23,"childCommits":33,"serial":282,"width":320,"height":240,"monotonicNs":231281218039058}
{"event":"request","sequence":482,"controlSequence":122,"rootCommits":23,"childCommits":33,"serial":282,"width":320,"height":240,"monotonicNs":231281218050197,"command":"popup-destroy"}
{"event":"server-barrier","sequence":483,"controlSequence":122,"rootCommits":23,"childCommits":33,"serial":282,"width":320,"height":240,"monotonicNs":231281218308162,"command":"popup-destroy","barrierControl":122}
{"event":"modal-destroyed","sequence":484,"controlSequence":123,"rootCommits":23,"childCommits":33,"serial":282,"width":320,"height":240,"monotonicNs":231281243492374}
{"event":"request","sequence":485,"controlSequence":123,"rootCommits":23,"childCommits":33,"serial":282,"width":320,"height":240,"monotonicNs":231281243501572,"command":"modal-destroy"}
{"event":"server-barrier","sequence":486,"controlSequence":123,"rootCommits":23,"childCommits":33,"serial":282,"width":320,"height":240,"monotonicNs":231281243856198,"command":"modal-destroy","barrierControl":123}
{"event":"ack-configure","sequence":487,"controlSequence":123,"rootCommits":23,"childCommits":33,"serial":297,"width":320,"height":240,"monotonicNs":231281243864930}
{"event":"ack-configure","sequence":488,"controlSequence":123,"rootCommits":23,"childCommits":33,"serial":301,"width":320,"height":240,"monotonicNs":231281285466374}
{"event":"request","sequence":489,"controlSequence":124,"rootCommits":23,"childCommits":33,"serial":301,"width":320,"height":240,"monotonicNs":231281310656089,"command":"modal-create"}
{"event":"server-barrier","sequence":490,"controlSequence":124,"rootCommits":23,"childCommits":33,"serial":301,"width":320,"height":240,"monotonicNs":231281310765070,"command":"modal-create","barrierControl":124}
{"event":"buffercommit","sequence":491,"controlSequence":124,"rootCommits":23,"childCommits":33,"serial":301,"width":320,"height":240,"monotonicNs":231281310802770}
{"event":"modal-buffercommit","sequence":492,"controlSequence":124,"rootCommits":23,"childCommits":33,"serial":301,"width":320,"height":240,"monotonicNs":231281310805585,"modalCommits":29,"modalSerial":302,"modalColor":4294902015,"modalSize":[96,64]}
{"event":"modal-configured","sequence":493,"controlSequence":124,"rootCommits":23,"childCommits":33,"serial":301,"width":320,"height":240,"monotonicNs":231281310807579,"modalSerial":302,"modalCommits":29}
{"event":"buffer-release","sequence":494,"controlSequence":124,"rootCommits":23,"childCommits":33,"serial":301,"width":320,"height":240,"monotonicNs":231281311193397}
{"event":"modal-configured","sequence":495,"controlSequence":124,"rootCommits":23,"childCommits":33,"serial":301,"width":320,"height":240,"monotonicNs":231281311206984,"modalSerial":303,"modalCommits":29}
{"event":"ack-configure","sequence":496,"controlSequence":124,"rootCommits":23,"childCommits":33,"serial":304,"width":320,"height":240,"monotonicNs":231281311210177}
{"event":"buffercommit","sequence":497,"controlSequence":125,"rootCommits":23,"childCommits":33,"serial":304,"width":320,"height":240,"monotonicNs":231281336526232}
{"event":"modal-buffercommit","sequence":498,"controlSequence":125,"rootCommits":23,"childCommits":33,"serial":304,"width":320,"height":240,"monotonicNs":231281336537603,"modalCommits":30,"modalSerial":303,"modalColor":4294967040,"modalSize":[96,64]}
{"event":"request","sequence":499,"controlSequence":125,"rootCommits":23,"childCommits":33,"serial":304,"width":320,"height":240,"monotonicNs":231281336545777,"command":"modal-yellow"}
{"event":"buffer-release","sequence":500,"controlSequence":125,"rootCommits":23,"childCommits":33,"serial":304,"width":320,"height":240,"monotonicNs":231281336740049}
{"event":"server-barrier","sequence":501,"controlSequence":125,"rootCommits":23,"childCommits":33,"serial":304,"width":320,"height":240,"monotonicNs":231281336753287,"command":"modal-yellow","barrierControl":125}
{"event":"request","sequence":502,"controlSequence":126,"rootCommits":23,"childCommits":33,"serial":304,"width":320,"height":240,"monotonicNs":231281387719479,"command":"popup-create"}
{"event":"server-barrier","sequence":503,"controlSequence":126,"rootCommits":23,"childCommits":33,"serial":304,"width":320,"height":240,"monotonicNs":231281387900820,"command":"popup-create","barrierControl":126}
{"event":"buffercommit","sequence":504,"controlSequence":126,"rootCommits":23,"childCommits":33,"serial":304,"width":320,"height":240,"monotonicNs":231281387933246}
{"event":"popup-buffercommit","sequence":505,"controlSequence":126,"rootCommits":23,"childCommits":33,"serial":304,"width":320,"height":240,"monotonicNs":231281387936577,"popupCommits":25,"popupSerial":305,"popupColor":4278255615}
{"event":"popup-configured","sequence":506,"controlSequence":126,"rootCommits":23,"childCommits":33,"serial":304,"width":320,"height":240,"monotonicNs":231281387938899,"popupSerial":305,"popupCommits":25,"popupGeometry":[291,211,64,48]}
{"event":"buffer-release","sequence":507,"controlSequence":126,"rootCommits":23,"childCommits":33,"serial":304,"width":320,"height":240,"monotonicNs":231281388163450}
{"event":"modal-configured","sequence":508,"controlSequence":126,"rootCommits":23,"childCommits":33,"serial":304,"width":320,"height":240,"monotonicNs":231287216714230,"modalSerial":319,"modalCommits":30}
{"event":"modal-configured","sequence":509,"controlSequence":126,"rootCommits":23,"childCommits":33,"serial":304,"width":320,"height":240,"monotonicNs":231287228713622,"modalSerial":322,"modalCommits":30}
{"event":"popup-destroyed","sequence":510,"controlSequence":127,"rootCommits":23,"childCommits":33,"serial":304,"width":320,"height":240,"monotonicNs":231287781385564}
{"event":"request","sequence":511,"controlSequence":127,"rootCommits":23,"childCommits":33,"serial":304,"width":320,"height":240,"monotonicNs":231287781396232,"command":"popup-destroy"}
{"event":"server-barrier","sequence":512,"controlSequence":127,"rootCommits":23,"childCommits":33,"serial":304,"width":320,"height":240,"monotonicNs":231287781746581,"command":"popup-destroy","barrierControl":127}
{"event":"modal-destroyed","sequence":513,"controlSequence":128,"rootCommits":23,"childCommits":33,"serial":304,"width":320,"height":240,"monotonicNs":231287832067052}
{"event":"request","sequence":514,"controlSequence":128,"rootCommits":23,"childCommits":33,"serial":304,"width":320,"height":240,"monotonicNs":231287832078472,"command":"modal-destroy"}
{"event":"server-barrier","sequence":515,"controlSequence":128,"rootCommits":23,"childCommits":33,"serial":304,"width":320,"height":240,"monotonicNs":231287832581933,"command":"modal-destroy","barrierControl":128}
{"event":"ack-configure","sequence":516,"controlSequence":128,"rootCommits":23,"childCommits":33,"serial":324,"width":320,"height":240,"monotonicNs":231287832590793}
{"event":"ack-configure","sequence":517,"controlSequence":128,"rootCommits":23,"childCommits":33,"serial":327,"width":320,"height":240,"monotonicNs":231287869918296}
{"event":"request","sequence":518,"controlSequence":129,"rootCommits":23,"childCommits":33,"serial":327,"width":320,"height":240,"monotonicNs":231287895135982,"command":"modal-create"}
{"event":"server-barrier","sequence":519,"controlSequence":129,"rootCommits":23,"childCommits":33,"serial":327,"width":320,"height":240,"monotonicNs":231287895330998,"command":"modal-create","barrierControl":129}
{"event":"buffercommit","sequence":520,"controlSequence":129,"rootCommits":23,"childCommits":33,"serial":327,"width":320,"height":240,"monotonicNs":231287895377291}
{"event":"modal-buffercommit","sequence":521,"controlSequence":129,"rootCommits":23,"childCommits":33,"serial":327,"width":320,"height":240,"monotonicNs":231287895380740,"modalCommits":32,"modalSerial":328,"modalColor":4294902015,"modalSize":[96,64]}
{"event":"modal-configured","sequence":522,"controlSequence":129,"rootCommits":23,"childCommits":33,"serial":327,"width":320,"height":240,"monotonicNs":231287895382435,"modalSerial":328,"modalCommits":32}
{"event":"buffer-release","sequence":523,"controlSequence":129,"rootCommits":23,"childCommits":33,"serial":327,"width":320,"height":240,"monotonicNs":231287895791906}
{"event":"modal-configured","sequence":524,"controlSequence":129,"rootCommits":23,"childCommits":33,"serial":327,"width":320,"height":240,"monotonicNs":231287895935058,"modalSerial":329,"modalCommits":32}
{"event":"ack-configure","sequence":525,"controlSequence":129,"rootCommits":23,"childCommits":33,"serial":330,"width":320,"height":240,"monotonicNs":231287895938191}
{"event":"buffercommit","sequence":526,"controlSequence":130,"rootCommits":23,"childCommits":33,"serial":330,"width":320,"height":240,"monotonicNs":231287921683784}
{"event":"modal-buffercommit","sequence":527,"controlSequence":130,"rootCommits":23,"childCommits":33,"serial":330,"width":320,"height":240,"monotonicNs":231287921693650,"modalCommits":33,"modalSerial":329,"modalColor":4294967040,"modalSize":[96,64]}
{"event":"request","sequence":528,"controlSequence":130,"rootCommits":23,"childCommits":33,"serial":330,"width":320,"height":240,"monotonicNs":231287921696719,"command":"modal-yellow"}
{"event":"buffer-release","sequence":529,"controlSequence":130,"rootCommits":23,"childCommits":33,"serial":330,"width":320,"height":240,"monotonicNs":231287921883441}
{"event":"server-barrier","sequence":530,"controlSequence":130,"rootCommits":23,"childCommits":33,"serial":330,"width":320,"height":240,"monotonicNs":231287921897433,"command":"modal-yellow","barrierControl":130}
{"event":"request","sequence":531,"controlSequence":131,"rootCommits":23,"childCommits":33,"serial":330,"width":320,"height":240,"monotonicNs":231287972763882,"command":"popup-create"}
{"event":"server-barrier","sequence":532,"controlSequence":131,"rootCommits":23,"childCommits":33,"serial":330,"width":320,"height":240,"monotonicNs":231287972995399,"command":"popup-create","barrierControl":131}
{"event":"buffercommit","sequence":533,"controlSequence":131,"rootCommits":23,"childCommits":33,"serial":330,"width":320,"height":240,"monotonicNs":231287973047583}
{"event":"popup-buffercommit","sequence":534,"controlSequence":131,"rootCommits":23,"childCommits":33,"serial":330,"width":320,"height":240,"monotonicNs":231287973051389,"popupCommits":27,"popupSerial":331,"popupColor":4278255615}
{"event":"popup-configured","sequence":535,"controlSequence":131,"rootCommits":23,"childCommits":33,"serial":330,"width":320,"height":240,"monotonicNs":231287973053260,"popupSerial":331,"popupCommits":27,"popupGeometry":[291,211,64,48]}
{"event":"buffer-release","sequence":536,"controlSequence":131,"rootCommits":23,"childCommits":33,"serial":330,"width":320,"height":240,"monotonicNs":231287973449026}
{"event":"modal-configured","sequence":537,"controlSequence":131,"rootCommits":23,"childCommits":33,"serial":330,"width":320,"height":240,"monotonicNs":231288989613529,"modalSerial":346,"modalCommits":33}
{"event":"popup-destroyed","sequence":538,"controlSequence":132,"rootCommits":23,"childCommits":33,"serial":330,"width":320,"height":240,"monotonicNs":231289165611549}
{"event":"request","sequence":539,"controlSequence":132,"rootCommits":23,"childCommits":33,"serial":330,"width":320,"height":240,"monotonicNs":231289165624373,"command":"popup-destroy"}
{"event":"server-barrier","sequence":540,"controlSequence":132,"rootCommits":23,"childCommits":33,"serial":330,"width":320,"height":240,"monotonicNs":231289165919991,"command":"popup-destroy","barrierControl":132}
{"event":"ack-configure","sequence":541,"controlSequence":132,"rootCommits":23,"childCommits":33,"serial":349,"width":320,"height":240,"monotonicNs":231289198606200}
{"event":"modal-configured","sequence":542,"controlSequence":132,"rootCommits":23,"childCommits":33,"serial":349,"width":320,"height":240,"monotonicNs":231289198621371,"modalSerial":350,"modalCommits":33}
{"event":"ack-configure","sequence":543,"controlSequence":132,"rootCommits":23,"childCommits":33,"serial":374,"width":320,"height":240,"monotonicNs":231294416663934}
{"event":"modal-configured","sequence":544,"controlSequence":132,"rootCommits":23,"childCommits":33,"serial":374,"width":320,"height":240,"monotonicNs":231294416690316,"modalSerial":375,"modalCommits":33}
{"event":"modal-destroyed","sequence":545,"controlSequence":133,"rootCommits":23,"childCommits":33,"serial":374,"width":320,"height":240,"monotonicNs":231294441901395}
{"event":"request","sequence":546,"controlSequence":133,"rootCommits":23,"childCommits":33,"serial":374,"width":320,"height":240,"monotonicNs":231294441914327,"command":"modal-destroy"}
{"event":"server-barrier","sequence":547,"controlSequence":133,"rootCommits":23,"childCommits":33,"serial":374,"width":320,"height":240,"monotonicNs":231294442315412,"command":"modal-destroy","barrierControl":133}
{"event":"ack-configure","sequence":548,"controlSequence":133,"rootCommits":23,"childCommits":33,"serial":384,"width":320,"height":240,"monotonicNs":231294442326668}
{"event":"ack-configure","sequence":549,"controlSequence":133,"rootCommits":23,"childCommits":33,"serial":388,"width":320,"height":240,"monotonicNs":231294464278710}
{"event":"ack-configure","sequence":550,"controlSequence":133,"rootCommits":23,"childCommits":33,"serial":391,"width":320,"height":240,"monotonicNs":231294629940458}
{"event":"ack-configure","sequence":551,"controlSequence":133,"rootCommits":23,"childCommits":33,"serial":392,"width":320,"height":240,"monotonicNs":231294719652917}
{"event":"request","sequence":552,"controlSequence":134,"rootCommits":23,"childCommits":33,"serial":392,"width":320,"height":240,"monotonicNs":231295548434302,"command":"quit"}
{"event":"normalexit","sequence":553,"controlSequence":134,"rootCommits":23,"childCommits":33,"serial":392,"width":320,"height":240,"monotonicNs":231295548458697}
