{"event":"ack-configure","sequence":1,"controlSequence":0,"rootCommits":1,"childCommits":0,"serial":6,"width":320,"height":240,"monotonicNs":252407399549141}
{"event":"buffercommit","sequence":2,"controlSequence":0,"rootCommits":2,"childCommits":0,"serial":6,"width":320,"height":240,"monotonicNs":252407399681361}
{"event":"ready","sequence":3,"controlSequence":0,"rootCommits":2,"childCommits":0,"serial":6,"width":320,"height":240,"monotonicNs":252407399691502}
{"event":"buffer-release","sequence":4,"controlSequence":0,"rootCommits":2,"childCommits":0,"serial":6,"width":320,"height":240,"monotonicNs":252407400368514}
{"event":"ack-configure","sequence":5,"controlSequence":0,"rootCommits":2,"childCommits":0,"serial":7,"width":320,"height":240,"monotonicNs":252407400388036}
{"event":"ack-configure","sequence":6,"controlSequence":0,"rootCommits":2,"childCommits":0,"serial":13,"width":320,"height":240,"monotonicNs":252407467466958}
{"event":"buffercommit","sequence":7,"controlSequence":1,"rootCommits":2,"childCommits":1,"serial":13,"width":320,"height":240,"monotonicNs":252407643762163}
{"event":"request","sequence":8,"controlSequence":1,"rootCommits":3,"childCommits":1,"serial":13,"width":320,"height":240,"monotonicNs":252407643776386,"command":"child-create"}
{"event":"buffer-release","sequence":9,"controlSequence":1,"rootCommits":3,"childCommits":1,"serial":13,"width":320,"height":240,"monotonicNs":252407644103837}
{"event":"server-barrier","sequence":10,"controlSequence":1,"rootCommits":3,"childCommits":1,"serial":13,"width":320,"height":240,"monotonicNs":252407644141975,"command":"child-create","barrierControl":1}
{"event":"buffercommit","sequence":11,"controlSequence":2,"rootCommits":3,"childCommits":2,"serial":13,"width":320,"height":240,"monotonicNs":252407694419843}
{"event":"request","sequence":12,"controlSequence":2,"rootCommits":3,"childCommits":2,"serial":13,"width":320,"height":240,"monotonicNs":252407694428663,"command":"child-yellow"}
{"event":"buffer-release","sequence":13,"controlSequence":2,"rootCommits":3,"childCommits":2,"serial":13,"width":320,"height":240,"monotonicNs":252407694688215}
{"event":"server-barrier","sequence":14,"controlSequence":2,"rootCommits":3,"childCommits":2,"serial":13,"width":320,"height":240,"monotonicNs":252407694694980,"command":"child-yellow","barrierControl":2}
{"event":"request","sequence":15,"controlSequence":3,"rootCommits":3,"childCommits":2,"serial":13,"width":320,"height":240,"monotonicNs":252407746102974,"command":"child-sync"}
{"event":"server-barrier","sequence":16,"controlSequence":3,"rootCommits":3,"childCommits":2,"serial":13,"width":320,"height":240,"monotonicNs":252407746376867,"command":"child-sync","barrierControl":3}
{"event":"buffercommit","sequence":17,"controlSequence":4,"rootCommits":3,"childCommits":3,"serial":13,"width":320,"height":240,"monotonicNs":252407771620120}
{"event":"request","sequence":18,"controlSequence":4,"rootCommits":3,"childCommits":3,"serial":13,"width":320,"height":240,"monotonicNs":252407771629106,"command":"child-blue"}
{"event":"server-barrier","sequence":19,"controlSequence":4,"rootCommits":3,"childCommits":3,"serial":13,"width":320,"height":240,"monotonicNs":252407771918063,"command":"child-blue","barrierControl":4}
{"event":"request","sequence":20,"controlSequence":5,"rootCommits":4,"childCommits":3,"serial":13,"width":320,"height":240,"monotonicNs":252407822295237,"command":"root-commit"}
{"event":"buffer-release","sequence":21,"controlSequence":5,"rootCommits":4,"childCommits":3,"serial":13,"width":320,"height":240,"monotonicNs":252407822676398}
{"event":"server-barrier","sequence":22,"controlSequence":5,"rootCommits":4,"childCommits":3,"serial":13,"width":320,"height":240,"monotonicNs":252407822694332,"command":"root-commit","barrierControl":5}
{"event":"request","sequence":23,"controlSequence":6,"rootCommits":4,"childCommits":3,"serial":13,"width":320,"height":240,"monotonicNs":252407873462965,"command":"child-desync"}
{"event":"server-barrier","sequence":24,"controlSequence":6,"rootCommits":4,"childCommits":3,"serial":13,"width":320,"height":240,"monotonicNs":252407873599043,"command":"child-desync","barrierControl":6}
{"event":"request","sequence":25,"controlSequence":7,"rootCommits":5,"childCommits":3,"serial":13,"width":320,"height":240,"monotonicNs":252407923912308,"command":"child-move"}
{"event":"server-barrier","sequence":26,"controlSequence":7,"rootCommits":5,"childCommits":3,"serial":13,"width":320,"height":240,"monotonicNs":252407924236386,"command":"child-move","barrierControl":7}
{"event":"request","sequence":27,"controlSequence":8,"rootCommits":6,"childCommits":3,"serial":13,"width":320,"height":240,"monotonicNs":252407974985332,"command":"child-below"}
{"event":"server-barrier","sequence":28,"controlSequence":8,"rootCommits":6,"childCommits":3,"serial":13,"width":320,"height":240,"monotonicNs":252407975216956,"command":"child-below","barrierControl":8}
{"event":"request","sequence":29,"controlSequence":9,"rootCommits":7,"childCommits":3,"serial":13,"width":320,"height":240,"monotonicNs":252408025486665,"command":"child-above"}
{"event":"server-barrier","sequence":30,"controlSequence":9,"rootCommits":7,"childCommits":3,"serial":13,"width":320,"height":240,"monotonicNs":252408025803910,"command":"child-above","barrierControl":9}
{"event":"buffercommit","sequence":31,"controlSequence":10,"rootCommits":7,"childCommits":4,"serial":13,"width":320,"height":240,"monotonicNs":252408051091053}
{"event":"request","sequence":32,"controlSequence":10,"rootCommits":7,"childCommits":5,"serial":13,"width":320,"height":240,"monotonicNs":252408051109652,"command":"grand-create"}
{"event":"buffer-release","sequence":33,"controlSequence":10,"rootCommits":7,"childCommits":5,"serial":13,"width":320,"height":240,"monotonicNs":252408051693547}
{"event":"server-barrier","sequence":34,"controlSequence":10,"rootCommits":7,"childCommits":5,"serial":13,"width":320,"height":240,"monotonicNs":252408051710667,"command":"grand-create","barrierControl":10}
{"event":"request","sequence":35,"controlSequence":11,"rootCommits":7,"childCommits":6,"serial":13,"width":320,"height":240,"monotonicNs":252408102443170,"command":"child-detach"}
{"event":"server-barrier","sequence":36,"controlSequence":11,"rootCommits":7,"childCommits":6,"serial":13,"width":320,"height":240,"monotonicNs":252408102581557,"command":"child-detach","barrierControl":11}
{"event":"buffercommit","sequence":37,"controlSequence":12,"rootCommits":7,"childCommits":7,"serial":13,"width":320,"height":240,"monotonicNs":252408153012902}
{"event":"request","sequence":38,"controlSequence":12,"rootCommits":7,"childCommits":7,"serial":13,"width":320,"height":240,"monotonicNs":252408153023486,"command":"child-reattach"}
{"event":"buffer-release","sequence":39,"controlSequence":12,"rootCommits":7,"childCommits":7,"serial":13,"width":320,"height":240,"monotonicNs":252408153188816}
{"event":"server-barrier","sequence":40,"controlSequence":12,"rootCommits":7,"childCommits":7,"serial":13,"width":320,"height":240,"monotonicNs":252408153202373,"command":"child-reattach","barrierControl":12}
{"event":"request","sequence":41,"controlSequence":13,"rootCommits":7,"childCommits":7,"serial":13,"width":320,"height":240,"monotonicNs":252408203443493,"command":"child-destroy"}
{"event":"server-barrier","sequence":42,"controlSequence":13,"rootCommits":7,"childCommits":7,"serial":13,"width":320,"height":240,"monotonicNs":252408203665741,"command":"child-destroy","barrierControl":13}
{"event":"buffercommit","sequence":43,"controlSequence":14,"rootCommits":7,"childCommits":8,"serial":13,"width":320,"height":240,"monotonicNs":252408279375141}
{"event":"request","sequence":44,"controlSequence":14,"rootCommits":8,"childCommits":8,"serial":13,"width":320,"height":240,"monotonicNs":252408279386175,"command":"child-create"}
{"event":"buffer-release","sequence":45,"controlSequence":14,"rootCommits":8,"childCommits":8,"serial":13,"width":320,"height":240,"monotonicNs":252408279579233}
{"event":"server-barrier","sequence":46,"controlSequence":14,"rootCommits":8,"childCommits":8,"serial":13,"width":320,"height":240,"monotonicNs":252408279593550,"command":"child-create","barrierControl":14}
{"event":"request","sequence":47,"controlSequence":15,"rootCommits":8,"childCommits":8,"serial":13,"width":320,"height":240,"monotonicNs":252408330109759,"command":"child-destroy"}
{"event":"server-barrier","sequence":48,"controlSequence":15,"rootCommits":8,"childCommits":8,"serial":13,"width":320,"height":240,"monotonicNs":252408330365374,"command":"child-destroy","barrierControl":15}
{"event":"buffercommit","sequence":49,"controlSequence":16,"rootCommits":8,"childCommits":9,"serial":13,"width":320,"height":240,"monotonicNs":252408380564962}
{"event":"request","sequence":50,"controlSequence":16,"rootCommits":8,"childCommits":9,"serial":13,"width":320,"height":240,"monotonicNs":252408380576597,"command":"child-create-sync"}
{"event":"server-barrier","sequence":51,"controlSequence":16,"rootCommits":8,"childCommits":9,"serial":13,"width":320,"height":240,"monotonicNs":252408380801153,"command":"child-create-sync","barrierControl":16}
{"event":"request","sequence":52,"controlSequence":17,"rootCommits":9,"childCommits":9,"serial":13,"width":320,"height":240,"monotonicNs":252408431135507,"command":"root-commit"}
{"event":"buffer-release","sequence":53,"controlSequence":17,"rootCommits":9,"childCommits":9,"serial":13,"width":320,"height":240,"monotonicNs":252408431272585}
{"event":"server-barrier","sequence":54,"controlSequence":17,"rootCommits":9,"childCommits":9,"serial":13,"width":320,"height":240,"monotonicNs":252408431407463,"command":"root-commit","barrierControl":17}
{"event":"request","sequence":55,"controlSequence":18,"rootCommits":9,"childCommits":9,"serial":13,"width":320,"height":240,"monotonicNs":252408481852986,"command":"child-destroy"}
{"event":"server-barrier","sequence":56,"controlSequence":18,"rootCommits":9,"childCommits":9,"serial":13,"width":320,"height":240,"monotonicNs":252408482187326,"command":"child-destroy","barrierControl":18}
{"event":"buffercommit","sequence":57,"controlSequence":19,"rootCommits":9,"childCommits":10,"serial":13,"width":320,"height":240,"monotonicNs":252408532462028}
{"event":"request","sequence":58,"controlSequence":19,"rootCommits":9,"childCommits":10,"serial":13,"width":320,"height":240,"monotonicNs":252408532472708,"command":"child-create-sync"}
{"event":"server-barrier","sequence":59,"controlSequence":19,"rootCommits":9,"childCommits":10,"serial":13,"width":320,"height":240,"monotonicNs":252408532572835,"command":"child-create-sync","barrierControl":19}
{"event":"request","sequence":60,"controlSequence":20,"rootCommits":10,"childCommits":10,"serial":13,"width":320,"height":240,"monotonicNs":252408582966471,"command":"root-commit"}
{"event":"buffer-release","sequence":61,"controlSequence":20,"rootCommits":10,"childCommits":10,"serial":13,"width":320,"height":240,"monotonicNs":252408583266354}
{"event":"server-barrier","sequence":62,"controlSequence":20,"rootCommits":10,"childCommits":10,"serial":13,"width":320,"height":240,"monotonicNs":252408583281145,"command":"root-commit","barrierControl":20}
{"event":"buffercommit","sequence":63,"controlSequence":21,"rootCommits":10,"childCommits":11,"serial":13,"width":320,"height":240,"monotonicNs":252408633636019}
{"event":"request","sequence":64,"controlSequence":21,"rootCommits":10,"childCommits":11,"serial":13,"width":320,"height":240,"monotonicNs":252408633647196,"command":"child-yellow"}
{"event":"server-barrier","sequence":65,"controlSequence":21,"rootCommits":10,"childCommits":11,"serial":13,"width":320,"height":240,"monotonicNs":252408633740922,"command":"child-yellow","barrierControl":21}
{"event":"request","sequence":66,"controlSequence":22,"rootCommits":10,"childCommits":11,"serial":13,"width":320,"height":240,"monotonicNs":252408683980340,"command":"child-destroy"}
{"event":"buffer-release","sequence":67,"controlSequence":22,"rootCommits":10,"childCommits":11,"serial":13,"width":320,"height":240,"monotonicNs":252408684087831}
{"event":"server-barrier","sequence":68,"controlSequence":22,"rootCommits":10,"childCommits":11,"serial":13,"width":320,"height":240,"monotonicNs":252408684106104,"command":"child-destroy","barrierControl":22}
{"event":"request","sequence":69,"controlSequence":23,"rootCommits":11,"childCommits":11,"serial":13,"width":320,"height":240,"monotonicNs":252408734442162,"command":"root-commit"}
{"event":"server-barrier","sequence":70,"controlSequence":23,"rootCommits":11,"childCommits":11,"serial":13,"width":320,"height":240,"monotonicNs":252408734700171,"command":"root-commit","barrierControl":23}
{"event":"buffercommit","sequence":71,"controlSequence":24,"rootCommits":11,"childCommits":12,"serial":13,"width":320,"height":240,"monotonicNs":252408805696920}
{"event":"request","sequence":72,"controlSequence":24,"rootCommits":11,"childCommits":12,"serial":13,"width":320,"height":240,"monotonicNs":252408805709200,"command":"child-create-sync"}
{"event":"server-barrier","sequence":73,"controlSequence":24,"rootCommits":11,"childCommits":12,"serial":13,"width":320,"height":240,"monotonicNs":252408805871503,"command":"child-create-sync","barrierControl":24}
{"event":"request","sequence":74,"controlSequence":25,"rootCommits":12,"childCommits":12,"serial":13,"width":320,"height":240,"monotonicNs":252408856241973,"command":"root-commit"}
{"event":"buffer-release","sequence":75,"controlSequence":25,"rootCommits":12,"childCommits":12,"serial":13,"width":320,"height":240,"monotonicNs":252408856344513}
{"event":"server-barrier","sequence":76,"controlSequence":25,"rootCommits":12,"childCommits":12,"serial":13,"width":320,"height":240,"monotonicNs":252408856355404,"command":"root-commit","barrierControl":25}
{"event":"request","sequence":77,"controlSequence":26,"rootCommits":12,"childCommits":12,"serial":13,"width":320,"height":240,"monotonicNs":252408931763567,"command":"child-destroy"}
{"event":"server-barrier","sequence":78,"controlSequence":26,"rootCommits":12,"childCommits":12,"serial":13,"width":320,"height":240,"monotonicNs":252408932036248,"command":"child-destroy","barrierControl":26}
{"event":"buffercommit","sequence":79,"controlSequence":27,"rootCommits":12,"childCommits":13,"serial":13,"width":320,"height":240,"monotonicNs":252408982276547}
{"event":"request","sequence":80,"controlSequence":27,"rootCommits":12,"childCommits":13,"serial":13,"width":320,"height":240,"monotonicNs":252408982286423,"command":"child-create-sync"}
{"event":"server-barrier","sequence":81,"controlSequence":27,"rootCommits":12,"childCommits":13,"serial":13,"width":320,"height":240,"monotonicNs":252408982469470,"command":"child-create-sync","barrierControl":27}
{"event":"request","sequence":82,"controlSequence":28,"rootCommits":13,"childCommits":13,"serial":13,"width":320,"height":240,"monotonicNs":252409032867537,"command":"root-commit"}
{"event":"buffer-release","sequence":83,"controlSequence":28,"rootCommits":13,"childCommits":13,"serial":13,"width":320,"height":240,"monotonicNs":252409033029767}
{"event":"server-barrier","sequence":84,"controlSequence":28,"rootCommits":13,"childCommits":13,"serial":13,"width":320,"height":240,"monotonicNs":252409033047217,"command":"root-commit","barrierControl":28}
{"event":"buffercommit","sequence":85,"controlSequence":29,"rootCommits":13,"childCommits":14,"serial":13,"width":320,"height":240,"monotonicNs":252409083312938}
{"event":"request","sequence":86,"controlSequence":29,"rootCommits":13,"childCommits":15,"serial":13,"width":320,"height":240,"monotonicNs":252409083322126,"command":"grand-create"}
{"event":"server-barrier","sequence":87,"controlSequence":29,"rootCommits":13,"childCommits":15,"serial":13,"width":320,"height":240,"monotonicNs":252409083444378,"command":"grand-create","barrierControl":29}
{"event":"request","sequence":88,"controlSequence":30,"rootCommits":14,"childCommits":15,"serial":13,"width":320,"height":240,"monotonicNs":252409134017538,"command":"root-commit"}
{"event":"buffer-release","sequence":89,"controlSequence":30,"rootCommits":14,"childCommits":15,"serial":13,"width":320,"height":240,"monotonicNs":252409134232348}
{"event":"server-barrier","sequence":90,"controlSequence":30,"rootCommits":14,"childCommits":15,"serial":13,"width":320,"height":240,"monotonicNs":252409134241041,"command":"root-commit","barrierControl":30}
{"event":"buffercommit","sequence":91,"controlSequence":31,"rootCommits":14,"childCommits":16,"serial":13,"width":320,"height":240,"monotonicNs":252409209891227}
{"event":"request","sequence":92,"controlSequence":31,"rootCommits":14,"childCommits":16,"serial":13,"width":320,"height":240,"monotonicNs":252409209905804,"command":"grand-yellow"}
{"event":"server-barrier","sequence":93,"controlSequence":31,"rootCommits":14,"childCommits":16,"serial":13,"width":320,"height":240,"monotonicNs":252409210055869,"command":"grand-yellow","barrierControl":31}
{"event":"request","sequence":94,"controlSequence":32,"rootCommits":14,"childCommits":16,"serial":13,"width":320,"height":240,"monotonicNs":252409260292145,"command":"grand-desync"}
{"event":"server-barrier","sequence":95,"controlSequence":32,"rootCommits":14,"childCommits":16,"serial":13,"width":320,"height":240,"monotonicNs":252409260454814,"command":"grand-desync","barrierControl":32}
{"event":"request","sequence":96,"controlSequence":33,"rootCommits":14,"childCommits":16,"serial":13,"width":320,"height":240,"monotonicNs":252409310618040,"command":"child-desync"}
{"event":"buffer-release","sequence":97,"controlSequence":33,"rootCommits":14,"childCommits":16,"serial":13,"width":320,"height":240,"monotonicNs":252409310782564}
{"event":"server-barrier","sequence":98,"controlSequence":33,"rootCommits":14,"childCommits":16,"serial":13,"width":320,"height":240,"monotonicNs":252409310793673,"command":"child-desync","barrierControl":33}
{"event":"request","sequence":99,"controlSequence":34,"rootCommits":14,"childCommits":16,"serial":13,"width":320,"height":240,"monotonicNs":252409386062961,"command":"child-destroy"}
{"event":"server-barrier","sequence":100,"controlSequence":34,"rootCommits":14,"childCommits":16,"serial":13,"width":320,"height":240,"monotonicNs":252409386291744,"command":"child-destroy","barrierControl":34}
{"event":"buffercommit","sequence":101,"controlSequence":35,"rootCommits":14,"childCommits":17,"serial":13,"width":320,"height":240,"monotonicNs":252409436479744}
{"event":"request","sequence":102,"controlSequence":35,"rootCommits":14,"childCommits":17,"serial":13,"width":320,"height":240,"monotonicNs":252409436490162,"command":"child-create-sync"}
{"event":"server-barrier","sequence":103,"controlSequence":35,"rootCommits":14,"childCommits":17,"serial":13,"width":320,"height":240,"monotonicNs":252409436682513,"command":"child-create-sync","barrierControl":35}
{"event":"request","sequence":104,"controlSequence":36,"rootCommits":15,"childCommits":17,"serial":13,"width":320,"height":240,"monotonicNs":252409486849453,"command":"root-commit"}
{"event":"buffer-release","sequence":105,"controlSequence":36,"rootCommits":15,"childCommits":17,"serial":13,"width":320,"height":240,"monotonicNs":252409486986159}
{"event":"server-barrier","sequence":106,"controlSequence":36,"rootCommits":15,"childCommits":17,"serial":13,"width":320,"height":240,"monotonicNs":252409487131481,"command":"root-commit","barrierControl":36}
{"event":"buffercommit","sequence":107,"controlSequence":37,"rootCommits":15,"childCommits":18,"serial":13,"width":320,"height":240,"monotonicNs":252409537557583}
{"event":"request","sequence":108,"controlSequence":37,"rootCommits":15,"childCommits":18,"serial":13,"width":320,"height":240,"monotonicNs":252409537568365,"command":"child-yellow"}
{"event":"server-barrier","sequence":109,"controlSequence":37,"rootCommits":15,"childCommits":18,"serial":13,"width":320,"height":240,"monotonicNs":252409537688287,"command":"child-yellow","barrierControl":37}
{"event":"buffercommit","sequence":110,"controlSequence":38,"rootCommits":15,"childCommits":19,"serial":13,"width":320,"height":240,"monotonicNs":252409587901884}
{"event":"request","sequence":111,"controlSequence":38,"rootCommits":15,"childCommits":19,"serial":13,"width":320,"height":240,"monotonicNs":252409587912813,"command":"child-blue"}
{"event":"buffer-release","sequence":112,"controlSequence":38,"rootCommits":15,"childCommits":19,"serial":13,"width":320,"height":240,"monotonicNs":252409588045364}
{"event":"server-barrier","sequence":113,"controlSequence":38,"rootCommits":15,"childCommits":19,"serial":13,"width":320,"height":240,"monotonicNs":252409588058171,"command":"child-blue","barrierControl":38}
{"event":"buffercommit","sequence":114,"controlSequence":39,"rootCommits":15,"childCommits":20,"serial":13,"width":320,"height":240,"monotonicNs":252409638377445}
{"event":"request","sequence":115,"controlSequence":39,"rootCommits":15,"childCommits":20,"serial":13,"width":320,"height":240,"monotonicNs":252409638387430,"command":"child-yellow"}
{"event":"buffer-release","sequence":116,"controlSequence":39,"rootCommits":15,"childCommits":20,"serial":13,"width":320,"height":240,"monotonicNs":252409638482478}
{"event":"server-barrier","sequence":117,"controlSequence":39,"rootCommits":15,"childCommits":20,"serial":13,"width":320,"height":240,"monotonicNs":252409638496462,"command":"child-yellow","barrierControl":39}
{"event":"request","sequence":118,"controlSequence":40,"rootCommits":15,"childCommits":21,"serial":13,"width":320,"height":240,"monotonicNs":252409688919431,"command":"child-empty"}
{"event":"server-barrier","sequence":119,"controlSequence":40,"rootCommits":15,"childCommits":21,"serial":13,"width":320,"height":240,"monotonicNs":252409689202852,"command":"child-empty","barrierControl":40}
{"event":"request","sequence":120,"controlSequence":41,"rootCommits":16,"childCommits":21,"serial":13,"width":320,"height":240,"monotonicNs":252409764563231,"command":"root-commit"}
{"event":"buffer-release","sequence":121,"controlSequence":41,"rootCommits":16,"childCommits":21,"serial":13,"width":320,"height":240,"monotonicNs":252409764799785}
{"event":"server-barrier","sequence":122,"controlSequence":41,"rootCommits":16,"childCommits":21,"serial":13,"width":320,"height":240,"monotonicNs":252409764813490,"command":"root-commit","barrierControl":41}
{"event":"request","sequence":123,"controlSequence":42,"rootCommits":16,"childCommits":21,"serial":13,"width":320,"height":240,"monotonicNs":252409840093272,"command":"child-destroy"}
{"event":"server-barrier","sequence":124,"controlSequence":42,"rootCommits":16,"childCommits":21,"serial":13,"width":320,"height":240,"monotonicNs":252409840242039,"command":"child-destroy","barrierControl":42}
{"event":"buffercommit","sequence":125,"controlSequence":43,"rootCommits":16,"childCommits":22,"serial":13,"width":320,"height":240,"monotonicNs":252409890527244}
{"event":"request","sequence":126,"controlSequence":43,"rootCommits":16,"childCommits":22,"serial":13,"width":320,"height":240,"monotonicNs":252409890537909,"command":"child-create-sync"}
{"event":"server-barrier","sequence":127,"controlSequence":43,"rootCommits":16,"childCommits":22,"serial":13,"width":320,"height":240,"monotonicNs":252409890616903,"command":"child-create-sync","barrierControl":43}
{"event":"request","sequence":128,"controlSequence":44,"rootCommits":17,"childCommits":22,"serial":13,"width":320,"height":240,"monotonicNs":252409940860812,"command":"root-commit"}
{"event":"buffer-release","sequence":129,"controlSequence":44,"rootCommits":17,"childCommits":22,"serial":13,"width":320,"height":240,"monotonicNs":252409941053571}
{"event":"server-barrier","sequence":130,"controlSequence":44,"rootCommits":17,"childCommits":22,"serial":13,"width":320,"height":240,"monotonicNs":252409941069513,"command":"root-commit","barrierControl":44}
{"event":"buffercommit","sequence":131,"controlSequence":45,"rootCommits":17,"childCommits":23,"serial":13,"width":320,"height":240,"monotonicNs":252409991458919}
{"event":"request","sequence":132,"controlSequence":45,"rootCommits":17,"childCommits":24,"serial":13,"width":320,"height":240,"monotonicNs":252409991467667,"command":"grand-create"}
{"event":"server-barrier","sequence":133,"controlSequence":45,"rootCommits":17,"childCommits":24,"serial":13,"width":320,"height":240,"monotonicNs":252409991616217,"command":"grand-create","barrierControl":45}
{"event":"request","sequence":134,"controlSequence":46,"rootCommits":18,"childCommits":24,"serial":13,"width":320,"height":240,"monotonicNs":252410041986138,"command":"root-commit"}
{"event":"buffer-release","sequence":135,"controlSequence":46,"rootCommits":18,"childCommits":24,"serial":13,"width":320,"height":240,"monotonicNs":252410042109584}
{"event":"server-barrier","sequence":136,"controlSequence":46,"rootCommits":18,"childCommits":24,"serial":13,"width":320,"height":240,"monotonicNs":252410042129076,"command":"root-commit","barrierControl":46}
{"event":"request","sequence":137,"controlSequence":47,"rootCommits":18,"childCommits":25,"serial":13,"width":320,"height":240,"monotonicNs":252410092692009,"command":"child-detach"}
{"event":"server-barrier","sequence":138,"controlSequence":47,"rootCommits":18,"childCommits":25,"serial":13,"width":320,"height":240,"monotonicNs":252410092737039,"command":"child-detach","barrierControl":47}
{"event":"request","sequence":139,"controlSequence":48,"rootCommits":19,"childCommits":25,"serial":13,"width":320,"height":240,"monotonicNs":252410168081410,"command":"root-commit"}
{"event":"server-barrier","sequence":140,"controlSequence":48,"rootCommits":19,"childCommits":25,"serial":13,"width":320,"height":240,"monotonicNs":252410168195591,"command":"root-commit","barrierControl":48}
{"event":"request","sequence":141,"controlSequence":49,"rootCommits":19,"childCommits":25,"serial":13,"width":320,"height":240,"monotonicNs":252410218419668,"command":"child-destroy"}
{"event":"server-barrier","sequence":142,"controlSequence":49,"rootCommits":19,"childCommits":25,"serial":13,"width":320,"height":240,"monotonicNs":252410218593275,"command":"child-destroy","barrierControl":49}
{"event":"buffercommit","sequence":143,"controlSequence":50,"rootCommits":19,"childCommits":26,"serial":13,"width":320,"height":240,"monotonicNs":252410268946055}
{"event":"request","sequence":144,"controlSequence":50,"rootCommits":20,"childCommits":26,"serial":13,"width":320,"height":240,"monotonicNs":252410268962446,"command":"child-create"}
{"event":"buffer-release","sequence":145,"controlSequence":50,"rootCommits":20,"childCommits":26,"serial":13,"width":320,"height":240,"monotonicNs":252410269224216}
{"event":"server-barrier","sequence":146,"controlSequence":50,"rootCommits":20,"childCommits":26,"serial":13,"width":320,"height":240,"monotonicNs":252410269242152,"command":"child-create","barrierControl":50}
{"event":"request","sequence":147,"controlSequence":51,"rootCommits":20,"childCommits":26,"serial":13,"width":320,"height":240,"monotonicNs":252410305774250,"command":"child-move-pending"}
{"event":"server-barrier","sequence":148,"controlSequence":51,"rootCommits":20,"childCommits":26,"serial":13,"width":320,"height":240,"monotonicNs":252410306344098,"command":"child-move-pending","barrierControl":51}
{"event":"request","sequence":149,"controlSequence":52,"rootCommits":21,"childCommits":26,"serial":13,"width":320,"height":240,"monotonicNs":252410356525008,"command":"root-commit"}
{"event":"server-barrier","sequence":150,"controlSequence":52,"rootCommits":21,"childCommits":26,"serial":13,"width":320,"height":240,"monotonicNs":252410356566069,"command":"root-commit","barrierControl":52}
{"event":"request","sequence":151,"controlSequence":53,"rootCommits":21,"childCommits":26,"serial":13,"width":320,"height":240,"monotonicNs":252410406698116,"command":"child-below-pending"}
{"event":"server-barrier","sequence":152,"controlSequence":53,"rootCommits":21,"childCommits":26,"serial":13,"width":320,"height":240,"monotonicNs":252410406725162,"command":"child-below-pending","barrierControl":53}
{"event":"request","sequence":153,"controlSequence":54,"rootCommits":22,"childCommits":26,"serial":13,"width":320,"height":240,"monotonicNs":252410456856556,"command":"root-commit"}
{"event":"server-barrier","sequence":154,"controlSequence":54,"rootCommits":22,"childCommits":26,"serial":13,"width":320,"height":240,"monotonicNs":252410456903243,"command":"root-commit","barrierControl":54}
{"event":"request","sequence":155,"controlSequence":55,"rootCommits":22,"childCommits":26,"serial":13,"width":320,"height":240,"monotonicNs":252410532114995,"command":"child-above-pending"}
{"event":"server-barrier","sequence":156,"controlSequence":55,"rootCommits":22,"childCommits":26,"serial":13,"width":320,"height":240,"monotonicNs":252410532336187,"command":"child-above-pending","barrierControl":55}
{"event":"request","sequence":157,"controlSequence":56,"rootCommits":23,"childCommits":26,"serial":13,"width":320,"height":240,"monotonicNs":252410582504831,"command":"root-commit"}
{"event":"server-barrier","sequence":158,"controlSequence":56,"rootCommits":23,"childCommits":26,"serial":13,"width":320,"height":240,"monotonicNs":252410582648181,"command":"root-commit","barrierControl":56}
{"event":"buffercommit","sequence":159,"controlSequence":57,"rootCommits":23,"childCommits":27,"serial":13,"width":320,"height":240,"monotonicNs":252417762553938}
{"event":"request","sequence":160,"controlSequence":57,"rootCommits":23,"childCommits":27,"serial":13,"width":320,"height":240,"monotonicNs":252417762565094,"command":"child-yellow"}
{"event":"buffer-release","sequence":161,"controlSequence":57,"rootCommits":23,"childCommits":27,"serial":13,"width":320,"height":240,"monotonicNs":252417762824187}
{"event":"server-barrier","sequence":162,"controlSequence":57,"rootCommits":23,"childCommits":27,"serial":13,"width":320,"height":240,"monotonicNs":252417762954220,"command":"child-yellow","barrierControl":57}
{"event":"buffercommit","sequence":163,"controlSequence":58,"rootCommits":23,"childCommits":28,"serial":13,"width":320,"height":240,"monotonicNs":252425909562608}
{"event":"request","sequence":164,"controlSequence":58,"rootCommits":23,"childCommits":28,"serial":13,"width":320,"height":240,"monotonicNs":252425909581214,"command":"child-blue"}
{"event":"buffer-release","sequence":165,"controlSequence":58,"rootCommits":23,"childCommits":28,"serial":13,"width":320,"height":240,"monotonicNs":252425910005613}
{"event":"server-barrier","sequence":166,"controlSequence":58,"rootCommits":23,"childCommits":28,"serial":13,"width":320,"height":240,"monotonicNs":252425910144180,"command":"child-blue","barrierControl":58}
{"event":"ack-configure","sequence":167,"controlSequence":58,"rootCommits":23,"childCommits":28,"serial":114,"width":320,"height":240,"monotonicNs":252432668905551}
{"event":"ack-configure","sequence":168,"controlSequence":58,"rootCommits":23,"childCommits":28,"serial":129,"width":320,"height":240,"monotonicNs":252438247782879}
{"event":"ack-configure","sequence":169,"controlSequence":58,"rootCommits":23,"childCommits":28,"serial":130,"width":320,"height":240,"monotonicNs":252438341028554}
{"event":"ack-configure","sequence":170,"controlSequence":58,"rootCommits":23,"childCommits":28,"serial":133,"width":320,"height":240,"monotonicNs":252438512300856}
{"event":"buffercommit","sequence":171,"controlSequence":59,"rootCommits":23,"childCommits":29,"serial":133,"width":320,"height":240,"monotonicNs":252438537556373}
{"event":"request","sequence":172,"controlSequence":59,"rootCommits":23,"childCommits":29,"serial":133,"width":320,"height":240,"monotonicNs":252438537565629,"command":"child-blue"}
{"event":"buffer-release","sequence":173,"controlSequence":59,"rootCommits":23,"childCommits":29,"serial":133,"width":320,"height":240,"monotonicNs":252438537838432}
{"event":"server-barrier","sequence":174,"controlSequence":59,"rootCommits":23,"childCommits":29,"serial":133,"width":320,"height":240,"monotonicNs":252438537990079,"command":"child-blue","barrierControl":59}
{"event":"buffercommit","sequence":175,"controlSequence":60,"rootCommits":23,"childCommits":30,"serial":133,"width":320,"height":240,"monotonicNs":252438688982995}
{"event":"request","sequence":176,"controlSequence":60,"rootCommits":23,"childCommits":30,"serial":133,"width":320,"height":240,"monotonicNs":252438688994479,"command":"child-yellow"}
{"event":"buffer-release","sequence":177,"controlSequence":60,"rootCommits":23,"childCommits":30,"serial":133,"width":320,"height":240,"monotonicNs":252438689161481}
{"event":"server-barrier","sequence":178,"controlSequence":60,"rootCommits":23,"childCommits":30,"serial":133,"width":320,"height":240,"monotonicNs":252438689176690,"command":"child-yellow","barrierControl":60}
{"event":"buffercommit","sequence":179,"controlSequence":61,"rootCommits":23,"childCommits":31,"serial":133,"width":320,"height":240,"monotonicNs":252438807740623}
{"event":"request","sequence":180,"controlSequence":61,"rootCommits":23,"childCommits":31,"serial":133,"width":320,"height":240,"monotonicNs":252438807756934,"command":"child-blue"}
{"event":"buffer-release","sequence":181,"controlSequence":61,"rootCommits":23,"childCommits":31,"serial":133,"width":320,"height":240,"monotonicNs":252438808145621}
{"event":"server-barrier","sequence":182,"controlSequence":61,"rootCommits":23,"childCommits":31,"serial":133,"width":320,"height":240,"monotonicNs":252438808164442,"command":"child-blue","barrierControl":61}
{"event":"buffercommit","sequence":183,"controlSequence":62,"rootCommits":23,"childCommits":32,"serial":133,"width":320,"height":240,"monotonicNs":252444641368493}
{"event":"request","sequence":184,"controlSequence":62,"rootCommits":23,"childCommits":32,"serial":133,"width":320,"height":240,"monotonicNs":252444641379257,"command":"child-yellow"}
{"event":"buffer-release","sequence":185,"controlSequence":62,"rootCommits":23,"childCommits":32,"serial":133,"width":320,"height":240,"monotonicNs":252444641801838}
{"event":"server-barrier","sequence":186,"controlSequence":62,"rootCommits":23,"childCommits":32,"serial":133,"width":320,"height":240,"monotonicNs":252444642032879,"command":"child-yellow","barrierControl":62}
{"event":"ack-configure","sequence":187,"controlSequence":62,"rootCommits":23,"childCommits":32,"serial":147,"width":320,"height":240,"monotonicNs":252444772389240}
{"event":"buffercommit","sequence":188,"controlSequence":63,"rootCommits":23,"childCommits":33,"serial":147,"width":320,"height":240,"monotonicNs":252450909048084}
{"event":"request","sequence":189,"controlSequence":63,"rootCommits":23,"childCommits":33,"serial":147,"width":320,"height":240,"monotonicNs":252450909060696,"command":"child-blue"}
{"event":"buffer-release","sequence":190,"controlSequence":63,"rootCommits":23,"childCommits":33,"serial":147,"width":320,"height":240,"monotonicNs":252450909258471}
{"event":"server-barrier","sequence":191,"controlSequence":63,"rootCommits":23,"childCommits":33,"serial":147,"width":320,"height":240,"monotonicNs":252450909416203,"command":"child-blue","barrierControl":63}
{"event":"ack-configure","sequence":192,"controlSequence":63,"rootCommits":23,"childCommits":33,"serial":172,"width":320,"height":240,"monotonicNs":252451709117518}
{"event":"ack-configure","sequence":193,"controlSequence":63,"rootCommits":23,"childCommits":33,"serial":187,"width":320,"height":240,"monotonicNs":252457296226577}
{"event":"request","sequence":194,"controlSequence":64,"rootCommits":23,"childCommits":33,"serial":187,"width":320,"height":240,"monotonicNs":252457321396494,"command":"popup-create"}
{"event":"server-barrier","sequence":195,"controlSequence":64,"rootCommits":23,"childCommits":33,"serial":187,"width":320,"height":240,"monotonicNs":252457321511297,"command":"popup-create","barrierControl":64}
{"event":"buffercommit","sequence":196,"controlSequence":64,"rootCommits":23,"childCommits":33,"serial":187,"width":320,"height":240,"monotonicNs":252457321556685}
{"event":"popup-buffercommit","sequence":197,"controlSequence":64,"rootCommits":23,"childCommits":33,"serial":187,"width":320,"height":240,"monotonicNs":252457321559904,"popupCommits":2,"popupSerial":188,"popupColor":4278255615}
{"event":"popup-configured","sequence":198,"controlSequence":64,"rootCommits":23,"childCommits":33,"serial":187,"width":320,"height":240,"monotonicNs":252457321561496,"popupSerial":188,"popupCommits":2,"popupGeometry":[291,211,64,48]}
{"event":"buffer-release","sequence":199,"controlSequence":64,"rootCommits":23,"childCommits":33,"serial":187,"width":320,"height":240,"monotonicNs":252457321877352}
{"event":"buffercommit","sequence":200,"controlSequence":65,"rootCommits":23,"childCommits":33,"serial":187,"width":320,"height":240,"monotonicNs":252457423155312}
{"event":"popup-buffercommit","sequence":201,"controlSequence":65,"rootCommits":23,"childCommits":33,"serial":187,"width":320,"height":240,"monotonicNs":252457423173142,"popupCommits":3,"popupSerial":188,"popupColor":4294967040}
{"event":"request","sequence":202,"controlSequence":65,"rootCommits":23,"childCommits":33,"serial":187,"width":320,"height":240,"monotonicNs":252457423182363,"command":"popup-yellow"}
{"event":"buffer-release","sequence":203,"controlSequence":65,"rootCommits":23,"childCommits":33,"serial":187,"width":320,"height":240,"monotonicNs":252457423482377}
{"event":"server-barrier","sequence":204,"controlSequence":65,"rootCommits":23,"childCommits":33,"serial":187,"width":320,"height":240,"monotonicNs":252457423497290,"command":"popup-yellow","barrierControl":65}
{"event":"request","sequence":205,"controlSequence":66,"rootCommits":23,"childCommits":33,"serial":187,"width":320,"height":240,"monotonicNs":252457524598316,"command":"popup-reposition"}
{"event":"popup-repositioned","sequence":206,"controlSequence":66,"rootCommits":23,"childCommits":33,"serial":187,"width":320,"height":240,"monotonicNs":252457524725151,"repositionToken":1}
{"event":"server-barrier","sequence":207,"controlSequence":66,"rootCommits":23,"childCommits":33,"serial":187,"width":320,"height":240,"monotonicNs":252457524731900,"command":"popup-reposition","barrierControl":66}
{"event":"buffercommit","sequence":208,"controlSequence":66,"rootCommits":23,"childCommits":33,"serial":187,"width":320,"height":240,"monotonicNs":252457524766760}
{"event":"popup-buffercommit","sequence":209,"controlSequence":66,"rootCommits":23,"childCommits":33,"serial":187,"width":320,"height":240,"monotonicNs":252457524771561,"popupCommits":4,"popupSerial":189,"popupColor":4294967040}
{"event":"popup-configured","sequence":210,"controlSequence":66,"rootCommits":23,"childCommits":33,"serial":187,"width":320,"height":240,"monotonicNs":252457524773571,"popupSerial":189,"popupCommits":4,"popupGeometry":[101,81,64,48]}
{"event":"buffer-release","sequence":211,"controlSequence":66,"rootCommits":23,"childCommits":33,"serial":187,"width":320,"height":240,"monotonicNs":252457524990427}
{"event":"popup-destroyed","sequence":212,"controlSequence":67,"rootCommits":23,"childCommits":33,"serial":187,"width":320,"height":240,"monotonicNs":252457576049662}
{"event":"request","sequence":213,"controlSequence":67,"rootCommits":23,"childCommits":33,"serial":187,"width":320,"height":240,"monotonicNs":252457576061602,"command":"popup-destroy"}
{"event":"server-barrier","sequence":214,"controlSequence":67,"rootCommits":23,"childCommits":33,"serial":187,"width":320,"height":240,"monotonicNs":252457576439918,"command":"popup-destroy","barrierControl":67}
{"event":"request","sequence":215,"controlSequence":68,"rootCommits":23,"childCommits":33,"serial":187,"width":320,"height":240,"monotonicNs":252457651926248,"command":"popup-create"}
{"event":"server-barrier","sequence":216,"controlSequence":68,"rootCommits":23,"childCommits":33,"serial":187,"width":320,"height":240,"monotonicNs":252457652077833,"command":"popup-create","barrierControl":68}
{"event":"buffercommit","sequence":217,"controlSequence":68,"rootCommits":23,"childCommits":33,"serial":187,"width":320,"height":240,"monotonicNs":252457652121109}
{"event":"popup-buffercommit","sequence":218,"controlSequence":68,"rootCommits":23,"childCommits":33,"serial":187,"width":320,"height":240,"monotonicNs":252457652124971,"popupCommits":6,"popupSerial":190,"popupColor":4278255615}
{"event":"popup-configured","sequence":219,"controlSequence":68,"rootCommits":23,"childCommits":33,"serial":187,"width":320,"height":240,"monotonicNs":252457652127199,"popupSerial":190,"popupCommits":6,"popupGeometry":[291,211,64,48]}
{"event":"buffer-release","sequence":220,"controlSequence":68,"rootCommits":23,"childCommits":33,"serial":187,"width":320,"height":240,"monotonicNs":252457652394795}
{"event":"popup-destroyed","sequence":221,"controlSequence":69,"rootCommits":23,"childCommits":33,"serial":187,"width":320,"height":240,"monotonicNs":252457728577662}
{"event":"request","sequence":222,"controlSequence":69,"rootCommits":23,"childCommits":33,"serial":187,"width":320,"height":240,"monotonicNs":252457728595294,"command":"popup-destroy"}
{"event":"server-barrier","sequence":223,"controlSequence":69,"rootCommits":23,"childCommits":33,"serial":187,"width":320,"height":240,"monotonicNs":252457728893301,"command":"popup-destroy","barrierControl":69}
{"event":"request","sequence":224,"controlSequence":70,"rootCommits":23,"childCommits":33,"serial":187,"width":320,"height":240,"monotonicNs":252457779226794,"command":"popup-create"}
{"event":"server-barrier","sequence":225,"controlSequence":70,"rootCommits":23,"childCommits":33,"serial":187,"width":320,"height":240,"monotonicNs":252457779365567,"command":"popup-create","barrierControl":70}
{"event":"buffercommit","sequence":226,"controlSequence":70,"rootCommits":23,"childCommits":33,"serial":187,"width":320,"height":240,"monotonicNs":252457779411173}
{"event":"popup-buffercommit","sequence":227,"controlSequence":70,"rootCommits":23,"childCommits":33,"serial":187,"width":320,"height":240,"monotonicNs":252457779414696,"popupCommits":8,"popupSerial":191,"popupColor":4278255615}
{"event":"popup-configured","sequence":228,"controlSequence":70,"rootCommits":23,"childCommits":33,"serial":187,"width":320,"height":240,"monotonicNs":252457779416812,"popupSerial":191,"popupCommits":8,"popupGeometry":[291,211,64,48]}
{"event":"buffer-release","sequence":229,"controlSequence":70,"rootCommits":23,"childCommits":33,"serial":187,"width":320,"height":240,"monotonicNs":252457779658432}
{"event":"buffercommit","sequence":230,"controlSequence":71,"rootCommits":23,"childCommits":33,"serial":187,"width":320,"height":240,"monotonicNs":252457805203907}
{"event":"popup-buffercommit","sequence":231,"controlSequence":71,"rootCommits":23,"childCommits":33,"serial":187,"width":320,"height":240,"monotonicNs":252457805214251,"popupCommits":9,"popupSerial":191,"popupColor":4294967040}
{"event":"request","sequence":232,"controlSequence":71,"rootCommits":23,"childCommits":33,"serial":187,"width":320,"height":240,"monotonicNs":252457805216995,"command":"popup-yellow"}
{"event":"buffer-release","sequence":233,"controlSequence":71,"rootCommits":23,"childCommits":33,"serial":187,"width":320,"height":240,"monotonicNs":252457805374858}
{"event":"server-barrier","sequence":234,"controlSequence":71,"rootCommits":23,"childCommits":33,"serial":187,"width":320,"height":240,"monotonicNs":252457805389028,"command":"popup-yellow","barrierControl":71}
{"event":"popup-destroyed","sequence":235,"controlSequence":72,"rootCommits":23,"childCommits":33,"serial":187,"width":320,"height":240,"monotonicNs":252457856235244}
{"event":"request","sequence":236,"controlSequence":72,"rootCommits":23,"childCommits":33,"serial":187,"width":320,"height":240,"monotonicNs":252457856245793,"command":"popup-destroy"}
{"event":"server-barrier","sequence":237,"controlSequence":72,"rootCommits":23,"childCommits":33,"serial":187,"width":320,"height":240,"monotonicNs":252457856507319,"command":"popup-destroy","barrierControl":72}
{"event":"request","sequence":238,"controlSequence":73,"rootCommits":23,"childCommits":33,"serial":187,"width":320,"height":240,"monotonicNs":252457906834197,"command":"popup-create"}
{"event":"server-barrier","sequence":239,"controlSequence":73,"rootCommits":23,"childCommits":33,"serial":187,"width":320,"height":240,"monotonicNs":252457906971867,"command":"popup-create","barrierControl":73}
{"event":"buffercommit","sequence":240,"controlSequence":73,"rootCommits":23,"childCommits":33,"serial":187,"width":320,"height":240,"monotonicNs":252457907022190}
{"event":"popup-buffercommit","sequence":241,"controlSequence":73,"rootCommits":23,"childCommits":33,"serial":187,"width":320,"height":240,"monotonicNs":252457907025850,"popupCommits":11,"popupSerial":192,"popupColor":4278255615}
{"event":"popup-configured","sequence":242,"controlSequence":73,"rootCommits":23,"childCommits":33,"serial":187,"width":320,"height":240,"monotonicNs":252457907027781,"popupSerial":192,"popupCommits":11,"popupGeometry":[291,211,64,48]}
{"event":"buffer-release","sequence":243,"controlSequence":73,"rootCommits":23,"childCommits":33,"serial":187,"width":320,"height":240,"monotonicNs":252457907329372}
{"event":"request","sequence":244,"controlSequence":74,"rootCommits":23,"childCommits":33,"serial":187,"width":320,"height":240,"monotonicNs":252457958296532,"command":"popup-reposition"}
{"event":"popup-repositioned","sequence":245,"controlSequence":74,"rootCommits":23,"childCommits":33,"serial":187,"width":320,"height":240,"monotonicNs":252457958418900,"repositionToken":2}
{"event":"server-barrier","sequence":246,"controlSequence":74,"rootCommits":23,"childCommits":33,"serial":187,"width":320,"height":240,"monotonicNs":252457958425237,"command":"popup-reposition","barrierControl":74}
{"event":"buffercommit","sequence":247,"controlSequence":74,"rootCommits":23,"childCommits":33,"serial":187,"width":320,"height":240,"monotonicNs":252457958461533}
{"event":"popup-buffercommit","sequence":248,"controlSequence":74,"rootCommits":23,"childCommits":33,"serial":187,"width":320,"height":240,"monotonicNs":252457958464749,"popupCommits":12,"popupSerial":193,"popupColor":4278255615}
{"event":"popup-configured","sequence":249,"controlSequence":74,"rootCommits":23,"childCommits":33,"serial":187,"width":320,"height":240,"monotonicNs":252457958466688,"popupSerial":193,"popupCommits":12,"popupGeometry":[101,81,64,48]}
{"event":"buffer-release","sequence":250,"controlSequence":74,"rootCommits":23,"childCommits":33,"serial":187,"width":320,"height":240,"monotonicNs":252457958705547}
{"event":"popup-destroyed","sequence":251,"controlSequence":75,"rootCommits":23,"childCommits":33,"serial":187,"width":320,"height":240,"monotonicNs":252458009629295}
{"event":"request","sequence":252,"controlSequence":75,"rootCommits":23,"childCommits":33,"serial":187,"width":320,"height":240,"monotonicNs":252458009641283,"command":"popup-destroy"}
{"event":"server-barrier","sequence":253,"controlSequence":75,"rootCommits":23,"childCommits":33,"serial":187,"width":320,"height":240,"monotonicNs":252458009899907,"command":"popup-destroy","barrierControl":75}
{"event":"request","sequence":254,"controlSequence":76,"rootCommits":23,"childCommits":33,"serial":187,"width":320,"height":240,"monotonicNs":252458060169141,"command":"popup-create"}
{"event":"server-barrier","sequence":255,"controlSequence":76,"rootCommits":23,"childCommits":33,"serial":187,"width":320,"height":240,"monotonicNs":252458060361154,"command":"popup-create","barrierControl":76}
{"event":"buffercommit","sequence":256,"controlSequence":76,"rootCommits":23,"childCommits":33,"serial":187,"width":320,"height":240,"monotonicNs":252458060398290}
{"event":"popup-buffercommit","sequence":257,"controlSequence":76,"rootCommits":23,"childCommits":33,"serial":187,"width":320,"height":240,"monotonicNs":252458060401704,"popupCommits":14,"popupSerial":194,"popupColor":4278255615}
{"event":"popup-configured","sequence":258,"controlSequence":76,"rootCommits":23,"childCommits":33,"serial":187,"width":320,"height":240,"monotonicNs":252458060403424,"popupSerial":194,"popupCommits":14,"popupGeometry":[291,211,64,48]}
{"event":"buffer-release","sequence":259,"controlSequence":76,"rootCommits":23,"childCommits":33,"serial":187,"width":320,"height":240,"monotonicNs":252458060704437}
{"event":"buffercommit","sequence":260,"controlSequence":77,"rootCommits":23,"childCommits":33,"serial":187,"width":320,"height":240,"monotonicNs":252458086398346}
{"event":"popup-buffercommit","sequence":261,"controlSequence":77,"rootCommits":23,"childCommits":33,"serial":187,"width":320,"height":240,"monotonicNs":252458086406851,"popupCommits":15,"popupSerial":194,"popupColor":4294967040}
{"event":"request","sequence":262,"controlSequence":77,"rootCommits":23,"childCommits":33,"serial":187,"width":320,"height":240,"monotonicNs":252458086409982,"command":"popup-yellow"}
{"event":"buffer-release","sequence":263,"controlSequence":77,"rootCommits":23,"childCommits":33,"serial":187,"width":320,"height":240,"monotonicNs":252458086616542}
{"event":"server-barrier","sequence":264,"controlSequence":77,"rootCommits":23,"childCommits":33,"serial":187,"width":320,"height":240,"monotonicNs":252458086633110,"command":"popup-yellow","barrierControl":77}
{"event":"popup-destroyed","sequence":265,"controlSequence":78,"rootCommits":23,"childCommits":33,"serial":187,"width":320,"height":240,"monotonicNs":252458137337929}
{"event":"request","sequence":266,"controlSequence":78,"rootCommits":23,"childCommits":33,"serial":187,"width":320,"height":240,"monotonicNs":252458137347285,"command":"popup-destroy"}
{"event":"server-barrier","sequence":267,"controlSequence":78,"rootCommits":23,"childCommits":33,"serial":187,"width":320,"height":240,"monotonicNs":252458137536144,"command":"popup-destroy","barrierControl":78}
{"event":"request","sequence":268,"controlSequence":79,"rootCommits":23,"childCommits":33,"serial":187,"width":320,"height":240,"monotonicNs":252458187890663,"command":"popup-create"}
{"event":"server-barrier","sequence":269,"controlSequence":79,"rootCommits":23,"childCommits":33,"serial":187,"width":320,"height":240,"monotonicNs":252458188025340,"command":"popup-create","barrierControl":79}
{"event":"buffercommit","sequence":270,"controlSequence":79,"rootCommits":23,"childCommits":33,"serial":187,"width":320,"height":240,"monotonicNs":252458188071536}
{"event":"popup-buffercommit","sequence":271,"controlSequence":79,"rootCommits":23,"childCommits":33,"serial":187,"width":320,"height":240,"monotonicNs":252458188074767,"popupCommits":17,"popupSerial":195,"popupColor":4278255615}
{"event":"popup-configured","sequence":272,"controlSequence":79,"rootCommits":23,"childCommits":33,"serial":187,"width":320,"height":240,"monotonicNs":252458188076432,"popupSerial":195,"popupCommits":17,"popupGeometry":[291,211,64,48]}
{"event":"buffer-release","sequence":273,"controlSequence":79,"rootCommits":23,"childCommits":33,"serial":187,"width":320,"height":240,"monotonicNs":252458188279076}
{"event":"popup-destroyed","sequence":274,"controlSequence":80,"rootCommits":23,"childCommits":33,"serial":187,"width":320,"height":240,"monotonicNs":252458239178829}
{"event":"request","sequence":275,"controlSequence":80,"rootCommits":23,"childCommits":33,"serial":187,"width":320,"height":240,"monotonicNs":252458239190066,"command":"popup-destroy"}
{"event":"server-barrier","sequence":276,"controlSequence":80,"rootCommits":23,"childCommits":33,"serial":187,"width":320,"height":240,"monotonicNs":252458239458209,"command":"popup-destroy","barrierControl":80}
{"event":"request","sequence":277,"controlSequence":81,"rootCommits":23,"childCommits":33,"serial":187,"width":320,"height":240,"monotonicNs":252458283884675,"command":"modal-create"}
{"event":"server-barrier","sequence":278,"controlSequence":81,"rootCommits":23,"childCommits":33,"serial":187,"width":320,"height":240,"monotonicNs":252458284062062,"command":"modal-create","barrierControl":81}
{"event":"buffercommit","sequence":279,"controlSequence":81,"rootCommits":23,"childCommits":33,"serial":187,"width":320,"height":240,"monotonicNs":252458284117518}
{"event":"modal-buffercommit","sequence":280,"controlSequence":81,"rootCommits":23,"childCommits":33,"serial":187,"width":320,"height":240,"monotonicNs":252458284121167,"modalCommits":2,"modalSerial":196,"modalColor":4294902015,"modalSize":[96,64]}
{"event":"modal-configured","sequence":281,"controlSequence":81,"rootCommits":23,"childCommits":33,"serial":187,"width":320,"height":240,"monotonicNs":252458284122947,"modalSerial":196,"modalCommits":2}
{"event":"buffer-release","sequence":282,"controlSequence":81,"rootCommits":23,"childCommits":33,"serial":187,"width":320,"height":240,"monotonicNs":252458284587906}
{"event":"modal-configured","sequence":283,"controlSequence":81,"rootCommits":23,"childCommits":33,"serial":187,"width":320,"height":240,"monotonicNs":252458284604803,"modalSerial":197,"modalCommits":2}
{"event":"ack-configure","sequence":284,"controlSequence":81,"rootCommits":23,"childCommits":33,"serial":198,"width":320,"height":240,"monotonicNs":252458284608385}
{"event":"modal-configured","sequence":285,"controlSequence":81,"rootCommits":23,"childCommits":33,"serial":198,"width":320,"height":240,"monotonicNs":252458330847133,"modalSerial":199,"modalCommits":2}
{"event":"buffercommit","sequence":286,"controlSequence":82,"rootCommits":23,"childCommits":33,"serial":198,"width":320,"height":240,"monotonicNs":252458356081274}
{"event":"modal-buffercommit","sequence":287,"controlSequence":82,"rootCommits":23,"childCommits":33,"serial":198,"width":320,"height":240,"monotonicNs":252458356091247,"modalCommits":3,"modalSerial":199,"modalColor":4294967040,"modalSize":[96,64]}
{"event":"request","sequence":288,"controlSequence":82,"rootCommits":23,"childCommits":33,"serial":198,"width":320,"height":240,"monotonicNs":252458356093780,"command":"modal-yellow"}
{"event":"buffer-release","sequence":289,"controlSequence":82,"rootCommits":23,"childCommits":33,"serial":198,"width":320,"height":240,"monotonicNs":252458356311022}
{"event":"server-barrier","sequence":290,"controlSequence":82,"rootCommits":23,"childCommits":33,"serial":198,"width":320,"height":240,"monotonicNs":252458356421272,"command":"modal-yellow","barrierControl":82}
{"event":"request","sequence":291,"controlSequence":83,"rootCommits":23,"childCommits":33,"serial":198,"width":320,"height":240,"monotonicNs":252458382166119,"command":"modal-unset"}
{"event":"server-barrier","sequence":292,"controlSequence":83,"rootCommits":23,"childCommits":33,"serial":198,"width":320,"height":240,"monotonicNs":252458382268852,"command":"modal-unset","barrierControl":83}
{"event":"modal-configured","sequence":293,"controlSequence":83,"rootCommits":23,"childCommits":33,"serial":198,"width":320,"height":240,"monotonicNs":252458422477822,"modalSerial":200,"modalCommits":3}
{"event":"ack-configure","sequence":294,"controlSequence":83,"rootCommits":23,"childCommits":33,"serial":201,"width":320,"height":240,"monotonicNs":252458422492255}
{"event":"request","sequence":295,"controlSequence":84,"rootCommits":23,"childCommits":33,"serial":201,"width":320,"height":240,"monotonicNs":252458447646054,"command":"modal-set"}
{"event":"server-barrier","sequence":296,"controlSequence":84,"rootCommits":23,"childCommits":33,"serial":201,"width":320,"height":240,"monotonicNs":252458447682473,"command":"modal-set","barrierControl":84}
{"event":"ack-configure","sequence":297,"controlSequence":84,"rootCommits":23,"childCommits":33,"serial":202,"width":320,"height":240,"monotonicNs":252458465815775}
{"event":"modal-configured","sequence":298,"controlSequence":84,"rootCommits":23,"childCommits":33,"serial":202,"width":320,"height":240,"monotonicNs":252458465827769,"modalSerial":203,"modalCommits":3}
{"event":"request","sequence":299,"controlSequence":85,"rootCommits":23,"childCommits":33,"serial":202,"width":320,"height":240,"monotonicNs":252458490980649,"command":"modal-unparent"}
{"event":"server-barrier","sequence":300,"controlSequence":85,"rootCommits":23,"childCommits":33,"serial":202,"width":320,"height":240,"monotonicNs":252458491179583,"command":"modal-unparent","barrierControl":85}
{"event":"modal-configured","sequence":301,"controlSequence":85,"rootCommits":23,"childCommits":33,"serial":202,"width":320,"height":240,"monotonicNs":252458509520145,"modalSerial":204,"modalCommits":3}
{"event":"ack-configure","sequence":302,"controlSequence":85,"rootCommits":23,"childCommits":33,"serial":205,"width":320,"height":240,"monotonicNs":252458509532332}
{"event":"request","sequence":303,"controlSequence":86,"rootCommits":23,"childCommits":33,"serial":205,"width":320,"height":240,"monotonicNs":252458534685758,"command":"modal-reparent"}
{"event":"server-barrier","sequence":304,"controlSequence":86,"rootCommits":23,"childCommits":33,"serial":205,"width":320,"height":240,"monotonicNs":252458534712911,"command":"modal-reparent","barrierControl":86}
{"event":"ack-configure","sequence":305,"controlSequence":86,"rootCommits":23,"childCommits":33,"serial":206,"width":320,"height":240,"monotonicNs":252458552976651}
{"event":"modal-configured","sequence":306,"controlSequence":86,"rootCommits":23,"childCommits":33,"serial":206,"width":320,"height":240,"monotonicNs":252458552987813,"modalSerial":207,"modalCommits":3}
{"event":"ack-configure","sequence":307,"controlSequence":86,"rootCommits":23,"childCommits":33,"serial":208,"width":320,"height":240,"monotonicNs":252458554575951}
{"event":"modal-configured","sequence":308,"controlSequence":86,"rootCommits":23,"childCommits":33,"serial":208,"width":320,"height":240,"monotonicNs":252458554590136,"modalSerial":209,"modalCommits":3}
{"event":"ack-configure","sequence":309,"controlSequence":86,"rootCommits":23,"childCommits":33,"serial":211,"width":320,"height":240,"monotonicNs":252458555566274}
{"event":"modal-configured","sequence":310,"controlSequence":86,"rootCommits":23,"childCommits":33,"serial":211,"width":320,"height":240,"monotonicNs":252458555573918,"modalSerial":212,"modalCommits":3}
{"event":"modal-destroyed","sequence":311,"controlSequence":87,"rootCommits":23,"childCommits":33,"serial":211,"width":320,"height":240,"monotonicNs":252458580656392}
{"event":"request","sequence":312,"controlSequence":87,"rootCommits":23,"childCommits":33,"serial":211,"width":320,"height":240,"monotonicNs":252458580665079,"command":"modal-destroy"}
{"event":"server-barrier","sequence":313,"controlSequence":87,"rootCommits":23,"childCommits":33,"serial":211,"width":320,"height":240,"monotonicNs":252458580923467,"command":"modal-destroy","barrierControl":87}
{"event":"ack-configure","sequence":314,"controlSequence":87,"rootCommits":23,"childCommits":33,"serial":216,"width":320,"height":240,"monotonicNs":252458580935324}
{"event":"request","sequence":315,"controlSequence":88,"rootCommits":23,"childCommits":33,"serial":216,"width":320,"height":240,"monotonicNs":252458606195481,"command":"modal-create"}
{"event":"server-barrier","sequence":316,"controlSequence":88,"rootCommits":23,"childCommits":33,"serial":216,"width":320,"height":240,"monotonicNs":252458606345975,"command":"modal-create","barrierControl":88}
{"event":"buffercommit","sequence":317,"controlSequence":88,"rootCommits":23,"childCommits":33,"serial":216,"width":320,"height":240,"monotonicNs":252458606395605}
{"event":"modal-buffercommit","sequence":318,"controlSequence":88,"rootCommits":23,"childCommits":33,"serial":216,"width":320,"height":240,"monotonicNs":252458606399136,"modalCommits":5,"modalSerial":217,"modalColor":4294902015,"modalSize":[96,64]}
{"event":"modal-configured","sequence":319,"controlSequence":88,"rootCommits":23,"childCommits":33,"serial":216,"width":320,"height":240,"monotonicNs":252458606401334,"modalSerial":217,"modalCommits":5}
{"event":"buffer-release","sequence":320,"controlSequence":88,"rootCommits":23,"childCommits":33,"serial":216,"width":320,"height":240,"monotonicNs":252458606806592}
{"event":"modal-configured","sequence":321,"controlSequence":88,"rootCommits":23,"childCommits":33,"serial":216,"width":320,"height":240,"monotonicNs":252458606824663,"modalSerial":218,"modalCommits":5}
{"event":"modal-destroyed","sequence":322,"controlSequence":89,"rootCommits":23,"childCommits":33,"serial":216,"width":320,"height":240,"monotonicNs":252458657629089}
{"event":"request","sequence":323,"controlSequence":89,"rootCommits":23,"childCommits":33,"serial":216,"width":320,"height":240,"monotonicNs":252458657639872,"command":"modal-destroy"}
{"event":"server-barrier","sequence":324,"controlSequence":89,"rootCommits":23,"childCommits":33,"serial":216,"width":320,"height":240,"monotonicNs":252458658196925,"command":"modal-destroy","barrierControl":89}
{"event":"ack-configure","sequence":325,"controlSequence":89,"rootCommits":23,"childCommits":33,"serial":222,"width":320,"height":240,"monotonicNs":252458658205965}
{"event":"request","sequence":326,"controlSequence":90,"rootCommits":23,"childCommits":33,"serial":222,"width":320,"height":240,"monotonicNs":252458708397087,"command":"modal-create"}
{"event":"server-barrier","sequence":327,"controlSequence":90,"rootCommits":23,"childCommits":33,"serial":222,"width":320,"height":240,"monotonicNs":252458708583993,"command":"modal-create","barrierControl":90}
{"event":"buffercommit","sequence":328,"controlSequence":90,"rootCommits":23,"childCommits":33,"serial":222,"width":320,"height":240,"monotonicNs":252458708630745}
{"event":"modal-buffercommit","sequence":329,"controlSequence":90,"rootCommits":23,"childCommits":33,"serial":222,"width":320,"height":240,"monotonicNs":252458708639099,"modalCommits":7,"modalSerial":223,"modalColor":4294902015,"modalSize":[96,64]}
{"event":"modal-configured","sequence":330,"controlSequence":90,"rootCommits":23,"childCommits":33,"serial":222,"width":320,"height":240,"monotonicNs":252458708641446,"modalSerial":223,"modalCommits":7}
{"event":"buffer-release","sequence":331,"controlSequence":90,"rootCommits":23,"childCommits":33,"serial":222,"width":320,"height":240,"monotonicNs":252458709041791}
{"event":"modal-configured","sequence":332,"controlSequence":90,"rootCommits":23,"childCommits":33,"serial":222,"width":320,"height":240,"monotonicNs":252458709051377,"modalSerial":224,"modalCommits":7}
{"event":"modal-destroyed","sequence":333,"controlSequence":91,"rootCommits":23,"childCommits":33,"serial":222,"width":320,"height":240,"monotonicNs":252458760155468}
{"event":"request","sequence":334,"controlSequence":91,"rootCommits":23,"childCommits":33,"serial":222,"width":320,"height":240,"monotonicNs":252458760165967,"command":"modal-destroy"}
{"event":"server-barrier","sequence":335,"controlSequence":91,"rootCommits":23,"childCommits":33,"serial":222,"width":320,"height":240,"monotonicNs":252458760516277,"command":"modal-destroy","barrierControl":91}
{"event":"ack-configure","sequence":336,"controlSequence":91,"rootCommits":23,"childCommits":33,"serial":228,"width":320,"height":240,"monotonicNs":252458760523990}
{"event":"request","sequence":337,"controlSequence":92,"rootCommits":23,"childCommits":33,"serial":228,"width":320,"height":240,"monotonicNs":252458810869037,"command":"modal-create"}
{"event":"server-barrier","sequence":338,"controlSequence":92,"rootCommits":23,"childCommits":33,"serial":228,"width":320,"height":240,"monotonicNs":252458811135835,"command":"modal-create","barrierControl":92}
{"event":"buffercommit","sequence":339,"controlSequence":92,"rootCommits":23,"childCommits":33,"serial":228,"width":320,"height":240,"monotonicNs":252458811186493}
{"event":"modal-buffercommit","sequence":340,"controlSequence":92,"rootCommits":23,"childCommits":33,"serial":228,"width":320,"height":240,"monotonicNs":252458811189858,"modalCommits":9,"modalSerial":229,"modalColor":4294902015,"modalSize":[96,64]}
{"event":"modal-configured","sequence":341,"controlSequence":92,"rootCommits":23,"childCommits":33,"serial":228,"width":320,"height":240,"monotonicNs":252458811191490,"modalSerial":229,"modalCommits":9}
{"event":"buffer-release","sequence":342,"controlSequence":92,"rootCommits":23,"childCommits":33,"serial":228,"width":320,"height":240,"monotonicNs":252458811611318}
{"event":"modal-configured","sequence":343,"controlSequence":92,"rootCommits":23,"childCommits":33,"serial":228,"width":320,"height":240,"monotonicNs":252458811629005,"modalSerial":230,"modalCommits":9}
{"event":"request","sequence":344,"controlSequence":93,"rootCommits":23,"childCommits":33,"serial":228,"width":320,"height":240,"monotonicNs":252458837434293,"command":"modal-unset"}
{"event":"server-barrier","sequence":345,"controlSequence":93,"rootCommits":23,"childCommits":33,"serial":228,"width":320,"height":240,"monotonicNs":252458837515278,"command":"modal-unset","barrierControl":93}
{"event":"request","sequence":346,"controlSequence":94,"rootCommits":23,"childCommits":33,"serial":228,"width":320,"height":240,"monotonicNs":252458887660144,"command":"modal-set"}
{"event":"server-barrier","sequence":347,"controlSequence":94,"rootCommits":23,"childCommits":33,"serial":228,"width":320,"height":240,"monotonicNs":252458887803278,"command":"modal-set","barrierControl":94}
{"event":"modal-destroyed","sequence":348,"controlSequence":95,"rootCommits":23,"childCommits":33,"serial":228,"width":320,"height":240,"monotonicNs":252458938027580}
{"event":"request","sequence":349,"controlSequence":95,"rootCommits":23,"childCommits":33,"serial":228,"width":320,"height":240,"monotonicNs":252458938038140,"command":"modal-destroy"}
{"event":"server-barrier","sequence":350,"controlSequence":95,"rootCommits":23,"childCommits":33,"serial":228,"width":320,"height":240,"monotonicNs":252458938372797,"command":"modal-destroy","barrierControl":95}
{"event":"ack-configure","sequence":351,"controlSequence":95,"rootCommits":23,"childCommits":33,"serial":234,"width":320,"height":240,"monotonicNs":252458938384965}
{"event":"request","sequence":352,"controlSequence":96,"rootCommits":23,"childCommits":33,"serial":234,"width":320,"height":240,"monotonicNs":252458988649973,"command":"modal-create"}
{"event":"server-barrier","sequence":353,"controlSequence":96,"rootCommits":23,"childCommits":33,"serial":234,"width":320,"height":240,"monotonicNs":252458988907754,"command":"modal-create","barrierControl":96}
{"event":"buffercommit","sequence":354,"controlSequence":96,"rootCommits":23,"childCommits":33,"serial":234,"width":320,"height":240,"monotonicNs":252458988956208}
{"event":"modal-buffercommit","sequence":355,"controlSequence":96,"rootCommits":23,"childCommits":33,"serial":234,"width":320,"height":240,"monotonicNs":252458988959310,"modalCommits":11,"modalSerial":235,"modalColor":4294902015,"modalSize":[96,64]}
{"event":"modal-configured","sequence":356,"controlSequence":96,"rootCommits":23,"childCommits":33,"serial":234,"width":320,"height":240,"monotonicNs":252458988960848,"modalSerial":235,"modalCommits":11}
{"event":"buffer-release","sequence":357,"controlSequence":96,"rootCommits":23,"childCommits":33,"serial":234,"width":320,"height":240,"monotonicNs":252458989409041}
{"event":"modal-configured","sequence":358,"controlSequence":96,"rootCommits":23,"childCommits":33,"serial":234,"width":320,"height":240,"monotonicNs":252458989426129,"modalSerial":236,"modalCommits":11}
{"event":"request","sequence":359,"controlSequence":97,"rootCommits":23,"childCommits":33,"serial":234,"width":320,"height":240,"monotonicNs":252459015343174,"command":"modal-unparent"}
{"event":"server-barrier","sequence":360,"controlSequence":97,"rootCommits":23,"childCommits":33,"serial":234,"width":320,"height":240,"monotonicNs":252459015450963,"command":"modal-unparent","barrierControl":97}
{"event":"request","sequence":361,"controlSequence":98,"rootCommits":23,"childCommits":33,"serial":234,"width":320,"height":240,"monotonicNs":252459065796144,"command":"modal-reparent"}
{"event":"server-barrier","sequence":362,"controlSequence":98,"rootCommits":23,"childCommits":33,"serial":234,"width":320,"height":240,"monotonicNs":252459065893719,"command":"modal-reparent","barrierControl":98}
{"event":"modal-destroyed","sequence":363,"controlSequence":99,"rootCommits":23,"childCommits":33,"serial":234,"width":320,"height":240,"monotonicNs":252459116132719}
{"event":"request","sequence":364,"controlSequence":99,"rootCommits":23,"childCommits":33,"serial":234,"width":320,"height":240,"monotonicNs":252459116146434,"command":"modal-destroy"}
{"event":"server-barrier","sequence":365,"controlSequence":99,"rootCommits":23,"childCommits":33,"serial":234,"width":320,"height":240,"monotonicNs":252459116615316,"command":"modal-destroy","barrierControl":99}
{"event":"ack-configure","sequence":366,"controlSequence":99,"rootCommits":23,"childCommits":33,"serial":240,"width":320,"height":240,"monotonicNs":252459116623162}
{"event":"request","sequence":367,"controlSequence":100,"rootCommits":23,"childCommits":33,"serial":240,"width":320,"height":240,"monotonicNs":252459167007244,"command":"modal-create"}
{"event":"server-barrier","sequence":368,"controlSequence":100,"rootCommits":23,"childCommits":33,"serial":240,"width":320,"height":240,"monotonicNs":252459167210324,"command":"modal-create","barrierControl":100}
{"event":"buffercommit","sequence":369,"controlSequence":100,"rootCommits":23,"childCommits":33,"serial":240,"width":320,"height":240,"monotonicNs":252459167261499}
{"event":"modal-buffercommit","sequence":370,"controlSequence":100,"rootCommits":23,"childCommits":33,"serial":240,"width":320,"height":240,"monotonicNs":252459167265030,"modalCommits":13,"modalSerial":241,"modalColor":4294902015,"modalSize":[96,64]}
{"event":"modal-configured","sequence":371,"controlSequence":100,"rootCommits":23,"childCommits":33,"serial":240,"width":320,"height":240,"monotonicNs":252459167270618,"modalSerial":241,"modalCommits":13}
{"event":"buffer-release","sequence":372,"controlSequence":100,"rootCommits":23,"childCommits":33,"serial":240,"width":320,"height":240,"monotonicNs":252459167724699}
{"event":"modal-configured","sequence":373,"controlSequence":100,"rootCommits":23,"childCommits":33,"serial":240,"width":320,"height":240,"monotonicNs":252459167742635,"modalSerial":242,"modalCommits":13}
{"event":"buffercommit","sequence":374,"controlSequence":101,"rootCommits":23,"childCommits":33,"serial":240,"width":320,"height":240,"monotonicNs":252459193700127}
{"event":"modal-buffercommit","sequence":375,"controlSequence":101,"rootCommits":23,"childCommits":33,"serial":240,"width":320,"height":240,"monotonicNs":252459193710282,"modalCommits":14,"modalSerial":242,"modalColor":4294967040,"modalSize":[96,64]}
{"event":"request","sequence":376,"controlSequence":101,"rootCommits":23,"childCommits":33,"serial":240,"width":320,"height":240,"monotonicNs":252459193712954,"command":"modal-yellow"}
{"event":"buffer-release","sequence":377,"controlSequence":101,"rootCommits":23,"childCommits":33,"serial":240,"width":320,"height":240,"monotonicNs":252459193925441}
{"event":"server-barrier","sequence":378,"controlSequence":101,"rootCommits":23,"childCommits":33,"serial":240,"width":320,"height":240,"monotonicNs":252459193935116,"command":"modal-yellow","barrierControl":101}
{"event":"modal-destroyed","sequence":379,"controlSequence":102,"rootCommits":23,"childCommits":33,"serial":240,"width":320,"height":240,"monotonicNs":252459245047691}
{"event":"request","sequence":380,"controlSequence":102,"rootCommits":23,"childCommits":33,"serial":240,"width":320,"height":240,"monotonicNs":252459245063590,"command":"modal-destroy"}
{"event":"server-barrier","sequence":381,"controlSequence":102,"rootCommits":23,"childCommits":33,"serial":240,"width":320,"height":240,"monotonicNs":252459245502716,"command":"modal-destroy","barrierControl":102}
{"event":"ack-configure","sequence":382,"controlSequence":102,"rootCommits":23,"childCommits":33,"serial":246,"width":320,"height":240,"monotonicNs":252459245509814}
{"event":"request","sequence":383,"controlSequence":103,"rootCommits":23,"childCommits":33,"serial":246,"width":320,"height":240,"monotonicNs":252459295883203,"command":"modal-create"}
{"event":"server-barrier","sequence":384,"controlSequence":103,"rootCommits":23,"childCommits":33,"serial":246,"width":320,"height":240,"monotonicNs":252459296123252,"command":"modal-create","barrierControl":103}
{"event":"buffercommit","sequence":385,"controlSequence":103,"rootCommits":23,"childCommits":33,"serial":246,"width":320,"height":240,"monotonicNs":252459296168118}
{"event":"modal-buffercommit","sequence":386,"controlSequence":103,"rootCommits":23,"childCommits":33,"serial":246,"width":320,"height":240,"monotonicNs":252459296171043,"modalCommits":16,"modalSerial":247,"modalColor":4294902015,"modalSize":[96,64]}
{"event":"modal-configured","sequence":387,"controlSequence":103,"rootCommits":23,"childCommits":33,"serial":246,"width":320,"height":240,"monotonicNs":252459296173133,"modalSerial":247,"modalCommits":16}
{"event":"buffer-release","sequence":388,"controlSequence":103,"rootCommits":23,"childCommits":33,"serial":246,"width":320,"height":240,"monotonicNs":252459296644751}
{"event":"modal-configured","sequence":389,"controlSequence":103,"rootCommits":23,"childCommits":33,"serial":246,"width":320,"height":240,"monotonicNs":252459296663002,"modalSerial":248,"modalCommits":16}
{"event":"modal-destroyed","sequence":390,"controlSequence":104,"rootCommits":23,"childCommits":33,"serial":246,"width":320,"height":240,"monotonicNs":252459347749031}
{"event":"request","sequence":391,"controlSequence":104,"rootCommits":23,"childCommits":33,"serial":246,"width":320,"height":240,"monotonicNs":252459347761500,"command":"modal-destroy"}
{"event":"server-barrier","sequence":392,"controlSequence":104,"rootCommits":23,"childCommits":33,"serial":246,"width":320,"height":240,"monotonicNs":252459348232716,"command":"modal-destroy","barrierControl":104}
{"event":"ack-configure","sequence":393,"controlSequence":104,"rootCommits":23,"childCommits":33,"serial":252,"width":320,"height":240,"monotonicNs":252459348245637}
{"event":"request","sequence":394,"controlSequence":105,"rootCommits":23,"childCommits":33,"serial":252,"width":320,"height":240,"monotonicNs":252459373328914,"command":"modal-create"}
{"event":"server-barrier","sequence":395,"controlSequence":105,"rootCommits":23,"childCommits":33,"serial":252,"width":320,"height":240,"monotonicNs":252459373509907,"command":"modal-create","barrierControl":105}
{"event":"buffercommit","sequence":396,"controlSequence":105,"rootCommits":23,"childCommits":33,"serial":252,"width":320,"height":240,"monotonicNs":252459373562301}
{"event":"modal-buffercommit","sequence":397,"controlSequence":105,"rootCommits":23,"childCommits":33,"serial":252,"width":320,"height":240,"monotonicNs":252459373565767,"modalCommits":18,"modalSerial":253,"modalColor":4294902015,"modalSize":[96,64]}
{"event":"modal-configured","sequence":398,"controlSequence":105,"rootCommits":23,"childCommits":33,"serial":252,"width":320,"height":240,"monotonicNs":252459373567384,"modalSerial":253,"modalCommits":18}
{"event":"buffer-release","sequence":399,"controlSequence":105,"rootCommits":23,"childCommits":33,"serial":252,"width":320,"height":240,"monotonicNs":252459373996932}
{"event":"modal-configured","sequence":400,"controlSequence":105,"rootCommits":23,"childCommits":33,"serial":252,"width":320,"height":240,"monotonicNs":252459374140059,"modalSerial":254,"modalCommits":18}
{"event":"modal-destroyed","sequence":401,"controlSequence":106,"rootCommits":23,"childCommits":33,"serial":252,"width":320,"height":240,"monotonicNs":252459425143656}
{"event":"request","sequence":402,"controlSequence":106,"rootCommits":23,"childCommits":33,"serial":252,"width":320,"height":240,"monotonicNs":252459425155913,"command":"modal-destroy"}
{"event":"server-barrier","sequence":403,"controlSequence":106,"rootCommits":23,"childCommits":33,"serial":252,"width":320,"height":240,"monotonicNs":252459425594052,"command":"modal-destroy","barrierControl":106}
{"event":"ack-configure","sequence":404,"controlSequence":106,"rootCommits":23,"childCommits":33,"serial":258,"width":320,"height":240,"monotonicNs":252459425601556}
{"event":"request","sequence":405,"controlSequence":107,"rootCommits":23,"childCommits":33,"serial":258,"width":320,"height":240,"monotonicNs":252459526104727,"command":"modal-create"}
{"event":"server-barrier","sequence":406,"controlSequence":107,"rootCommits":23,"childCommits":33,"serial":258,"width":320,"height":240,"monotonicNs":252459526273042,"command":"modal-create","barrierControl":107}
{"event":"buffercommit","sequence":407,"controlSequence":107,"rootCommits":23,"childCommits":33,"serial":258,"width":320,"height":240,"monotonicNs":252459526316183}
{"event":"modal-buffercommit","sequence":408,"controlSequence":107,"rootCommits":23,"childCommits":33,"serial":258,"width":320,"height":240,"monotonicNs":252459526319572,"modalCommits":20,"modalSerial":259,"modalColor":4294902015,"modalSize":[96,64]}
{"event":"modal-configured","sequence":409,"controlSequence":107,"rootCommits":23,"childCommits":33,"serial":258,"width":320,"height":240,"monotonicNs":252459526321262,"modalSerial":259,"modalCommits":20}
{"event":"buffer-release","sequence":410,"controlSequence":107,"rootCommits":23,"childCommits":33,"serial":258,"width":320,"height":240,"monotonicNs":252459526795371}
{"event":"modal-configured","sequence":411,"controlSequence":107,"rootCommits":23,"childCommits":33,"serial":258,"width":320,"height":240,"monotonicNs":252459526809354,"modalSerial":260,"modalCommits":20}
{"event":"buffercommit","sequence":412,"controlSequence":108,"rootCommits":23,"childCommits":33,"serial":258,"width":320,"height":240,"monotonicNs":252459628250891}
{"event":"modal-buffercommit","sequence":413,"controlSequence":108,"rootCommits":23,"childCommits":33,"serial":258,"width":320,"height":240,"monotonicNs":252459628266527,"modalCommits":21,"modalSerial":260,"modalColor":4294967040,"modalSize":[96,64]}
{"event":"request","sequence":414,"controlSequence":108,"rootCommits":23,"childCommits":33,"serial":258,"width":320,"height":240,"monotonicNs":252459628274024,"command":"modal-yellow"}
{"event":"buffer-release","sequence":415,"controlSequence":108,"rootCommits":23,"childCommits":33,"serial":258,"width":320,"height":240,"monotonicNs":252459628560270}
{"event":"server-barrier","sequence":416,"controlSequence":108,"rootCommits":23,"childCommits":33,"serial":258,"width":320,"height":240,"monotonicNs":252459628576028,"command":"modal-yellow","barrierControl":108}
{"event":"request","sequence":417,"controlSequence":109,"rootCommits":23,"childCommits":33,"serial":258,"width":320,"height":240,"monotonicNs":252459729515227,"command":"popup-create"}
{"event":"server-barrier","sequence":418,"controlSequence":109,"rootCommits":23,"childCommits":33,"serial":258,"width":320,"height":240,"monotonicNs":252459729655109,"command":"popup-create","barrierControl":109}
{"event":"buffercommit","sequence":419,"controlSequence":109,"rootCommits":23,"childCommits":33,"serial":258,"width":320,"height":240,"monotonicNs":252459729697677}
{"event":"popup-buffercommit","sequence":420,"controlSequence":109,"rootCommits":23,"childCommits":33,"serial":258,"width":320,"height":240,"monotonicNs":252459729700985,"popupCommits":19,"popupSerial":262,"popupColor":4278255615}
{"event":"popup-configured","sequence":421,"controlSequence":109,"rootCommits":23,"childCommits":33,"serial":258,"width":320,"height":240,"monotonicNs":252459729703128,"popupSerial":262,"popupCommits":19,"popupGeometry":[291,211,64,48]}
{"event":"buffer-release","sequence":422,"controlSequence":109,"rootCommits":23,"childCommits":33,"serial":258,"width":320,"height":240,"monotonicNs":252459730008389}
{"event":"popup-destroyed","sequence":423,"controlSequence":110,"rootCommits":23,"childCommits":33,"serial":258,"width":320,"height":240,"monotonicNs":252459809052977}
{"event":"request","sequence":424,"controlSequence":110,"rootCommits":23,"childCommits":33,"serial":258,"width":320,"height":240,"monotonicNs":252459809063339,"command":"popup-destroy"}
{"event":"server-barrier","sequence":425,"controlSequence":110,"rootCommits":23,"childCommits":33,"serial":258,"width":320,"height":240,"monotonicNs":252459809636437,"command":"popup-destroy","barrierControl":110}
{"event":"request","sequence":426,"controlSequence":111,"rootCommits":23,"childCommits":33,"serial":258,"width":320,"height":240,"monotonicNs":252459860019817,"command":"modal-unparent"}
{"event":"server-barrier","sequence":427,"controlSequence":111,"rootCommits":23,"childCommits":33,"serial":258,"width":320,"height":240,"monotonicNs":252459860264542,"command":"modal-unparent","barrierControl":111}
{"event":"request","sequence":428,"controlSequence":112,"rootCommits":23,"childCommits":33,"serial":258,"width":320,"height":240,"monotonicNs":252459960903704,"command":"modal-reparent"}
{"event":"server-barrier","sequence":429,"controlSequence":112,"rootCommits":23,"childCommits":33,"serial":258,"width":320,"height":240,"monotonicNs":252459961251528,"command":"modal-reparent","barrierControl":112}
{"event":"modal-destroyed","sequence":430,"controlSequence":113,"rootCommits":23,"childCommits":33,"serial":258,"width":320,"height":240,"monotonicNs":252460061775638}
{"event":"request","sequence":431,"controlSequence":113,"rootCommits":23,"childCommits":33,"serial":258,"width":320,"height":240,"monotonicNs":252460061792593,"command":"modal-destroy"}
{"event":"server-barrier","sequence":432,"controlSequence":113,"rootCommits":23,"childCommits":33,"serial":258,"width":320,"height":240,"monotonicNs":252460062252068,"command":"modal-destroy","barrierControl":113}
{"event":"ack-configure","sequence":433,"controlSequence":113,"rootCommits":23,"childCommits":33,"serial":265,"width":320,"height":240,"monotonicNs":252460062262086}
{"event":"request","sequence":434,"controlSequence":114,"rootCommits":23,"childCommits":33,"serial":265,"width":320,"height":240,"monotonicNs":252460188160208,"command":"modal-create"}
{"event":"server-barrier","sequence":435,"controlSequence":114,"rootCommits":23,"childCommits":33,"serial":265,"width":320,"height":240,"monotonicNs":252460188366728,"command":"modal-create","barrierControl":114}
{"event":"buffercommit","sequence":436,"controlSequence":114,"rootCommits":23,"childCommits":33,"serial":265,"width":320,"height":240,"monotonicNs":252460188414411}
{"event":"modal-buffercommit","sequence":437,"controlSequence":114,"rootCommits":23,"childCommits":33,"serial":265,"width":320,"height":240,"monotonicNs":252460188418055,"modalCommits":23,"modalSerial":266,"modalColor":4294902015,"modalSize":[96,64]}
{"event":"modal-configured","sequence":438,"controlSequence":114,"rootCommits":23,"childCommits":33,"serial":265,"width":320,"height":240,"monotonicNs":252460188419872,"modalSerial":266,"modalCommits":23}
{"event":"buffer-release","sequence":439,"controlSequence":114,"rootCommits":23,"childCommits":33,"serial":265,"width":320,"height":240,"monotonicNs":252460188923097}
{"event":"modal-configured","sequence":440,"controlSequence":114,"rootCommits":23,"childCommits":33,"serial":265,"width":320,"height":240,"monotonicNs":252460188939657,"modalSerial":267,"modalCommits":23}
{"event":"buffercommit","sequence":441,"controlSequence":115,"rootCommits":23,"childCommits":33,"serial":265,"width":320,"height":240,"monotonicNs":252460240226267}
{"event":"modal-buffercommit","sequence":442,"controlSequence":115,"rootCommits":23,"childCommits":33,"serial":265,"width":320,"height":240,"monotonicNs":252460240239123,"modalCommits":24,"modalSerial":267,"modalColor":4294967040,"modalSize":[96,64]}
{"event":"request","sequence":443,"controlSequence":115,"rootCommits":23,"childCommits":33,"serial":265,"width":320,"height":240,"monotonicNs":252460240241720,"command":"modal-yellow"}
{"event":"buffer-release","sequence":444,"controlSequence":115,"rootCommits":23,"childCommits":33,"serial":265,"width":320,"height":240,"monotonicNs":252460240520962}
{"event":"server-barrier","sequence":445,"controlSequence":115,"rootCommits":23,"childCommits":33,"serial":265,"width":320,"height":240,"monotonicNs":252460240535765,"command":"modal-yellow","barrierControl":115}
{"event":"request","sequence":446,"controlSequence":116,"rootCommits":23,"childCommits":33,"serial":265,"width":320,"height":240,"monotonicNs":252460266210574,"command":"popup-create"}
{"event":"server-barrier","sequence":447,"controlSequence":116,"rootCommits":23,"childCommits":33,"serial":265,"width":320,"height":240,"monotonicNs":252460266749391,"command":"popup-create","barrierControl":116}
{"event":"buffercommit","sequence":448,"controlSequence":116,"rootCommits":23,"childCommits":33,"serial":265,"width":320,"height":240,"monotonicNs":252460266789787}
{"event":"popup-buffercommit","sequence":449,"controlSequence":116,"rootCommits":23,"childCommits":33,"serial":265,"width":320,"height":240,"monotonicNs":252460266793637,"popupCommits":21,"popupSerial":269,"popupColor":4278255615}
{"event":"popup-configured","sequence":450,"controlSequence":116,"rootCommits":23,"childCommits":33,"serial":265,"width":320,"height":240,"monotonicNs":252460266795500,"popupSerial":269,"popupCommits":21,"popupGeometry":[291,211,64,48]}
{"event":"buffer-release","sequence":451,"controlSequence":116,"rootCommits":23,"childCommits":33,"serial":265,"width":320,"height":240,"monotonicNs":252460267086955}
{"event":"popup-destroyed","sequence":452,"controlSequence":117,"rootCommits":23,"childCommits":33,"serial":265,"width":320,"height":240,"monotonicNs":252460343431269}
{"event":"request","sequence":453,"controlSequence":117,"rootCommits":23,"childCommits":33,"serial":265,"width":320,"height":240,"monotonicNs":252460343443069,"command":"popup-destroy"}
{"event":"server-barrier","sequence":454,"controlSequence":117,"rootCommits":23,"childCommits":33,"serial":265,"width":320,"height":240,"monotonicNs":252460343684513,"command":"popup-destroy","barrierControl":117}
{"event":"modal-destroyed","sequence":455,"controlSequence":118,"rootCommits":23,"childCommits":33,"serial":265,"width":320,"height":240,"monotonicNs":252460444150515}
{"event":"request","sequence":456,"controlSequence":118,"rootCommits":23,"childCommits":33,"serial":265,"width":320,"height":240,"monotonicNs":252460444167766,"command":"modal-destroy"}
{"event":"server-barrier","sequence":457,"controlSequence":118,"rootCommits":23,"childCommits":33,"serial":265,"width":320,"height":240,"monotonicNs":252460444536913,"command":"modal-destroy","barrierControl":118}
{"event":"ack-configure","sequence":458,"controlSequence":118,"rootCommits":23,"childCommits":33,"serial":272,"width":320,"height":240,"monotonicNs":252460444545388}
{"event":"ack-configure","sequence":459,"controlSequence":118,"rootCommits":23,"childCommits":33,"serial":274,"width":320,"height":240,"monotonicNs":252460468813309}
{"event":"ack-configure","sequence":460,"controlSequence":118,"rootCommits":23,"childCommits":33,"serial":275,"width":320,"height":240,"monotonicNs":252460477304221}
{"event":"ack-configure","sequence":461,"controlSequence":118,"rootCommits":23,"childCommits":33,"serial":282,"width":320,"height":240,"monotonicNs":252460543277921}
{"event":"ack-configure","sequence":462,"controlSequence":118,"rootCommits":23,"childCommits":33,"serial":283,"width":320,"height":240,"monotonicNs":252460555594427}
{"event":"request","sequence":463,"controlSequence":119,"rootCommits":23,"childCommits":33,"serial":283,"width":320,"height":240,"monotonicNs":252460706029373,"command":"modal-create"}
{"event":"server-barrier","sequence":464,"controlSequence":119,"rootCommits":23,"childCommits":33,"serial":283,"width":320,"height":240,"monotonicNs":252460706273788,"command":"modal-create","barrierControl":119}
{"event":"buffercommit","sequence":465,"controlSequence":119,"rootCommits":23,"childCommits":33,"serial":283,"width":320,"height":240,"monotonicNs":252460706313916}
{"event":"modal-buffercommit","sequence":466,"controlSequence":119,"rootCommits":23,"childCommits":33,"serial":283,"width":320,"height":240,"monotonicNs":252460706317575,"modalCommits":26,"modalSerial":287,"modalColor":4294902015,"modalSize":[96,64]}
{"event":"modal-configured","sequence":467,"controlSequence":119,"rootCommits":23,"childCommits":33,"serial":283,"width":320,"height":240,"monotonicNs":252460706319418,"modalSerial":287,"modalCommits":26}
{"event":"buffer-release","sequence":468,"controlSequence":119,"rootCommits":23,"childCommits":33,"serial":283,"width":320,"height":240,"monotonicNs":252460706747799}
{"event":"modal-configured","sequence":469,"controlSequence":119,"rootCommits":23,"childCommits":33,"serial":283,"width":320,"height":240,"monotonicNs":252460706923043,"modalSerial":288,"modalCommits":26}
{"event":"buffercommit","sequence":470,"controlSequence":120,"rootCommits":23,"childCommits":33,"serial":283,"width":320,"height":240,"monotonicNs":252460757130860}
{"event":"modal-buffercommit","sequence":471,"controlSequence":120,"rootCommits":23,"childCommits":33,"serial":283,"width":320,"height":240,"monotonicNs":252460757141191,"modalCommits":27,"modalSerial":288,"modalColor":4294967040,"modalSize":[96,64]}
{"event":"request","sequence":472,"controlSequence":120,"rootCommits":23,"childCommits":33,"serial":283,"width":320,"height":240,"monotonicNs":252460757143353,"command":"modal-yellow"}
{"event":"buffer-release","sequence":473,"controlSequence":120,"rootCommits":23,"childCommits":33,"serial":283,"width":320,"height":240,"monotonicNs":252460757444664}
{"event":"server-barrier","sequence":474,"controlSequence":120,"rootCommits":23,"childCommits":33,"serial":283,"width":320,"height":240,"monotonicNs":252460757463036,"command":"modal-yellow","barrierControl":120}
{"event":"request","sequence":475,"controlSequence":121,"rootCommits":23,"childCommits":33,"serial":283,"width":320,"height":240,"monotonicNs":252460783059642,"command":"popup-create"}
{"event":"server-barrier","sequence":476,"controlSequence":121,"rootCommits":23,"childCommits":33,"serial":283,"width":320,"height":240,"monotonicNs":252460783240988,"command":"popup-create","barrierControl":121}
{"event":"buffercommit","sequence":477,"controlSequence":121,"rootCommits":23,"childCommits":33,"serial":283,"width":320,"height":240,"monotonicNs":252460783277430}
{"event":"popup-buffercommit","sequence":478,"controlSequence":121,"rootCommits":23,"childCommits":33,"serial":283,"width":320,"height":240,"monotonicNs":252460783285502,"popupCommits":23,"popupSerial":292,"popupColor":4278255615}
{"event":"popup-configured","sequence":479,"controlSequence":121,"rootCommits":23,"childCommits":33,"serial":283,"width":320,"height":240,"monotonicNs":252460783287484,"popupSerial":292,"popupCommits":23,"popupGeometry":[291,211,64,48]}
{"event":"buffer-release","sequence":480,"controlSequence":121,"rootCommits":23,"childCommits":33,"serial":283,"width":320,"height":240,"monotonicNs":252460783654322}
{"event":"popup-destroyed","sequence":481,"controlSequence":122,"rootCommits":23,"childCommits":33,"serial":283,"width":320,"height":240,"monotonicNs":252460885034797}
{"event":"request","sequence":482,"controlSequence":122,"rootCommits":23,"childCommits":33,"serial":283,"width":320,"height":240,"monotonicNs":252460885046659,"command":"popup-destroy"}
{"event":"server-barrier","sequence":483,"controlSequence":122,"rootCommits":23,"childCommits":33,"serial":283,"width":320,"height":240,"monotonicNs":252460885347246,"command":"popup-destroy","barrierControl":122}
{"event":"modal-destroyed","sequence":484,"controlSequence":123,"rootCommits":23,"childCommits":33,"serial":283,"width":320,"height":240,"monotonicNs":252460935693042}
{"event":"request","sequence":485,"controlSequence":123,"rootCommits":23,"childCommits":33,"serial":283,"width":320,"height":240,"monotonicNs":252460935703661,"command":"modal-destroy"}
{"event":"server-barrier","sequence":486,"controlSequence":123,"rootCommits":23,"childCommits":33,"serial":283,"width":320,"height":240,"monotonicNs":252460936111417,"command":"modal-destroy","barrierControl":123}
{"event":"ack-configure","sequence":487,"controlSequence":123,"rootCommits":23,"childCommits":33,"serial":298,"width":320,"height":240,"monotonicNs":252460936120426}
{"event":"ack-configure","sequence":488,"controlSequence":123,"rootCommits":23,"childCommits":33,"serial":302,"width":320,"height":240,"monotonicNs":252460966591945}
{"event":"request","sequence":489,"controlSequence":124,"rootCommits":23,"childCommits":33,"serial":302,"width":320,"height":240,"monotonicNs":252460991709526,"command":"modal-create"}
{"event":"server-barrier","sequence":490,"controlSequence":124,"rootCommits":23,"childCommits":33,"serial":302,"width":320,"height":240,"monotonicNs":252460991837750,"command":"modal-create","barrierControl":124}
{"event":"buffercommit","sequence":491,"controlSequence":124,"rootCommits":23,"childCommits":33,"serial":302,"width":320,"height":240,"monotonicNs":252460991874772}
{"event":"modal-buffercommit","sequence":492,"controlSequence":124,"rootCommits":23,"childCommits":33,"serial":302,"width":320,"height":240,"monotonicNs":252460991878040,"modalCommits":29,"modalSerial":303,"modalColor":4294902015,"modalSize":[96,64]}
{"event":"modal-configured","sequence":493,"controlSequence":124,"rootCommits":23,"childCommits":33,"serial":302,"width":320,"height":240,"monotonicNs":252460991880214,"modalSerial":303,"modalCommits":29}
{"event":"buffer-release","sequence":494,"controlSequence":124,"rootCommits":23,"childCommits":33,"serial":302,"width":320,"height":240,"monotonicNs":252460992158752}
{"event":"modal-configured","sequence":495,"controlSequence":124,"rootCommits":23,"childCommits":33,"serial":302,"width":320,"height":240,"monotonicNs":252460992167876,"modalSerial":304,"modalCommits":29}
{"event":"ack-configure","sequence":496,"controlSequence":124,"rootCommits":23,"childCommits":33,"serial":305,"width":320,"height":240,"monotonicNs":252460992170191}
{"event":"buffercommit","sequence":497,"controlSequence":125,"rootCommits":23,"childCommits":33,"serial":305,"width":320,"height":240,"monotonicNs":252461017486433}
{"event":"modal-buffercommit","sequence":498,"controlSequence":125,"rootCommits":23,"childCommits":33,"serial":305,"width":320,"height":240,"monotonicNs":252461017507974,"modalCommits":30,"modalSerial":304,"modalColor":4294967040,"modalSize":[96,64]}
{"event":"request","sequence":499,"controlSequence":125,"rootCommits":23,"childCommits":33,"serial":305,"width":320,"height":240,"monotonicNs":252461017523354,"command":"modal-yellow"}
{"event":"buffer-release","sequence":500,"controlSequence":125,"rootCommits":23,"childCommits":33,"serial":305,"width":320,"height":240,"monotonicNs":252461017589310}
{"event":"server-barrier","sequence":501,"controlSequence":125,"rootCommits":23,"childCommits":33,"serial":305,"width":320,"height":240,"monotonicNs":252461017595208,"command":"modal-yellow","barrierControl":125}
{"event":"request","sequence":502,"controlSequence":126,"rootCommits":23,"childCommits":33,"serial":305,"width":320,"height":240,"monotonicNs":252461068463821,"command":"popup-create"}
{"event":"server-barrier","sequence":503,"controlSequence":126,"rootCommits":23,"childCommits":33,"serial":305,"width":320,"height":240,"monotonicNs":252461068675990,"command":"popup-create","barrierControl":126}
{"event":"buffercommit","sequence":504,"controlSequence":126,"rootCommits":23,"childCommits":33,"serial":305,"width":320,"height":240,"monotonicNs":252461068709619}
{"event":"popup-buffercommit","sequence":505,"controlSequence":126,"rootCommits":23,"childCommits":33,"serial":305,"width":320,"height":240,"monotonicNs":252461068712783,"popupCommits":25,"popupSerial":306,"popupColor":4278255615}
{"event":"popup-configured","sequence":506,"controlSequence":126,"rootCommits":23,"childCommits":33,"serial":305,"width":320,"height":240,"monotonicNs":252461068714616,"popupSerial":306,"popupCommits":25,"popupGeometry":[291,211,64,48]}
{"event":"buffer-release","sequence":507,"controlSequence":126,"rootCommits":23,"childCommits":33,"serial":305,"width":320,"height":240,"monotonicNs":252461068938849}
{"event":"modal-configured","sequence":508,"controlSequence":126,"rootCommits":23,"childCommits":33,"serial":305,"width":320,"height":240,"monotonicNs":252466894616245,"modalSerial":320,"modalCommits":30}
{"event":"modal-configured","sequence":509,"controlSequence":126,"rootCommits":23,"childCommits":33,"serial":305,"width":320,"height":240,"monotonicNs":252466906009160,"modalSerial":323,"modalCommits":30}
{"event":"popup-destroyed","sequence":510,"controlSequence":127,"rootCommits":23,"childCommits":33,"serial":305,"width":320,"height":240,"monotonicNs":252467459974310}
{"event":"request","sequence":511,"controlSequence":127,"rootCommits":23,"childCommits":33,"serial":305,"width":320,"height":240,"monotonicNs":252467459985195,"command":"popup-destroy"}
{"event":"server-barrier","sequence":512,"controlSequence":127,"rootCommits":23,"childCommits":33,"serial":305,"width":320,"height":240,"monotonicNs":252467460334945,"command":"popup-destroy","barrierControl":127}
{"event":"modal-destroyed","sequence":513,"controlSequence":128,"rootCommits":23,"childCommits":33,"serial":305,"width":320,"height":240,"monotonicNs":252467510649461}
{"event":"request","sequence":514,"controlSequence":128,"rootCommits":23,"childCommits":33,"serial":305,"width":320,"height":240,"monotonicNs":252467510660128,"command":"modal-destroy"}
{"event":"server-barrier","sequence":515,"controlSequence":128,"rootCommits":23,"childCommits":33,"serial":305,"width":320,"height":240,"monotonicNs":252467511092866,"command":"modal-destroy","barrierControl":128}
{"event":"ack-configure","sequence":516,"controlSequence":128,"rootCommits":23,"childCommits":33,"serial":325,"width":320,"height":240,"monotonicNs":252467511102815}
{"event":"ack-configure","sequence":517,"controlSequence":128,"rootCommits":23,"childCommits":33,"serial":328,"width":320,"height":240,"monotonicNs":252467546695821}
{"event":"request","sequence":518,"controlSequence":129,"rootCommits":23,"childCommits":33,"serial":328,"width":320,"height":240,"monotonicNs":252467571788439,"command":"modal-create"}
{"event":"server-barrier","sequence":519,"controlSequence":129,"rootCommits":23,"childCommits":33,"serial":328,"width":320,"height":240,"monotonicNs":252467572005516,"command":"modal-create","barrierControl":129}
{"event":"buffercommit","sequence":520,"controlSequence":129,"rootCommits":23,"childCommits":33,"serial":328,"width":320,"height":240,"monotonicNs":252467572046562}
{"event":"modal-buffercommit","sequence":521,"controlSequence":129,"rootCommits":23,"childCommits":33,"serial":328,"width":320,"height":240,"monotonicNs":252467572049785,"modalCommits":32,"modalSerial":329,"modalColor":4294902015,"modalSize":[96,64]}
{"event":"modal-configured","sequence":522,"controlSequence":129,"rootCommits":23,"childCommits":33,"serial":328,"width":320,"height":240,"monotonicNs":252467572051333,"modalSerial":329,"modalCommits":32}
{"event":"buffer-release","sequence":523,"controlSequence":129,"rootCommits":23,"childCommits":33,"serial":328,"width":320,"height":240,"monotonicNs":252467572528189}
{"event":"modal-configured","sequence":524,"controlSequence":129,"rootCommits":23,"childCommits":33,"serial":328,"width":320,"height":240,"monotonicNs":252467572668478,"modalSerial":330,"modalCommits":32}
{"event":"ack-configure","sequence":525,"controlSequence":129,"rootCommits":23,"childCommits":33,"serial":331,"width":320,"height":240,"monotonicNs":252467572670596}
{"event":"buffercommit","sequence":526,"controlSequence":130,"rootCommits":23,"childCommits":33,"serial":331,"width":320,"height":240,"monotonicNs":252467598416017}
{"event":"modal-buffercommit","sequence":527,"controlSequence":130,"rootCommits":23,"childCommits":33,"serial":331,"width":320,"height":240,"monotonicNs":252467598424871,"modalCommits":33,"modalSerial":330,"modalColor":4294967040,"modalSize":[96,64]}
{"event":"request","sequence":528,"controlSequence":130,"rootCommits":23,"childCommits":33,"serial":331,"width":320,"height":240,"monotonicNs":252467598427046,"command":"modal-yellow"}
{"event":"buffer-release","sequence":529,"controlSequence":130,"rootCommits":23,"childCommits":33,"serial":331,"width":320,"height":240,"monotonicNs":252467598635011}
{"event":"server-barrier","sequence":530,"controlSequence":130,"rootCommits":23,"childCommits":33,"serial":331,"width":320,"height":240,"monotonicNs":252467598642284,"command":"modal-yellow","barrierControl":130}
{"event":"request","sequence":531,"controlSequence":131,"rootCommits":23,"childCommits":33,"serial":331,"width":320,"height":240,"monotonicNs":252467649353051,"command":"popup-create"}
{"event":"server-barrier","sequence":532,"controlSequence":131,"rootCommits":23,"childCommits":33,"serial":331,"width":320,"height":240,"monotonicNs":252467649513245,"command":"popup-create","barrierControl":131}
{"event":"buffercommit","sequence":533,"controlSequence":131,"rootCommits":23,"childCommits":33,"serial":331,"width":320,"height":240,"monotonicNs":252467649543535}
{"event":"popup-buffercommit","sequence":534,"controlSequence":131,"rootCommits":23,"childCommits":33,"serial":331,"width":320,"height":240,"monotonicNs":252467649546132,"popupCommits":27,"popupSerial":332,"popupColor":4278255615}
{"event":"popup-configured","sequence":535,"controlSequence":131,"rootCommits":23,"childCommits":33,"serial":331,"width":320,"height":240,"monotonicNs":252467649547850,"popupSerial":332,"popupCommits":27,"popupGeometry":[291,211,64,48]}
{"event":"buffer-release","sequence":536,"controlSequence":131,"rootCommits":23,"childCommits":33,"serial":331,"width":320,"height":240,"monotonicNs":252467649977984}
{"event":"modal-configured","sequence":537,"controlSequence":131,"rootCommits":23,"childCommits":33,"serial":331,"width":320,"height":240,"monotonicNs":252468665241900,"modalSerial":347,"modalCommits":33}
{"event":"popup-destroyed","sequence":538,"controlSequence":132,"rootCommits":23,"childCommits":33,"serial":331,"width":320,"height":240,"monotonicNs":252468834611651}
{"event":"request","sequence":539,"controlSequence":132,"rootCommits":23,"childCommits":33,"serial":331,"width":320,"height":240,"monotonicNs":252468834623501,"command":"popup-destroy"}
{"event":"server-barrier","sequence":540,"controlSequence":132,"rootCommits":23,"childCommits":33,"serial":331,"width":320,"height":240,"monotonicNs":252468834829550,"command":"popup-destroy","barrierControl":132}
{"event":"ack-configure","sequence":541,"controlSequence":132,"rootCommits":23,"childCommits":33,"serial":350,"width":320,"height":240,"monotonicNs":252468875202282}
{"event":"modal-configured","sequence":542,"controlSequence":132,"rootCommits":23,"childCommits":33,"serial":350,"width":320,"height":240,"monotonicNs":252468875224790,"modalSerial":351,"modalCommits":33}
{"event":"ack-configure","sequence":543,"controlSequence":132,"rootCommits":23,"childCommits":33,"serial":375,"width":320,"height":240,"monotonicNs":252474092020737}
{"event":"modal-configured","sequence":544,"controlSequence":132,"rootCommits":23,"childCommits":33,"serial":375,"width":320,"height":240,"monotonicNs":252474092045412,"modalSerial":376,"modalCommits":33}
{"event":"modal-destroyed","sequence":545,"controlSequence":133,"rootCommits":23,"childCommits":33,"serial":375,"width":320,"height":240,"monotonicNs":252474117229042}
{"event":"request","sequence":546,"controlSequence":133,"rootCommits":23,"childCommits":33,"serial":375,"width":320,"height":240,"monotonicNs":252474117241164,"command":"modal-destroy"}
{"event":"server-barrier","sequence":547,"controlSequence":133,"rootCommits":23,"childCommits":33,"serial":375,"width":320,"height":240,"monotonicNs":252474117612013,"command":"modal-destroy","barrierControl":133}
{"event":"ack-configure","sequence":548,"controlSequence":133,"rootCommits":23,"childCommits":33,"serial":385,"width":320,"height":240,"monotonicNs":252474117619622}
{"event":"ack-configure","sequence":549,"controlSequence":133,"rootCommits":23,"childCommits":33,"serial":389,"width":320,"height":240,"monotonicNs":252474140229984}
{"event":"ack-configure","sequence":550,"controlSequence":133,"rootCommits":23,"childCommits":33,"serial":405,"width":320,"height":240,"monotonicNs":252475319182606}
{"event":"ack-configure","sequence":551,"controlSequence":133,"rootCommits":23,"childCommits":33,"serial":419,"width":320,"height":240,"monotonicNs":252480135053923}
{"event":"ack-configure","sequence":552,"controlSequence":133,"rootCommits":23,"childCommits":33,"serial":422,"width":320,"height":240,"monotonicNs":252480148708988}
{"event":"ack-configure","sequence":553,"controlSequence":133,"rootCommits":23,"childCommits":33,"serial":424,"width":320,"height":240,"monotonicNs":252480922760324}
{"event":"request","sequence":554,"controlSequence":134,"rootCommits":23,"childCommits":33,"serial":424,"width":320,"height":240,"monotonicNs":252481299885779,"command":"background-create"}
{"event":"server-barrier","sequence":555,"controlSequence":134,"rootCommits":23,"childCommits":33,"serial":424,"width":320,"height":240,"monotonicNs":252481300166352,"command":"background-create","barrierControl":134}
{"event":"request","sequence":556,"controlSequence":135,"rootCommits":23,"childCommits":33,"serial":424,"width":320,"height":240,"monotonicNs":252481350591357,"command":"background-region-pending"}
{"event":"server-barrier","sequence":557,"controlSequence":135,"rootCommits":23,"childCommits":33,"serial":424,"width":320,"height":240,"monotonicNs":252481350926527,"command":"background-region-pending","barrierControl":135}
{"event":"request","sequence":558,"controlSequence":136,"rootCommits":24,"childCommits":33,"serial":424,"width":320,"height":240,"monotonicNs":252481401336397,"command":"root-commit"}
{"event":"server-barrier","sequence":559,"controlSequence":136,"rootCommits":24,"childCommits":33,"serial":424,"width":320,"height":240,"monotonicNs":252481401689237,"command":"root-commit","barrierControl":136}
{"event":"request","sequence":560,"controlSequence":137,"rootCommits":24,"childCommits":33,"serial":424,"width":320,"height":240,"monotonicNs":252481452023662,"command":"background-region-pending-two"}
{"event":"server-barrier","sequence":561,"controlSequence":137,"rootCommits":24,"childCommits":33,"serial":424,"width":320,"height":240,"monotonicNs":252481452220291,"command":"background-region-pending-two","barrierControl":137}
{"event":"request","sequence":562,"controlSequence":138,"rootCommits":25,"childCommits":33,"serial":424,"width":320,"height":240,"monotonicNs":252481477309664,"command":"root-commit"}
{"event":"server-barrier","sequence":563,"controlSequence":138,"rootCommits":25,"childCommits":33,"serial":424,"width":320,"height":240,"monotonicNs":252481477649683,"command":"root-commit","barrierControl":138}
{"event":"request","sequence":564,"controlSequence":139,"rootCommits":25,"childCommits":33,"serial":424,"width":320,"height":240,"monotonicNs":252481527980830,"command":"background-clear-pending"}
{"event":"server-barrier","sequence":565,"controlSequence":139,"rootCommits":25,"childCommits":33,"serial":424,"width":320,"height":240,"monotonicNs":252481528260735,"command":"background-clear-pending","barrierControl":139}
{"event":"request","sequence":566,"controlSequence":140,"rootCommits":26,"childCommits":33,"serial":424,"width":320,"height":240,"monotonicNs":252481578503915,"command":"root-commit"}
{"event":"server-barrier","sequence":567,"controlSequence":140,"rootCommits":26,"childCommits":33,"serial":424,"width":320,"height":240,"monotonicNs":252481578765776,"command":"root-commit","barrierControl":140}
{"event":"request","sequence":568,"controlSequence":141,"rootCommits":26,"childCommits":33,"serial":424,"width":320,"height":240,"monotonicNs":252481629088842,"command":"background-destroy"}
{"event":"server-barrier","sequence":569,"controlSequence":141,"rootCommits":26,"childCommits":33,"serial":424,"width":320,"height":240,"monotonicNs":252481629350140,"command":"background-destroy","barrierControl":141}
{"event":"request","sequence":570,"controlSequence":142,"rootCommits":27,"childCommits":33,"serial":424,"width":320,"height":240,"monotonicNs":252481654535243,"command":"root-commit"}
{"event":"server-barrier","sequence":571,"controlSequence":142,"rootCommits":27,"childCommits":33,"serial":424,"width":320,"height":240,"monotonicNs":252481654825874,"command":"root-commit","barrierControl":142}
{"event":"request","sequence":572,"controlSequence":143,"rootCommits":27,"childCommits":33,"serial":424,"width":320,"height":240,"monotonicNs":252481705231812,"command":"child-desync"}
{"event":"server-barrier","sequence":573,"controlSequence":143,"rootCommits":27,"childCommits":33,"serial":424,"width":320,"height":240,"monotonicNs":252481705488658,"command":"child-desync","barrierControl":143}
{"event":"request","sequence":574,"controlSequence":144,"rootCommits":27,"childCommits":33,"serial":424,"width":320,"height":240,"monotonicNs":252481755782782,"command":"background-child-create"}
{"event":"server-barrier","sequence":575,"controlSequence":144,"rootCommits":27,"childCommits":33,"serial":424,"width":320,"height":240,"monotonicNs":252481756126169,"command":"background-child-create","barrierControl":144}
{"event":"request","sequence":576,"controlSequence":145,"rootCommits":27,"childCommits":33,"serial":424,"width":320,"height":240,"monotonicNs":252481806468846,"command":"background-child-region-pending"}
{"event":"server-barrier","sequence":577,"controlSequence":145,"rootCommits":27,"childCommits":33,"serial":424,"width":320,"height":240,"monotonicNs":252481806759046,"command":"background-child-region-pending","barrierControl":145}
{"event":"background-commit","sequence":578,"controlSequence":146,"rootCommits":27,"childCommits":34,"serial":424,"width":320,"height":240,"monotonicNs":252481831847050,"popupCommits":27}
{"event":"request","sequence":579,"controlSequence":146,"rootCommits":27,"childCommits":34,"serial":424,"width":320,"height":240,"monotonicNs":252481831856312,"command":"background-child-apply"}
{"event":"server-barrier","sequence":580,"controlSequence":146,"rootCommits":27,"childCommits":34,"serial":424,"width":320,"height":240,"monotonicNs":252481832304119,"command":"background-child-apply","barrierControl":146}
{"event":"request","sequence":581,"controlSequence":147,"rootCommits":27,"childCommits":34,"serial":424,"width":320,"height":240,"monotonicNs":252481882648603,"command":"background-child-region-two"}
{"event":"server-barrier","sequence":582,"controlSequence":147,"rootCommits":27,"childCommits":34,"serial":424,"width":320,"height":240,"monotonicNs":252481882952411,"command":"background-child-region-two","barrierControl":147}
{"event":"background-commit","sequence":583,"controlSequence":148,"rootCommits":27,"childCommits":35,"serial":424,"width":320,"height":240,"monotonicNs":252481933329286,"popupCommits":27}
{"event":"request","sequence":584,"controlSequence":148,"rootCommits":27,"childCommits":35,"serial":424,"width":320,"height":240,"monotonicNs":252481933344644,"command":"background-child-apply"}
{"event":"server-barrier","sequence":585,"controlSequence":148,"rootCommits":27,"childCommits":35,"serial":424,"width":320,"height":240,"monotonicNs":252481933658480,"command":"background-child-apply","barrierControl":148}
{"event":"request","sequence":586,"controlSequence":149,"rootCommits":27,"childCommits":35,"serial":424,"width":320,"height":240,"monotonicNs":252481983904839,"command":"background-child-clear-pending"}
{"event":"server-barrier","sequence":587,"controlSequence":149,"rootCommits":27,"childCommits":35,"serial":424,"width":320,"height":240,"monotonicNs":252481984187642,"command":"background-child-clear-pending","barrierControl":149}
{"event":"background-commit","sequence":588,"controlSequence":150,"rootCommits":27,"childCommits":36,"serial":424,"width":320,"height":240,"monotonicNs":252482009283222,"popupCommits":27}
{"event":"request","sequence":589,"controlSequence":150,"rootCommits":27,"childCommits":36,"serial":424,"width":320,"height":240,"monotonicNs":252482009293416,"command":"background-child-apply"}
{"event":"server-barrier","sequence":590,"controlSequence":150,"rootCommits":27,"childCommits":36,"serial":424,"width":320,"height":240,"monotonicNs":252482009425227,"command":"background-child-apply","barrierControl":150}
{"event":"request","sequence":591,"controlSequence":151,"rootCommits":27,"childCommits":36,"serial":424,"width":320,"height":240,"monotonicNs":252482059831125,"command":"background-child-destroy"}
{"event":"server-barrier","sequence":592,"controlSequence":151,"rootCommits":27,"childCommits":36,"serial":424,"width":320,"height":240,"monotonicNs":252482059935956,"command":"background-child-destroy","barrierControl":151}
{"event":"background-commit","sequence":593,"controlSequence":152,"rootCommits":27,"childCommits":37,"serial":424,"width":320,"height":240,"monotonicNs":252482110172518,"popupCommits":27}
{"event":"request","sequence":594,"controlSequence":152,"rootCommits":27,"childCommits":37,"serial":424,"width":320,"height":240,"monotonicNs":252482110183268,"command":"background-child-apply"}
{"event":"server-barrier","sequence":595,"controlSequence":152,"rootCommits":27,"childCommits":37,"serial":424,"width":320,"height":240,"monotonicNs":252482110374548,"command":"background-child-apply","barrierControl":152}
{"event":"request","sequence":596,"controlSequence":153,"rootCommits":27,"childCommits":37,"serial":424,"width":320,"height":240,"monotonicNs":252482160732410,"command":"popup-create"}
{"event":"server-barrier","sequence":597,"controlSequence":153,"rootCommits":27,"childCommits":37,"serial":424,"width":320,"height":240,"monotonicNs":252482160867870,"command":"popup-create","barrierControl":153}
{"event":"buffercommit","sequence":598,"controlSequence":153,"rootCommits":27,"childCommits":37,"serial":424,"width":320,"height":240,"monotonicNs":252482160914366}
{"event":"popup-buffercommit","sequence":599,"controlSequence":153,"rootCommits":27,"childCommits":37,"serial":424,"width":320,"height":240,"monotonicNs":252482160917941,"popupCommits":29,"popupSerial":425,"popupColor":4278255615}
{"event":"popup-configured","sequence":600,"controlSequence":153,"rootCommits":27,"childCommits":37,"serial":424,"width":320,"height":240,"monotonicNs":252482160920144,"popupSerial":425,"popupCommits":29,"popupGeometry":[291,211,64,48]}
{"event":"buffer-release","sequence":601,"controlSequence":153,"rootCommits":27,"childCommits":37,"serial":424,"width":320,"height":240,"monotonicNs":252482161200592}
{"event":"request","sequence":602,"controlSequence":154,"rootCommits":27,"childCommits":37,"serial":424,"width":320,"height":240,"monotonicNs":252482187128722,"command":"background-popup-create"}
{"event":"server-barrier","sequence":603,"controlSequence":154,"rootCommits":27,"childCommits":37,"serial":424,"width":320,"height":240,"monotonicNs":252482187260133,"command":"background-popup-create","barrierControl":154}
{"event":"request","sequence":604,"controlSequence":155,"rootCommits":27,"childCommits":37,"serial":424,"width":320,"height":240,"monotonicNs":252482237507615,"command":"background-popup-region-pending"}
{"event":"server-barrier","sequence":605,"controlSequence":155,"rootCommits":27,"childCommits":37,"serial":424,"width":320,"height":240,"monotonicNs":252482237747917,"command":"background-popup-region-pending","barrierControl":155}
{"event":"background-commit","sequence":606,"controlSequence":156,"rootCommits":27,"childCommits":37,"serial":424,"width":320,"height":240,"monotonicNs":252482287982920,"popupCommits":30}
{"event":"request","sequence":607,"controlSequence":156,"rootCommits":27,"childCommits":37,"serial":424,"width":320,"height":240,"monotonicNs":252482287995584,"command":"background-popup-apply"}
{"event":"server-barrier","sequence":608,"controlSequence":156,"rootCommits":27,"childCommits":37,"serial":424,"width":320,"height":240,"monotonicNs":252482288065473,"command":"background-popup-apply","barrierControl":156}
{"event":"request","sequence":609,"controlSequence":157,"rootCommits":27,"childCommits":37,"serial":424,"width":320,"height":240,"monotonicNs":252482338399344,"command":"background-popup-region-two"}
{"event":"server-barrier","sequence":610,"controlSequence":157,"rootCommits":27,"childCommits":37,"serial":424,"width":320,"height":240,"monotonicNs":252482338575180,"command":"background-popup-region-two","barrierControl":157}
{"event":"background-commit","sequence":611,"controlSequence":158,"rootCommits":27,"childCommits":37,"serial":424,"width":320,"height":240,"monotonicNs":252482363758981,"popupCommits":31}
{"event":"request","sequence":612,"controlSequence":158,"rootCommits":27,"childCommits":37,"serial":424,"width":320,"height":240,"monotonicNs":252482363766607,"command":"background-popup-apply"}
{"event":"server-barrier","sequence":613,"controlSequence":158,"rootCommits":27,"childCommits":37,"serial":424,"width":320,"height":240,"monotonicNs":252482363884975,"command":"background-popup-apply","barrierControl":158}
{"event":"request","sequence":614,"controlSequence":159,"rootCommits":27,"childCommits":37,"serial":424,"width":320,"height":240,"monotonicNs":252482414193515,"command":"background-popup-clear-pending"}
{"event":"server-barrier","sequence":615,"controlSequence":159,"rootCommits":27,"childCommits":37,"serial":424,"width":320,"height":240,"monotonicNs":252482414259718,"command":"background-popup-clear-pending","barrierControl":159}
{"event":"background-commit","sequence":616,"controlSequence":160,"rootCommits":27,"childCommits":37,"serial":424,"width":320,"height":240,"monotonicNs":252482464515562,"popupCommits":32}
{"event":"request","sequence":617,"controlSequence":160,"rootCommits":27,"childCommits":37,"serial":424,"width":320,"height":240,"monotonicNs":252482464526992,"command":"background-popup-apply"}
{"event":"server-barrier","sequence":618,"controlSequence":160,"rootCommits":27,"childCommits":37,"serial":424,"width":320,"height":240,"monotonicNs":252482464717893,"command":"background-popup-apply","barrierControl":160}
{"event":"request","sequence":619,"controlSequence":161,"rootCommits":27,"childCommits":37,"serial":424,"width":320,"height":240,"monotonicNs":252482515144368,"command":"background-popup-destroy"}
{"event":"server-barrier","sequence":620,"controlSequence":161,"rootCommits":27,"childCommits":37,"serial":424,"width":320,"height":240,"monotonicNs":252482515365821,"command":"background-popup-destroy","barrierControl":161}
{"event":"background-commit","sequence":621,"controlSequence":162,"rootCommits":27,"childCommits":37,"serial":424,"width":320,"height":240,"monotonicNs":252482540454960,"popupCommits":33}
{"event":"request","sequence":622,"controlSequence":162,"rootCommits":27,"childCommits":37,"serial":424,"width":320,"height":240,"monotonicNs":252482540468617,"command":"background-popup-apply"}
{"event":"server-barrier","sequence":623,"controlSequence":162,"rootCommits":27,"childCommits":37,"serial":424,"width":320,"height":240,"monotonicNs":252482540646088,"command":"background-popup-apply","barrierControl":162}
{"event":"popup-destroyed","sequence":624,"controlSequence":163,"rootCommits":27,"childCommits":37,"serial":424,"width":320,"height":240,"monotonicNs":252482591009447}
{"event":"request","sequence":625,"controlSequence":163,"rootCommits":27,"childCommits":37,"serial":424,"width":320,"height":240,"monotonicNs":252482591020412,"command":"popup-destroy"}
{"event":"server-barrier","sequence":626,"controlSequence":163,"rootCommits":27,"childCommits":37,"serial":424,"width":320,"height":240,"monotonicNs":252482591300572,"command":"popup-destroy","barrierControl":163}
{"event":"ack-configure","sequence":627,"controlSequence":163,"rootCommits":27,"childCommits":37,"serial":426,"width":320,"height":240,"monotonicNs":252482826669069}
{"event":"ack-configure","sequence":628,"controlSequence":163,"rootCommits":27,"childCommits":37,"serial":441,"width":320,"height":240,"monotonicNs":252484166051150}
{"event":"ack-configure","sequence":629,"controlSequence":163,"rootCommits":27,"childCommits":37,"serial":455,"width":320,"height":240,"monotonicNs":252488946299773}
{"event":"ack-configure","sequence":630,"controlSequence":163,"rootCommits":27,"childCommits":37,"serial":458,"width":320,"height":240,"monotonicNs":252488958173404}
{"event":"ack-configure","sequence":631,"controlSequence":163,"rootCommits":27,"childCommits":37,"serial":472,"width":320,"height":240,"monotonicNs":252490374258322}
{"event":"ack-configure","sequence":632,"controlSequence":163,"rootCommits":27,"childCommits":37,"serial":475,"width":320,"height":240,"monotonicNs":252490386465768}
{"event":"ack-configure","sequence":633,"controlSequence":163,"rootCommits":27,"childCommits":37,"serial":479,"width":320,"height":240,"monotonicNs":252491348433764}
{"event":"ack-configure","sequence":634,"controlSequence":163,"rootCommits":27,"childCommits":37,"serial":490,"width":320,"height":240,"monotonicNs":252492129006098}
{"event":"ack-configure","sequence":635,"controlSequence":163,"rootCommits":27,"childCommits":37,"serial":495,"width":320,"height":240,"monotonicNs":252492132360878}
{"event":"ack-configure","sequence":636,"controlSequence":163,"rootCommits":27,"childCommits":37,"serial":500,"width":320,"height":240,"monotonicNs":252492135170273}
{"event":"ack-configure","sequence":637,"controlSequence":163,"rootCommits":27,"childCommits":37,"serial":517,"width":320,"height":240,"monotonicNs":252493287733736}
{"event":"ack-configure","sequence":638,"controlSequence":163,"rootCommits":27,"childCommits":37,"serial":522,"width":320,"height":240,"monotonicNs":252493297205487}
{"event":"ack-configure","sequence":639,"controlSequence":163,"rootCommits":27,"childCommits":37,"serial":523,"width":320,"height":240,"monotonicNs":252493398301611}
{"event":"request","sequence":640,"controlSequence":164,"rootCommits":27,"childCommits":37,"serial":523,"width":320,"height":240,"monotonicNs":252494251993777,"command":"quit"}
{"event":"normalexit","sequence":641,"controlSequence":164,"rootCommits":27,"childCommits":37,"serial":523,"width":320,"height":240,"monotonicNs":252494252024735}
