{"event":"ack-configure","sequence":1,"controlSequence":0,"rootCommits":1,"childCommits":0,"serial":6,"width":320,"height":240,"monotonicNs":272872203367053}
{"event":"buffercommit","sequence":2,"controlSequence":0,"rootCommits":2,"childCommits":0,"serial":6,"width":320,"height":240,"monotonicNs":272872203492934}
{"event":"ready","sequence":3,"controlSequence":0,"rootCommits":2,"childCommits":0,"serial":6,"width":320,"height":240,"monotonicNs":272872203503831}
{"event":"buffer-release","sequence":4,"controlSequence":0,"rootCommits":2,"childCommits":0,"serial":6,"width":320,"height":240,"monotonicNs":272872204295581}
{"event":"ack-configure","sequence":5,"controlSequence":0,"rootCommits":2,"childCommits":0,"serial":7,"width":320,"height":240,"monotonicNs":272872204308662}
{"event":"ack-configure","sequence":6,"controlSequence":0,"rootCommits":2,"childCommits":0,"serial":13,"width":320,"height":240,"monotonicNs":272872272521923}
{"event":"buffercommit","sequence":7,"controlSequence":1,"rootCommits":2,"childCommits":1,"serial":13,"width":320,"height":240,"monotonicNs":272872448284714}
{"event":"request","sequence":8,"controlSequence":1,"rootCommits":3,"childCommits":1,"serial":13,"width":320,"height":240,"monotonicNs":272872448296796,"command":"child-create"}
{"event":"buffer-release","sequence":9,"controlSequence":1,"rootCommits":3,"childCommits":1,"serial":13,"width":320,"height":240,"monotonicNs":272872448530180}
{"event":"server-barrier","sequence":10,"controlSequence":1,"rootCommits":3,"childCommits":1,"serial":13,"width":320,"height":240,"monotonicNs":272872448546209,"command":"child-create","barrierControl":1}
{"event":"buffercommit","sequence":11,"controlSequence":2,"rootCommits":3,"childCommits":2,"serial":13,"width":320,"height":240,"monotonicNs":272872498995024}
{"event":"request","sequence":12,"controlSequence":2,"rootCommits":3,"childCommits":2,"serial":13,"width":320,"height":240,"monotonicNs":272872499009601,"command":"child-yellow"}
{"event":"buffer-release","sequence":13,"controlSequence":2,"rootCommits":3,"childCommits":2,"serial":13,"width":320,"height":240,"monotonicNs":272872499255785}
{"event":"server-barrier","sequence":14,"controlSequence":2,"rootCommits":3,"childCommits":2,"serial":13,"width":320,"height":240,"monotonicNs":272872499269025,"command":"child-yellow","barrierControl":2}
{"event":"request","sequence":15,"controlSequence":3,"rootCommits":3,"childCommits":2,"serial":13,"width":320,"height":240,"monotonicNs":272872549608936,"command":"child-sync"}
{"event":"server-barrier","sequence":16,"controlSequence":3,"rootCommits":3,"childCommits":2,"serial":13,"width":320,"height":240,"monotonicNs":272872549706828,"command":"child-sync","barrierControl":3}
{"event":"buffercommit","sequence":17,"controlSequence":4,"rootCommits":3,"childCommits":3,"serial":13,"width":320,"height":240,"monotonicNs":272872600107352}
{"event":"request","sequence":18,"controlSequence":4,"rootCommits":3,"childCommits":3,"serial":13,"width":320,"height":240,"monotonicNs":272872600118152,"command":"child-blue"}
{"event":"server-barrier","sequence":19,"controlSequence":4,"rootCommits":3,"childCommits":3,"serial":13,"width":320,"height":240,"monotonicNs":272872600223759,"command":"child-blue","barrierControl":4}
{"event":"request","sequence":20,"controlSequence":5,"rootCommits":4,"childCommits":3,"serial":13,"width":320,"height":240,"monotonicNs":272872650379243,"command":"root-commit"}
{"event":"buffer-release","sequence":21,"controlSequence":5,"rootCommits":4,"childCommits":3,"serial":13,"width":320,"height":240,"monotonicNs":272872650520088}
{"event":"server-barrier","sequence":22,"controlSequence":5,"rootCommits":4,"childCommits":3,"serial":13,"width":320,"height":240,"monotonicNs":272872650534653,"command":"root-commit","barrierControl":5}
{"event":"request","sequence":23,"controlSequence":6,"rootCommits":4,"childCommits":3,"serial":13,"width":320,"height":240,"monotonicNs":272872701146581,"command":"child-desync"}
{"event":"server-barrier","sequence":24,"controlSequence":6,"rootCommits":4,"childCommits":3,"serial":13,"width":320,"height":240,"monotonicNs":272872701228186,"command":"child-desync","barrierControl":6}
{"event":"request","sequence":25,"controlSequence":7,"rootCommits":5,"childCommits":3,"serial":13,"width":320,"height":240,"monotonicNs":272872726435616,"command":"child-move"}
{"event":"server-barrier","sequence":26,"controlSequence":7,"rootCommits":5,"childCommits":3,"serial":13,"width":320,"height":240,"monotonicNs":272872726563864,"command":"child-move","barrierControl":7}
{"event":"request","sequence":27,"controlSequence":8,"rootCommits":6,"childCommits":3,"serial":13,"width":320,"height":240,"monotonicNs":272872776947176,"command":"child-below"}
{"event":"server-barrier","sequence":28,"controlSequence":8,"rootCommits":6,"childCommits":3,"serial":13,"width":320,"height":240,"monotonicNs":272872777085508,"command":"child-below","barrierControl":8}
{"event":"request","sequence":29,"controlSequence":9,"rootCommits":7,"childCommits":3,"serial":13,"width":320,"height":240,"monotonicNs":272872827465761,"command":"child-above"}
{"event":"server-barrier","sequence":30,"controlSequence":9,"rootCommits":7,"childCommits":3,"serial":13,"width":320,"height":240,"monotonicNs":272872827576483,"command":"child-above","barrierControl":9}
{"event":"buffercommit","sequence":31,"controlSequence":10,"rootCommits":7,"childCommits":4,"serial":13,"width":320,"height":240,"monotonicNs":272872877960819}
{"event":"request","sequence":32,"controlSequence":10,"rootCommits":7,"childCommits":5,"serial":13,"width":320,"height":240,"monotonicNs":272872877972200,"command":"grand-create"}
{"event":"buffer-release","sequence":33,"controlSequence":10,"rootCommits":7,"childCommits":5,"serial":13,"width":320,"height":240,"monotonicNs":272872878163405}
{"event":"server-barrier","sequence":34,"controlSequence":10,"rootCommits":7,"childCommits":5,"serial":13,"width":320,"height":240,"monotonicNs":272872878179935,"command":"grand-create","barrierControl":10}
{"event":"request","sequence":35,"controlSequence":11,"rootCommits":7,"childCommits":6,"serial":13,"width":320,"height":240,"monotonicNs":272872928471911,"command":"child-detach"}
{"event":"server-barrier","sequence":36,"controlSequence":11,"rootCommits":7,"childCommits":6,"serial":13,"width":320,"height":240,"monotonicNs":272872928540719,"command":"child-detach","barrierControl":11}
{"event":"buffercommit","sequence":37,"controlSequence":12,"rootCommits":7,"childCommits":7,"serial":13,"width":320,"height":240,"monotonicNs":272872978704081}
{"event":"request","sequence":38,"controlSequence":12,"rootCommits":7,"childCommits":7,"serial":13,"width":320,"height":240,"monotonicNs":272872978711955,"command":"child-reattach"}
{"event":"buffer-release","sequence":39,"controlSequence":12,"rootCommits":7,"childCommits":7,"serial":13,"width":320,"height":240,"monotonicNs":272872978806322}
{"event":"server-barrier","sequence":40,"controlSequence":12,"rootCommits":7,"childCommits":7,"serial":13,"width":320,"height":240,"monotonicNs":272872978813995,"command":"child-reattach","barrierControl":12}
{"event":"request","sequence":41,"controlSequence":13,"rootCommits":7,"childCommits":7,"serial":13,"width":320,"height":240,"monotonicNs":272873028989083,"command":"child-destroy"}
{"event":"server-barrier","sequence":42,"controlSequence":13,"rootCommits":7,"childCommits":7,"serial":13,"width":320,"height":240,"monotonicNs":272873029067972,"command":"child-destroy","barrierControl":13}
{"event":"buffercommit","sequence":43,"controlSequence":14,"rootCommits":7,"childCommits":8,"serial":13,"width":320,"height":240,"monotonicNs":272873079231867}
{"event":"request","sequence":44,"controlSequence":14,"rootCommits":8,"childCommits":8,"serial":13,"width":320,"height":240,"monotonicNs":272873079240144,"command":"child-create"}
{"event":"buffer-release","sequence":45,"controlSequence":14,"rootCommits":8,"childCommits":8,"serial":13,"width":320,"height":240,"monotonicNs":272873079370062}
{"event":"server-barrier","sequence":46,"controlSequence":14,"rootCommits":8,"childCommits":8,"serial":13,"width":320,"height":240,"monotonicNs":272873079377776,"command":"child-create","barrierControl":14}
{"event":"request","sequence":47,"controlSequence":15,"rootCommits":8,"childCommits":8,"serial":13,"width":320,"height":240,"monotonicNs":272873129565875,"command":"child-destroy"}
{"event":"server-barrier","sequence":48,"controlSequence":15,"rootCommits":8,"childCommits":8,"serial":13,"width":320,"height":240,"monotonicNs":272873129642120,"command":"child-destroy","barrierControl":15}
{"event":"buffercommit","sequence":49,"controlSequence":16,"rootCommits":8,"childCommits":9,"serial":13,"width":320,"height":240,"monotonicNs":272873179803279}
{"event":"request","sequence":50,"controlSequence":16,"rootCommits":8,"childCommits":9,"serial":13,"width":320,"height":240,"monotonicNs":272873179810145,"command":"child-create-sync"}
{"event":"server-barrier","sequence":51,"controlSequence":16,"rootCommits":8,"childCommits":9,"serial":13,"width":320,"height":240,"monotonicNs":272873179880885,"command":"child-create-sync","barrierControl":16}
{"event":"request","sequence":52,"controlSequence":17,"rootCommits":9,"childCommits":9,"serial":13,"width":320,"height":240,"monotonicNs":272873230022531,"command":"root-commit"}
{"event":"buffer-release","sequence":53,"controlSequence":17,"rootCommits":9,"childCommits":9,"serial":13,"width":320,"height":240,"monotonicNs":272873230179513}
{"event":"server-barrier","sequence":54,"controlSequence":17,"rootCommits":9,"childCommits":9,"serial":13,"width":320,"height":240,"monotonicNs":272873230215431,"command":"root-commit","barrierControl":17}
{"event":"request","sequence":55,"controlSequence":18,"rootCommits":9,"childCommits":9,"serial":13,"width":320,"height":240,"monotonicNs":272873305477437,"command":"child-destroy"}
{"event":"server-barrier","sequence":56,"controlSequence":18,"rootCommits":9,"childCommits":9,"serial":13,"width":320,"height":240,"monotonicNs":272873305550519,"command":"child-destroy","barrierControl":18}
{"event":"buffercommit","sequence":57,"controlSequence":19,"rootCommits":9,"childCommits":10,"serial":13,"width":320,"height":240,"monotonicNs":272873355773440}
{"event":"request","sequence":58,"controlSequence":19,"rootCommits":9,"childCommits":10,"serial":13,"width":320,"height":240,"monotonicNs":272873355799342,"command":"child-create-sync"}
{"event":"server-barrier","sequence":59,"controlSequence":19,"rootCommits":9,"childCommits":10,"serial":13,"width":320,"height":240,"monotonicNs":272873355991034,"command":"child-create-sync","barrierControl":19}
{"event":"request","sequence":60,"controlSequence":20,"rootCommits":10,"childCommits":10,"serial":13,"width":320,"height":240,"monotonicNs":272873406121098,"command":"root-commit"}
{"event":"buffer-release","sequence":61,"controlSequence":20,"rootCommits":10,"childCommits":10,"serial":13,"width":320,"height":240,"monotonicNs":272873406313800}
{"event":"server-barrier","sequence":62,"controlSequence":20,"rootCommits":10,"childCommits":10,"serial":13,"width":320,"height":240,"monotonicNs":272873406325452,"command":"root-commit","barrierControl":20}
{"event":"buffercommit","sequence":63,"controlSequence":21,"rootCommits":10,"childCommits":11,"serial":13,"width":320,"height":240,"monotonicNs":272873456775273}
{"event":"request","sequence":64,"controlSequence":21,"rootCommits":10,"childCommits":11,"serial":13,"width":320,"height":240,"monotonicNs":272873456786154,"command":"child-yellow"}
{"event":"server-barrier","sequence":65,"controlSequence":21,"rootCommits":10,"childCommits":11,"serial":13,"width":320,"height":240,"monotonicNs":272873456840037,"command":"child-yellow","barrierControl":21}
{"event":"request","sequence":66,"controlSequence":22,"rootCommits":10,"childCommits":11,"serial":13,"width":320,"height":240,"monotonicNs":272873507259301,"command":"child-destroy"}
{"event":"buffer-release","sequence":67,"controlSequence":22,"rootCommits":10,"childCommits":11,"serial":13,"width":320,"height":240,"monotonicNs":272873507451070}
{"event":"server-barrier","sequence":68,"controlSequence":22,"rootCommits":10,"childCommits":11,"serial":13,"width":320,"height":240,"monotonicNs":272873507467452,"command":"child-destroy","barrierControl":22}
{"event":"request","sequence":69,"controlSequence":23,"rootCommits":11,"childCommits":11,"serial":13,"width":320,"height":240,"monotonicNs":272873535537363,"command":"root-commit"}
{"event":"server-barrier","sequence":70,"controlSequence":23,"rootCommits":11,"childCommits":11,"serial":13,"width":320,"height":240,"monotonicNs":272873535709675,"command":"root-commit","barrierControl":23}
{"event":"buffercommit","sequence":71,"controlSequence":24,"rootCommits":11,"childCommits":12,"serial":13,"width":320,"height":240,"monotonicNs":272873610994042}
{"event":"request","sequence":72,"controlSequence":24,"rootCommits":11,"childCommits":12,"serial":13,"width":320,"height":240,"monotonicNs":272873611004645,"command":"child-create-sync"}
{"event":"server-barrier","sequence":73,"controlSequence":24,"rootCommits":11,"childCommits":12,"serial":13,"width":320,"height":240,"monotonicNs":272873611078720,"command":"child-create-sync","barrierControl":24}
{"event":"request","sequence":74,"controlSequence":25,"rootCommits":12,"childCommits":12,"serial":13,"width":320,"height":240,"monotonicNs":272873661211203,"command":"root-commit"}
{"event":"buffer-release","sequence":75,"controlSequence":25,"rootCommits":12,"childCommits":12,"serial":13,"width":320,"height":240,"monotonicNs":272873661380434}
{"event":"server-barrier","sequence":76,"controlSequence":25,"rootCommits":12,"childCommits":12,"serial":13,"width":320,"height":240,"monotonicNs":272873661390960,"command":"root-commit","barrierControl":25}
{"event":"request","sequence":77,"controlSequence":26,"rootCommits":12,"childCommits":12,"serial":13,"width":320,"height":240,"monotonicNs":272873711631055,"command":"child-destroy"}
{"event":"server-barrier","sequence":78,"controlSequence":26,"rootCommits":12,"childCommits":12,"serial":13,"width":320,"height":240,"monotonicNs":272873711780345,"command":"child-destroy","barrierControl":26}
{"event":"buffercommit","sequence":79,"controlSequence":27,"rootCommits":12,"childCommits":13,"serial":13,"width":320,"height":240,"monotonicNs":272873762109475}
{"event":"request","sequence":80,"controlSequence":27,"rootCommits":12,"childCommits":13,"serial":13,"width":320,"height":240,"monotonicNs":272873762118914,"command":"child-create-sync"}
{"event":"server-barrier","sequence":81,"controlSequence":27,"rootCommits":12,"childCommits":13,"serial":13,"width":320,"height":240,"monotonicNs":272873762271872,"command":"child-create-sync","barrierControl":27}
{"event":"request","sequence":82,"controlSequence":28,"rootCommits":13,"childCommits":13,"serial":13,"width":320,"height":240,"monotonicNs":272873812419029,"command":"root-commit"}
{"event":"buffer-release","sequence":83,"controlSequence":28,"rootCommits":13,"childCommits":13,"serial":13,"width":320,"height":240,"monotonicNs":272873812711417}
{"event":"server-barrier","sequence":84,"controlSequence":28,"rootCommits":13,"childCommits":13,"serial":13,"width":320,"height":240,"monotonicNs":272873812726726,"command":"root-commit","barrierControl":28}
{"event":"buffercommit","sequence":85,"controlSequence":29,"rootCommits":13,"childCommits":14,"serial":13,"width":320,"height":240,"monotonicNs":272873862942672}
{"event":"request","sequence":86,"controlSequence":29,"rootCommits":13,"childCommits":15,"serial":13,"width":320,"height":240,"monotonicNs":272873862949955,"command":"grand-create"}
{"event":"server-barrier","sequence":87,"controlSequence":29,"rootCommits":13,"childCommits":15,"serial":13,"width":320,"height":240,"monotonicNs":272873863025743,"command":"grand-create","barrierControl":29}
{"event":"request","sequence":88,"controlSequence":30,"rootCommits":14,"childCommits":15,"serial":13,"width":320,"height":240,"monotonicNs":272873913258238,"command":"root-commit"}
{"event":"buffer-release","sequence":89,"controlSequence":30,"rootCommits":14,"childCommits":15,"serial":13,"width":320,"height":240,"monotonicNs":272873913381848}
{"event":"server-barrier","sequence":90,"controlSequence":30,"rootCommits":14,"childCommits":15,"serial":13,"width":320,"height":240,"monotonicNs":272873913396240,"command":"root-commit","barrierControl":30}
{"event":"buffercommit","sequence":91,"controlSequence":31,"rootCommits":14,"childCommits":16,"serial":13,"width":320,"height":240,"monotonicNs":272873989096694}
{"event":"request","sequence":92,"controlSequence":31,"rootCommits":14,"childCommits":16,"serial":13,"width":320,"height":240,"monotonicNs":272873989109136,"command":"grand-yellow"}
{"event":"server-barrier","sequence":93,"controlSequence":31,"rootCommits":14,"childCommits":16,"serial":13,"width":320,"height":240,"monotonicNs":272873989305731,"command":"grand-yellow","barrierControl":31}
{"event":"request","sequence":94,"controlSequence":32,"rootCommits":14,"childCommits":16,"serial":13,"width":320,"height":240,"monotonicNs":272874039541917,"command":"grand-desync"}
{"event":"server-barrier","sequence":95,"controlSequence":32,"rootCommits":14,"childCommits":16,"serial":13,"width":320,"height":240,"monotonicNs":272874039593236,"command":"grand-desync","barrierControl":32}
{"event":"request","sequence":96,"controlSequence":33,"rootCommits":14,"childCommits":16,"serial":13,"width":320,"height":240,"monotonicNs":272874089903209,"command":"child-desync"}
{"event":"buffer-release","sequence":97,"controlSequence":33,"rootCommits":14,"childCommits":16,"serial":13,"width":320,"height":240,"monotonicNs":272874090023633}
{"event":"server-barrier","sequence":98,"controlSequence":33,"rootCommits":14,"childCommits":16,"serial":13,"width":320,"height":240,"monotonicNs":272874090037249,"command":"child-desync","barrierControl":33}
{"event":"request","sequence":99,"controlSequence":34,"rootCommits":14,"childCommits":16,"serial":13,"width":320,"height":240,"monotonicNs":272874165340272,"command":"child-destroy"}
{"event":"server-barrier","sequence":100,"controlSequence":34,"rootCommits":14,"childCommits":16,"serial":13,"width":320,"height":240,"monotonicNs":272874165416028,"command":"child-destroy","barrierControl":34}
{"event":"buffercommit","sequence":101,"controlSequence":35,"rootCommits":14,"childCommits":17,"serial":13,"width":320,"height":240,"monotonicNs":272874215600203}
{"event":"request","sequence":102,"controlSequence":35,"rootCommits":14,"childCommits":17,"serial":13,"width":320,"height":240,"monotonicNs":272874215608487,"command":"child-create-sync"}
{"event":"server-barrier","sequence":103,"controlSequence":35,"rootCommits":14,"childCommits":17,"serial":13,"width":320,"height":240,"monotonicNs":272874215679191,"command":"child-create-sync","barrierControl":35}
{"event":"request","sequence":104,"controlSequence":36,"rootCommits":15,"childCommits":17,"serial":13,"width":320,"height":240,"monotonicNs":272874265857202,"command":"root-commit"}
{"event":"buffer-release","sequence":105,"controlSequence":36,"rootCommits":15,"childCommits":17,"serial":13,"width":320,"height":240,"monotonicNs":272874265970835}
{"event":"server-barrier","sequence":106,"controlSequence":36,"rootCommits":15,"childCommits":17,"serial":13,"width":320,"height":240,"monotonicNs":272874266092070,"command":"root-commit","barrierControl":36}
{"event":"buffercommit","sequence":107,"controlSequence":37,"rootCommits":15,"childCommits":18,"serial":13,"width":320,"height":240,"monotonicNs":272874316283332}
{"event":"request","sequence":108,"controlSequence":37,"rootCommits":15,"childCommits":18,"serial":13,"width":320,"height":240,"monotonicNs":272874316293042,"command":"child-yellow"}
{"event":"server-barrier","sequence":109,"controlSequence":37,"rootCommits":15,"childCommits":18,"serial":13,"width":320,"height":240,"monotonicNs":272874316343609,"command":"child-yellow","barrierControl":37}
{"event":"buffercommit","sequence":110,"controlSequence":38,"rootCommits":15,"childCommits":19,"serial":13,"width":320,"height":240,"monotonicNs":272874366565023}
{"event":"request","sequence":111,"controlSequence":38,"rootCommits":15,"childCommits":19,"serial":13,"width":320,"height":240,"monotonicNs":272874366585497,"command":"child-blue"}
{"event":"buffer-release","sequence":112,"controlSequence":38,"rootCommits":15,"childCommits":19,"serial":13,"width":320,"height":240,"monotonicNs":272874366640173}
{"event":"server-barrier","sequence":113,"controlSequence":38,"rootCommits":15,"childCommits":19,"serial":13,"width":320,"height":240,"monotonicNs":272874366652615,"command":"child-blue","barrierControl":38}
{"event":"buffercommit","sequence":114,"controlSequence":39,"rootCommits":15,"childCommits":20,"serial":13,"width":320,"height":240,"monotonicNs":272874417024822}
{"event":"request","sequence":115,"controlSequence":39,"rootCommits":15,"childCommits":20,"serial":13,"width":320,"height":240,"monotonicNs":272874417035662,"command":"child-yellow"}
{"event":"buffer-release","sequence":116,"controlSequence":39,"rootCommits":15,"childCommits":20,"serial":13,"width":320,"height":240,"monotonicNs":272874417211336}
{"event":"server-barrier","sequence":117,"controlSequence":39,"rootCommits":15,"childCommits":20,"serial":13,"width":320,"height":240,"monotonicNs":272874417226593,"command":"child-yellow","barrierControl":39}
{"event":"request","sequence":118,"controlSequence":40,"rootCommits":15,"childCommits":21,"serial":13,"width":320,"height":240,"monotonicNs":272874467744112,"command":"child-empty"}
{"event":"server-barrier","sequence":119,"controlSequence":40,"rootCommits":15,"childCommits":21,"serial":13,"width":320,"height":240,"monotonicNs":272874467910561,"command":"child-empty","barrierControl":40}
{"event":"request","sequence":120,"controlSequence":41,"rootCommits":16,"childCommits":21,"serial":13,"width":320,"height":240,"monotonicNs":272874518200669,"command":"root-commit"}
{"event":"buffer-release","sequence":121,"controlSequence":41,"rootCommits":16,"childCommits":21,"serial":13,"width":320,"height":240,"monotonicNs":272874518445383}
{"event":"server-barrier","sequence":122,"controlSequence":41,"rootCommits":16,"childCommits":21,"serial":13,"width":320,"height":240,"monotonicNs":272874518461024,"command":"root-commit","barrierControl":41}
{"event":"request","sequence":123,"controlSequence":42,"rootCommits":16,"childCommits":21,"serial":13,"width":320,"height":240,"monotonicNs":272874594199699,"command":"child-destroy"}
{"event":"server-barrier","sequence":124,"controlSequence":42,"rootCommits":16,"childCommits":21,"serial":13,"width":320,"height":240,"monotonicNs":272874594276556,"command":"child-destroy","barrierControl":42}
{"event":"buffercommit","sequence":125,"controlSequence":43,"rootCommits":16,"childCommits":22,"serial":13,"width":320,"height":240,"monotonicNs":272874644680022}
{"event":"request","sequence":126,"controlSequence":43,"rootCommits":16,"childCommits":22,"serial":13,"width":320,"height":240,"monotonicNs":272874644689975,"command":"child-create-sync"}
{"event":"server-barrier","sequence":127,"controlSequence":43,"rootCommits":16,"childCommits":22,"serial":13,"width":320,"height":240,"monotonicNs":272874644884949,"command":"child-create-sync","barrierControl":43}
{"event":"request","sequence":128,"controlSequence":44,"rootCommits":17,"childCommits":22,"serial":13,"width":320,"height":240,"monotonicNs":272874695302898,"command":"root-commit"}
{"event":"buffer-release","sequence":129,"controlSequence":44,"rootCommits":17,"childCommits":22,"serial":13,"width":320,"height":240,"monotonicNs":272874695520694}
{"event":"server-barrier","sequence":130,"controlSequence":44,"rootCommits":17,"childCommits":22,"serial":13,"width":320,"height":240,"monotonicNs":272874695541025,"command":"root-commit","barrierControl":44}
{"event":"buffercommit","sequence":131,"controlSequence":45,"rootCommits":17,"childCommits":23,"serial":13,"width":320,"height":240,"monotonicNs":272874746185050}
{"event":"request","sequence":132,"controlSequence":45,"rootCommits":17,"childCommits":24,"serial":13,"width":320,"height":240,"monotonicNs":272874746194963,"command":"grand-create"}
{"event":"server-barrier","sequence":133,"controlSequence":45,"rootCommits":17,"childCommits":24,"serial":13,"width":320,"height":240,"monotonicNs":272874746338242,"command":"grand-create","barrierControl":45}
{"event":"request","sequence":134,"controlSequence":46,"rootCommits":18,"childCommits":24,"serial":13,"width":320,"height":240,"monotonicNs":272874796515402,"command":"root-commit"}
{"event":"buffer-release","sequence":135,"controlSequence":46,"rootCommits":18,"childCommits":24,"serial":13,"width":320,"height":240,"monotonicNs":272874796667602}
{"event":"server-barrier","sequence":136,"controlSequence":46,"rootCommits":18,"childCommits":24,"serial":13,"width":320,"height":240,"monotonicNs":272874796685018,"command":"root-commit","barrierControl":46}
{"event":"request","sequence":137,"controlSequence":47,"rootCommits":18,"childCommits":25,"serial":13,"width":320,"height":240,"monotonicNs":272874846851500,"command":"child-detach"}
{"event":"server-barrier","sequence":138,"controlSequence":47,"rootCommits":18,"childCommits":25,"serial":13,"width":320,"height":240,"monotonicNs":272874846914830,"command":"child-detach","barrierControl":47}
{"event":"request","sequence":139,"controlSequence":48,"rootCommits":19,"childCommits":25,"serial":13,"width":320,"height":240,"monotonicNs":272874923019607,"command":"root-commit"}
{"event":"server-barrier","sequence":140,"controlSequence":48,"rootCommits":19,"childCommits":25,"serial":13,"width":320,"height":240,"monotonicNs":272874923242143,"command":"root-commit","barrierControl":48}
{"event":"request","sequence":141,"controlSequence":49,"rootCommits":19,"childCommits":25,"serial":13,"width":320,"height":240,"monotonicNs":272874973403380,"command":"child-destroy"}
{"event":"server-barrier","sequence":142,"controlSequence":49,"rootCommits":19,"childCommits":25,"serial":13,"width":320,"height":240,"monotonicNs":272874973721893,"command":"child-destroy","barrierControl":49}
{"event":"buffercommit","sequence":143,"controlSequence":50,"rootCommits":19,"childCommits":26,"serial":13,"width":320,"height":240,"monotonicNs":272875011431108}
{"event":"request","sequence":144,"controlSequence":50,"rootCommits":20,"childCommits":26,"serial":13,"width":320,"height":240,"monotonicNs":272875011443290,"command":"child-create"}
{"event":"buffer-release","sequence":145,"controlSequence":50,"rootCommits":20,"childCommits":26,"serial":13,"width":320,"height":240,"monotonicNs":272875011729293}
{"event":"server-barrier","sequence":146,"controlSequence":50,"rootCommits":20,"childCommits":26,"serial":13,"width":320,"height":240,"monotonicNs":272875011744776,"command":"child-create","barrierControl":50}
{"event":"request","sequence":147,"controlSequence":51,"rootCommits":20,"childCommits":26,"serial":13,"width":320,"height":240,"monotonicNs":272875087289880,"command":"child-move-pending"}
{"event":"server-barrier","sequence":148,"controlSequence":51,"rootCommits":20,"childCommits":26,"serial":13,"width":320,"height":240,"monotonicNs":272875087435744,"command":"child-move-pending","barrierControl":51}
{"event":"request","sequence":149,"controlSequence":52,"rootCommits":21,"childCommits":26,"serial":13,"width":320,"height":240,"monotonicNs":272875137706163,"command":"root-commit"}
{"event":"server-barrier","sequence":150,"controlSequence":52,"rootCommits":21,"childCommits":26,"serial":13,"width":320,"height":240,"monotonicNs":272875137828267,"command":"root-commit","barrierControl":52}
{"event":"request","sequence":151,"controlSequence":53,"rootCommits":21,"childCommits":26,"serial":13,"width":320,"height":240,"monotonicNs":272875188169106,"command":"child-below-pending"}
{"event":"server-barrier","sequence":152,"controlSequence":53,"rootCommits":21,"childCommits":26,"serial":13,"width":320,"height":240,"monotonicNs":272875188253314,"command":"child-below-pending","barrierControl":53}
{"event":"request","sequence":153,"controlSequence":54,"rootCommits":22,"childCommits":26,"serial":13,"width":320,"height":240,"monotonicNs":272875238424482,"command":"root-commit"}
{"event":"server-barrier","sequence":154,"controlSequence":54,"rootCommits":22,"childCommits":26,"serial":13,"width":320,"height":240,"monotonicNs":272875238500395,"command":"root-commit","barrierControl":54}
{"event":"request","sequence":155,"controlSequence":55,"rootCommits":22,"childCommits":26,"serial":13,"width":320,"height":240,"monotonicNs":272875288655411,"command":"child-above-pending"}
{"event":"server-barrier","sequence":156,"controlSequence":55,"rootCommits":22,"childCommits":26,"serial":13,"width":320,"height":240,"monotonicNs":272875288827710,"command":"child-above-pending","barrierControl":55}
{"event":"request","sequence":157,"controlSequence":56,"rootCommits":23,"childCommits":26,"serial":13,"width":320,"height":240,"monotonicNs":272875339193251,"command":"root-commit"}
{"event":"server-barrier","sequence":158,"controlSequence":56,"rootCommits":23,"childCommits":26,"serial":13,"width":320,"height":240,"monotonicNs":272875339374552,"command":"root-commit","barrierControl":56}
{"event":"buffercommit","sequence":159,"controlSequence":57,"rootCommits":23,"childCommits":27,"serial":13,"width":320,"height":240,"monotonicNs":272884137499716}
{"event":"request","sequence":160,"controlSequence":57,"rootCommits":23,"childCommits":27,"serial":13,"width":320,"height":240,"monotonicNs":272884137512525,"command":"child-yellow"}
{"event":"buffer-release","sequence":161,"controlSequence":57,"rootCommits":23,"childCommits":27,"serial":13,"width":320,"height":240,"monotonicNs":272884137777515}
{"event":"server-barrier","sequence":162,"controlSequence":57,"rootCommits":23,"childCommits":27,"serial":13,"width":320,"height":240,"monotonicNs":272884137913049,"command":"child-yellow","barrierControl":57}
{"event":"buffercommit","sequence":163,"controlSequence":58,"rootCommits":23,"childCommits":28,"serial":13,"width":320,"height":240,"monotonicNs":272892568273700}
{"event":"request","sequence":164,"controlSequence":58,"rootCommits":23,"childCommits":28,"serial":13,"width":320,"height":240,"monotonicNs":272892568285404,"command":"child-blue"}
{"event":"buffer-release","sequence":165,"controlSequence":58,"rootCommits":23,"childCommits":28,"serial":13,"width":320,"height":240,"monotonicNs":272892568573540}
{"event":"server-barrier","sequence":166,"controlSequence":58,"rootCommits":23,"childCommits":28,"serial":13,"width":320,"height":240,"monotonicNs":272892568722408,"command":"child-blue","barrierControl":58}
{"event":"ack-configure","sequence":167,"controlSequence":58,"rootCommits":23,"childCommits":28,"serial":131,"width":320,"height":240,"monotonicNs":272899356782615}
{"event":"ack-configure","sequence":168,"controlSequence":58,"rootCommits":23,"childCommits":28,"serial":146,"width":320,"height":240,"monotonicNs":272904933565506}
{"event":"ack-configure","sequence":169,"controlSequence":58,"rootCommits":23,"childCommits":28,"serial":147,"width":320,"height":240,"monotonicNs":272905069852084}
{"event":"ack-configure","sequence":170,"controlSequence":58,"rootCommits":23,"childCommits":28,"serial":150,"width":320,"height":240,"monotonicNs":272905242297005}
{"event":"buffercommit","sequence":171,"controlSequence":59,"rootCommits":23,"childCommits":29,"serial":150,"width":320,"height":240,"monotonicNs":272905267534170}
{"event":"request","sequence":172,"controlSequence":59,"rootCommits":23,"childCommits":29,"serial":150,"width":320,"height":240,"monotonicNs":272905267549487,"command":"child-blue"}
{"event":"buffer-release","sequence":173,"controlSequence":59,"rootCommits":23,"childCommits":29,"serial":150,"width":320,"height":240,"monotonicNs":272905267920088}
{"event":"server-barrier","sequence":174,"controlSequence":59,"rootCommits":23,"childCommits":29,"serial":150,"width":320,"height":240,"monotonicNs":272905268093799,"command":"child-blue","barrierControl":59}
{"event":"buffercommit","sequence":175,"controlSequence":60,"rootCommits":23,"childCommits":30,"serial":150,"width":320,"height":240,"monotonicNs":272905469509276}
{"event":"request","sequence":176,"controlSequence":60,"rootCommits":23,"childCommits":30,"serial":150,"width":320,"height":240,"monotonicNs":272905469525048,"command":"child-yellow"}
{"event":"buffer-release","sequence":177,"controlSequence":60,"rootCommits":23,"childCommits":30,"serial":150,"width":320,"height":240,"monotonicNs":272905470405133}
{"event":"server-barrier","sequence":178,"controlSequence":60,"rootCommits":23,"childCommits":30,"serial":150,"width":320,"height":240,"monotonicNs":272905470440194,"command":"child-yellow","barrierControl":60}
{"event":"buffercommit","sequence":179,"controlSequence":61,"rootCommits":23,"childCommits":31,"serial":150,"width":320,"height":240,"monotonicNs":272905596096785}
{"event":"request","sequence":180,"controlSequence":61,"rootCommits":23,"childCommits":31,"serial":150,"width":320,"height":240,"monotonicNs":272905596112217,"command":"child-blue"}
{"event":"buffer-release","sequence":181,"controlSequence":61,"rootCommits":23,"childCommits":31,"serial":150,"width":320,"height":240,"monotonicNs":272905596300054}
{"event":"server-barrier","sequence":182,"controlSequence":61,"rootCommits":23,"childCommits":31,"serial":150,"width":320,"height":240,"monotonicNs":272905596307733,"command":"child-blue","barrierControl":61}
{"event":"ack-configure","sequence":183,"controlSequence":61,"rootCommits":23,"childCommits":31,"serial":153,"width":320,"height":240,"monotonicNs":272905617330637}
{"event":"ack-configure","sequence":184,"controlSequence":61,"rootCommits":23,"childCommits":31,"serial":154,"width":320,"height":240,"monotonicNs":272905921027464}
{"event":"buffercommit","sequence":185,"controlSequence":62,"rootCommits":23,"childCommits":32,"serial":154,"width":320,"height":240,"monotonicNs":272911719881789}
{"event":"request","sequence":186,"controlSequence":62,"rootCommits":23,"childCommits":32,"serial":154,"width":320,"height":240,"monotonicNs":272911719894010,"command":"child-yellow"}
{"event":"buffer-release","sequence":187,"controlSequence":62,"rootCommits":23,"childCommits":32,"serial":154,"width":320,"height":240,"monotonicNs":272911720217743}
{"event":"server-barrier","sequence":188,"controlSequence":62,"rootCommits":23,"childCommits":32,"serial":154,"width":320,"height":240,"monotonicNs":272911720364039,"command":"child-yellow","barrierControl":62}
{"event":"ack-configure","sequence":189,"controlSequence":62,"rootCommits":23,"childCommits":32,"serial":170,"width":320,"height":240,"monotonicNs":272911857569760}
{"event":"buffercommit","sequence":190,"controlSequence":63,"rootCommits":23,"childCommits":33,"serial":170,"width":320,"height":240,"monotonicNs":272917996653187}
{"event":"request","sequence":191,"controlSequence":63,"rootCommits":23,"childCommits":33,"serial":170,"width":320,"height":240,"monotonicNs":272917996668992,"command":"child-blue"}
{"event":"buffer-release","sequence":192,"controlSequence":63,"rootCommits":23,"childCommits":33,"serial":170,"width":320,"height":240,"monotonicNs":272917996870768}
{"event":"server-barrier","sequence":193,"controlSequence":63,"rootCommits":23,"childCommits":33,"serial":170,"width":320,"height":240,"monotonicNs":272917997027287,"command":"child-blue","barrierControl":63}
{"event":"ack-configure","sequence":194,"controlSequence":63,"rootCommits":23,"childCommits":33,"serial":195,"width":320,"height":240,"monotonicNs":272918793630039}
{"event":"ack-configure","sequence":195,"controlSequence":63,"rootCommits":23,"childCommits":33,"serial":210,"width":320,"height":240,"monotonicNs":272924414397746}
{"event":"request","sequence":196,"controlSequence":64,"rootCommits":23,"childCommits":33,"serial":210,"width":320,"height":240,"monotonicNs":272924439601423,"command":"popup-create"}
{"event":"server-barrier","sequence":197,"controlSequence":64,"rootCommits":23,"childCommits":33,"serial":210,"width":320,"height":240,"monotonicNs":272924439732203,"command":"popup-create","barrierControl":64}
{"event":"buffercommit","sequence":198,"controlSequence":64,"rootCommits":23,"childCommits":33,"serial":210,"width":320,"height":240,"monotonicNs":272924439776037}
{"event":"popup-buffercommit","sequence":199,"controlSequence":64,"rootCommits":23,"childCommits":33,"serial":210,"width":320,"height":240,"monotonicNs":272924439779389,"popupCommits":2,"popupSerial":211,"popupColor":4278255615}
{"event":"popup-configured","sequence":200,"controlSequence":64,"rootCommits":23,"childCommits":33,"serial":210,"width":320,"height":240,"monotonicNs":272924439781446,"popupSerial":211,"popupCommits":2,"popupGeometry":[291,211,64,48]}
{"event":"buffer-release","sequence":201,"controlSequence":64,"rootCommits":23,"childCommits":33,"serial":210,"width":320,"height":240,"monotonicNs":272924440120602}
{"event":"buffercommit","sequence":202,"controlSequence":65,"rootCommits":23,"childCommits":33,"serial":210,"width":320,"height":240,"monotonicNs":272924542005485}
{"event":"popup-buffercommit","sequence":203,"controlSequence":65,"rootCommits":23,"childCommits":33,"serial":210,"width":320,"height":240,"monotonicNs":272924542016061,"popupCommits":3,"popupSerial":211,"popupColor":4294967040}
{"event":"request","sequence":204,"controlSequence":65,"rootCommits":23,"childCommits":33,"serial":210,"width":320,"height":240,"monotonicNs":272924542018638,"command":"popup-yellow"}
{"event":"buffer-release","sequence":205,"controlSequence":65,"rootCommits":23,"childCommits":33,"serial":210,"width":320,"height":240,"monotonicNs":272924542272241}
{"event":"server-barrier","sequence":206,"controlSequence":65,"rootCommits":23,"childCommits":33,"serial":210,"width":320,"height":240,"monotonicNs":272924542285983,"command":"popup-yellow","barrierControl":65}
{"event":"request","sequence":207,"controlSequence":66,"rootCommits":23,"childCommits":33,"serial":210,"width":320,"height":240,"monotonicNs":272924643534915,"command":"popup-reposition"}
{"event":"popup-repositioned","sequence":208,"controlSequence":66,"rootCommits":23,"childCommits":33,"serial":210,"width":320,"height":240,"monotonicNs":272924643716847,"repositionToken":1}
{"event":"server-barrier","sequence":209,"controlSequence":66,"rootCommits":23,"childCommits":33,"serial":210,"width":320,"height":240,"monotonicNs":272924643724280,"command":"popup-reposition","barrierControl":66}
{"event":"buffercommit","sequence":210,"controlSequence":66,"rootCommits":23,"childCommits":33,"serial":210,"width":320,"height":240,"monotonicNs":272924643759187}
{"event":"popup-buffercommit","sequence":211,"controlSequence":66,"rootCommits":23,"childCommits":33,"serial":210,"width":320,"height":240,"monotonicNs":272924643762444,"popupCommits":4,"popupSerial":212,"popupColor":4294967040}
{"event":"popup-configured","sequence":212,"controlSequence":66,"rootCommits":23,"childCommits":33,"serial":210,"width":320,"height":240,"monotonicNs":272924643764762,"popupSerial":212,"popupCommits":4,"popupGeometry":[101,81,64,48]}
{"event":"buffer-release","sequence":213,"controlSequence":66,"rootCommits":23,"childCommits":33,"serial":210,"width":320,"height":240,"monotonicNs":272924643882266}
{"event":"popup-destroyed","sequence":214,"controlSequence":67,"rootCommits":23,"childCommits":33,"serial":210,"width":320,"height":240,"monotonicNs":272924694800383}
{"event":"request","sequence":215,"controlSequence":67,"rootCommits":23,"childCommits":33,"serial":210,"width":320,"height":240,"monotonicNs":272924694810367,"command":"popup-destroy"}
{"event":"server-barrier","sequence":216,"controlSequence":67,"rootCommits":23,"childCommits":33,"serial":210,"width":320,"height":240,"monotonicNs":272924694955721,"command":"popup-destroy","barrierControl":67}
{"event":"request","sequence":217,"controlSequence":68,"rootCommits":23,"childCommits":33,"serial":210,"width":320,"height":240,"monotonicNs":272924770169197,"command":"popup-create"}
{"event":"server-barrier","sequence":218,"controlSequence":68,"rootCommits":23,"childCommits":33,"serial":210,"width":320,"height":240,"monotonicNs":272924770344887,"command":"popup-create","barrierControl":68}
{"event":"buffercommit","sequence":219,"controlSequence":68,"rootCommits":23,"childCommits":33,"serial":210,"width":320,"height":240,"monotonicNs":272924770381203}
{"event":"popup-buffercommit","sequence":220,"controlSequence":68,"rootCommits":23,"childCommits":33,"serial":210,"width":320,"height":240,"monotonicNs":272924770384713,"popupCommits":6,"popupSerial":213,"popupColor":4278255615}
{"event":"popup-configured","sequence":221,"controlSequence":68,"rootCommits":23,"childCommits":33,"serial":210,"width":320,"height":240,"monotonicNs":272924770386980,"popupSerial":213,"popupCommits":6,"popupGeometry":[291,211,64,48]}
{"event":"buffer-release","sequence":222,"controlSequence":68,"rootCommits":23,"childCommits":33,"serial":210,"width":320,"height":240,"monotonicNs":272924770561538}
{"event":"popup-destroyed","sequence":223,"controlSequence":69,"rootCommits":23,"childCommits":33,"serial":210,"width":320,"height":240,"monotonicNs":272924846642338}
{"event":"request","sequence":224,"controlSequence":69,"rootCommits":23,"childCommits":33,"serial":210,"width":320,"height":240,"monotonicNs":272924846672749,"command":"popup-destroy"}
{"event":"server-barrier","sequence":225,"controlSequence":69,"rootCommits":23,"childCommits":33,"serial":210,"width":320,"height":240,"monotonicNs":272924846984415,"command":"popup-destroy","barrierControl":69}
{"event":"request","sequence":226,"controlSequence":70,"rootCommits":23,"childCommits":33,"serial":210,"width":320,"height":240,"monotonicNs":272924897261251,"command":"popup-create"}
{"event":"server-barrier","sequence":227,"controlSequence":70,"rootCommits":23,"childCommits":33,"serial":210,"width":320,"height":240,"monotonicNs":272924897487448,"command":"popup-create","barrierControl":70}
{"event":"buffercommit","sequence":228,"controlSequence":70,"rootCommits":23,"childCommits":33,"serial":210,"width":320,"height":240,"monotonicNs":272924897526026}
{"event":"popup-buffercommit","sequence":229,"controlSequence":70,"rootCommits":23,"childCommits":33,"serial":210,"width":320,"height":240,"monotonicNs":272924897529257,"popupCommits":8,"popupSerial":214,"popupColor":4278255615}
{"event":"popup-configured","sequence":230,"controlSequence":70,"rootCommits":23,"childCommits":33,"serial":210,"width":320,"height":240,"monotonicNs":272924897531254,"popupSerial":214,"popupCommits":8,"popupGeometry":[291,211,64,48]}
{"event":"buffer-release","sequence":231,"controlSequence":70,"rootCommits":23,"childCommits":33,"serial":210,"width":320,"height":240,"monotonicNs":272924897822924}
{"event":"buffercommit","sequence":232,"controlSequence":71,"rootCommits":23,"childCommits":33,"serial":210,"width":320,"height":240,"monotonicNs":272924948693324}
{"event":"popup-buffercommit","sequence":233,"controlSequence":71,"rootCommits":23,"childCommits":33,"serial":210,"width":320,"height":240,"monotonicNs":272924948704901,"popupCommits":9,"popupSerial":214,"popupColor":4294967040}
{"event":"request","sequence":234,"controlSequence":71,"rootCommits":23,"childCommits":33,"serial":210,"width":320,"height":240,"monotonicNs":272924948707773,"command":"popup-yellow"}
{"event":"buffer-release","sequence":235,"controlSequence":71,"rootCommits":23,"childCommits":33,"serial":210,"width":320,"height":240,"monotonicNs":272924948939653}
{"event":"server-barrier","sequence":236,"controlSequence":71,"rootCommits":23,"childCommits":33,"serial":210,"width":320,"height":240,"monotonicNs":272924948949685,"command":"popup-yellow","barrierControl":71}
{"event":"popup-destroyed","sequence":237,"controlSequence":72,"rootCommits":23,"childCommits":33,"serial":210,"width":320,"height":240,"monotonicNs":272924999774553}
{"event":"request","sequence":238,"controlSequence":72,"rootCommits":23,"childCommits":33,"serial":210,"width":320,"height":240,"monotonicNs":272924999783444,"command":"popup-destroy"}
{"event":"server-barrier","sequence":239,"controlSequence":72,"rootCommits":23,"childCommits":33,"serial":210,"width":320,"height":240,"monotonicNs":272925000087379,"command":"popup-destroy","barrierControl":72}
{"event":"request","sequence":240,"controlSequence":73,"rootCommits":23,"childCommits":33,"serial":210,"width":320,"height":240,"monotonicNs":272925050399308,"command":"popup-create"}
{"event":"server-barrier","sequence":241,"controlSequence":73,"rootCommits":23,"childCommits":33,"serial":210,"width":320,"height":240,"monotonicNs":272925050565069,"command":"popup-create","barrierControl":73}
{"event":"buffercommit","sequence":242,"controlSequence":73,"rootCommits":23,"childCommits":33,"serial":210,"width":320,"height":240,"monotonicNs":272925050605746}
{"event":"popup-buffercommit","sequence":243,"controlSequence":73,"rootCommits":23,"childCommits":33,"serial":210,"width":320,"height":240,"monotonicNs":272925050609540,"popupCommits":11,"popupSerial":215,"popupColor":4278255615}
{"event":"popup-configured","sequence":244,"controlSequence":73,"rootCommits":23,"childCommits":33,"serial":210,"width":320,"height":240,"monotonicNs":272925050620040,"popupSerial":215,"popupCommits":11,"popupGeometry":[291,211,64,48]}
{"event":"buffer-release","sequence":245,"controlSequence":73,"rootCommits":23,"childCommits":33,"serial":210,"width":320,"height":240,"monotonicNs":272925050920038}
{"event":"request","sequence":246,"controlSequence":74,"rootCommits":23,"childCommits":33,"serial":210,"width":320,"height":240,"monotonicNs":272925101944860,"command":"popup-reposition"}
{"event":"popup-repositioned","sequence":247,"controlSequence":74,"rootCommits":23,"childCommits":33,"serial":210,"width":320,"height":240,"monotonicNs":272925102072575,"repositionToken":2}
{"event":"server-barrier","sequence":248,"controlSequence":74,"rootCommits":23,"childCommits":33,"serial":210,"width":320,"height":240,"monotonicNs":272925102080243,"command":"popup-reposition","barrierControl":74}
{"event":"buffercommit","sequence":249,"controlSequence":74,"rootCommits":23,"childCommits":33,"serial":210,"width":320,"height":240,"monotonicNs":272925102112609}
{"event":"popup-buffercommit","sequence":250,"controlSequence":74,"rootCommits":23,"childCommits":33,"serial":210,"width":320,"height":240,"monotonicNs":272925102115859,"popupCommits":12,"popupSerial":216,"popupColor":4278255615}
{"event":"popup-configured","sequence":251,"controlSequence":74,"rootCommits":23,"childCommits":33,"serial":210,"width":320,"height":240,"monotonicNs":272925102118416,"popupSerial":216,"popupCommits":12,"popupGeometry":[101,81,64,48]}
{"event":"buffer-release","sequence":252,"controlSequence":74,"rootCommits":23,"childCommits":33,"serial":210,"width":320,"height":240,"monotonicNs":272925102375825}
{"event":"popup-destroyed","sequence":253,"controlSequence":75,"rootCommits":23,"childCommits":33,"serial":210,"width":320,"height":240,"monotonicNs":272925152943393}
{"event":"request","sequence":254,"controlSequence":75,"rootCommits":23,"childCommits":33,"serial":210,"width":320,"height":240,"monotonicNs":272925152958986,"command":"popup-destroy"}
{"event":"server-barrier","sequence":255,"controlSequence":75,"rootCommits":23,"childCommits":33,"serial":210,"width":320,"height":240,"monotonicNs":272925153191580,"command":"popup-destroy","barrierControl":75}
{"event":"request","sequence":256,"controlSequence":76,"rootCommits":23,"childCommits":33,"serial":210,"width":320,"height":240,"monotonicNs":272925178283382,"command":"popup-create"}
{"event":"server-barrier","sequence":257,"controlSequence":76,"rootCommits":23,"childCommits":33,"serial":210,"width":320,"height":240,"monotonicNs":272925178392852,"command":"popup-create","barrierControl":76}
{"event":"buffercommit","sequence":258,"controlSequence":76,"rootCommits":23,"childCommits":33,"serial":210,"width":320,"height":240,"monotonicNs":272925178430906}
{"event":"popup-buffercommit","sequence":259,"controlSequence":76,"rootCommits":23,"childCommits":33,"serial":210,"width":320,"height":240,"monotonicNs":272925178434493,"popupCommits":14,"popupSerial":217,"popupColor":4278255615}
{"event":"popup-configured","sequence":260,"controlSequence":76,"rootCommits":23,"childCommits":33,"serial":210,"width":320,"height":240,"monotonicNs":272925178436940,"popupSerial":217,"popupCommits":14,"popupGeometry":[291,211,64,48]}
{"event":"buffer-release","sequence":261,"controlSequence":76,"rootCommits":23,"childCommits":33,"serial":210,"width":320,"height":240,"monotonicNs":272925178595979}
{"event":"buffercommit","sequence":262,"controlSequence":77,"rootCommits":23,"childCommits":33,"serial":210,"width":320,"height":240,"monotonicNs":272925229274223}
{"event":"popup-buffercommit","sequence":263,"controlSequence":77,"rootCommits":23,"childCommits":33,"serial":210,"width":320,"height":240,"monotonicNs":272925229287383,"popupCommits":15,"popupSerial":217,"popupColor":4294967040}
{"event":"request","sequence":264,"controlSequence":77,"rootCommits":23,"childCommits":33,"serial":210,"width":320,"height":240,"monotonicNs":272925229293759,"command":"popup-yellow"}
{"event":"buffer-release","sequence":265,"controlSequence":77,"rootCommits":23,"childCommits":33,"serial":210,"width":320,"height":240,"monotonicNs":272925229523496}
{"event":"server-barrier","sequence":266,"controlSequence":77,"rootCommits":23,"childCommits":33,"serial":210,"width":320,"height":240,"monotonicNs":272925229539439,"command":"popup-yellow","barrierControl":77}
{"event":"popup-destroyed","sequence":267,"controlSequence":78,"rootCommits":23,"childCommits":33,"serial":210,"width":320,"height":240,"monotonicNs":272925280504678}
{"event":"request","sequence":268,"controlSequence":78,"rootCommits":23,"childCommits":33,"serial":210,"width":320,"height":240,"monotonicNs":272925280515576,"command":"popup-destroy"}
{"event":"server-barrier","sequence":269,"controlSequence":78,"rootCommits":23,"childCommits":33,"serial":210,"width":320,"height":240,"monotonicNs":272925280862199,"command":"popup-destroy","barrierControl":78}
{"event":"request","sequence":270,"controlSequence":79,"rootCommits":23,"childCommits":33,"serial":210,"width":320,"height":240,"monotonicNs":272925331140694,"command":"popup-create"}
{"event":"server-barrier","sequence":271,"controlSequence":79,"rootCommits":23,"childCommits":33,"serial":210,"width":320,"height":240,"monotonicNs":272925331298894,"command":"popup-create","barrierControl":79}
{"event":"buffercommit","sequence":272,"controlSequence":79,"rootCommits":23,"childCommits":33,"serial":210,"width":320,"height":240,"monotonicNs":272925331341924}
{"event":"popup-buffercommit","sequence":273,"controlSequence":79,"rootCommits":23,"childCommits":33,"serial":210,"width":320,"height":240,"monotonicNs":272925331345758,"popupCommits":17,"popupSerial":218,"popupColor":4278255615}
{"event":"popup-configured","sequence":274,"controlSequence":79,"rootCommits":23,"childCommits":33,"serial":210,"width":320,"height":240,"monotonicNs":272925331348025,"popupSerial":218,"popupCommits":17,"popupGeometry":[291,211,64,48]}
{"event":"buffer-release","sequence":275,"controlSequence":79,"rootCommits":23,"childCommits":33,"serial":210,"width":320,"height":240,"monotonicNs":272925331655334}
{"event":"popup-destroyed","sequence":276,"controlSequence":80,"rootCommits":23,"childCommits":33,"serial":210,"width":320,"height":240,"monotonicNs":272925382644396}
{"event":"request","sequence":277,"controlSequence":80,"rootCommits":23,"childCommits":33,"serial":210,"width":320,"height":240,"monotonicNs":272925382678277,"command":"popup-destroy"}
{"event":"server-barrier","sequence":278,"controlSequence":80,"rootCommits":23,"childCommits":33,"serial":210,"width":320,"height":240,"monotonicNs":272925382967126,"command":"popup-destroy","barrierControl":80}
{"event":"request","sequence":279,"controlSequence":81,"rootCommits":23,"childCommits":33,"serial":210,"width":320,"height":240,"monotonicNs":272925433175782,"command":"modal-create"}
{"event":"server-barrier","sequence":280,"controlSequence":81,"rootCommits":23,"childCommits":33,"serial":210,"width":320,"height":240,"monotonicNs":272925433345252,"command":"modal-create","barrierControl":81}
{"event":"buffercommit","sequence":281,"controlSequence":81,"rootCommits":23,"childCommits":33,"serial":210,"width":320,"height":240,"monotonicNs":272925433387404}
{"event":"modal-buffercommit","sequence":282,"controlSequence":81,"rootCommits":23,"childCommits":33,"serial":210,"width":320,"height":240,"monotonicNs":272925433391706,"modalCommits":2,"modalSerial":219,"modalColor":4294902015,"modalSize":[96,64]}
{"event":"modal-configured","sequence":283,"controlSequence":81,"rootCommits":23,"childCommits":33,"serial":210,"width":320,"height":240,"monotonicNs":272925433393623,"modalSerial":219,"modalCommits":2}
{"event":"buffer-release","sequence":284,"controlSequence":81,"rootCommits":23,"childCommits":33,"serial":210,"width":320,"height":240,"monotonicNs":272925433904756}
{"event":"modal-configured","sequence":285,"controlSequence":81,"rootCommits":23,"childCommits":33,"serial":210,"width":320,"height":240,"monotonicNs":272925433922960,"modalSerial":220,"modalCommits":2}
{"event":"ack-configure","sequence":286,"controlSequence":81,"rootCommits":23,"childCommits":33,"serial":221,"width":320,"height":240,"monotonicNs":272925433935708}
{"event":"modal-configured","sequence":287,"controlSequence":81,"rootCommits":23,"childCommits":33,"serial":221,"width":320,"height":240,"monotonicNs":272925475061809,"modalSerial":222,"modalCommits":2}
{"event":"buffercommit","sequence":288,"controlSequence":82,"rootCommits":23,"childCommits":33,"serial":221,"width":320,"height":240,"monotonicNs":272925500184072}
{"event":"modal-buffercommit","sequence":289,"controlSequence":82,"rootCommits":23,"childCommits":33,"serial":221,"width":320,"height":240,"monotonicNs":272925500195294,"modalCommits":3,"modalSerial":222,"modalColor":4294967040,"modalSize":[96,64]}
{"event":"request","sequence":290,"controlSequence":82,"rootCommits":23,"childCommits":33,"serial":221,"width":320,"height":240,"monotonicNs":272925500197923,"command":"modal-yellow"}
{"event":"buffer-release","sequence":291,"controlSequence":82,"rootCommits":23,"childCommits":33,"serial":221,"width":320,"height":240,"monotonicNs":272925500399355}
{"event":"server-barrier","sequence":292,"controlSequence":82,"rootCommits":23,"childCommits":33,"serial":221,"width":320,"height":240,"monotonicNs":272925500617029,"command":"modal-yellow","barrierControl":82}
{"event":"request","sequence":293,"controlSequence":83,"rootCommits":23,"childCommits":33,"serial":221,"width":320,"height":240,"monotonicNs":272925526353397,"command":"modal-unset"}
{"event":"server-barrier","sequence":294,"controlSequence":83,"rootCommits":23,"childCommits":33,"serial":221,"width":320,"height":240,"monotonicNs":272925526625150,"command":"modal-unset","barrierControl":83}
{"event":"modal-configured","sequence":295,"controlSequence":83,"rootCommits":23,"childCommits":33,"serial":221,"width":320,"height":240,"monotonicNs":272925567627521,"modalSerial":223,"modalCommits":3}
{"event":"ack-configure","sequence":296,"controlSequence":83,"rootCommits":23,"childCommits":33,"serial":224,"width":320,"height":240,"monotonicNs":272925567651371}
{"event":"request","sequence":297,"controlSequence":84,"rootCommits":23,"childCommits":33,"serial":224,"width":320,"height":240,"monotonicNs":272925592860620,"command":"modal-set"}
{"event":"server-barrier","sequence":298,"controlSequence":84,"rootCommits":23,"childCommits":33,"serial":224,"width":320,"height":240,"monotonicNs":272925592912170,"command":"modal-set","barrierControl":84}
{"event":"ack-configure","sequence":299,"controlSequence":84,"rootCommits":23,"childCommits":33,"serial":225,"width":320,"height":240,"monotonicNs":272925611772203}
{"event":"modal-configured","sequence":300,"controlSequence":84,"rootCommits":23,"childCommits":33,"serial":225,"width":320,"height":240,"monotonicNs":272925611785149,"modalSerial":226,"modalCommits":3}
{"event":"request","sequence":301,"controlSequence":85,"rootCommits":23,"childCommits":33,"serial":225,"width":320,"height":240,"monotonicNs":272925637016460,"command":"modal-unparent"}
{"event":"server-barrier","sequence":302,"controlSequence":85,"rootCommits":23,"childCommits":33,"serial":225,"width":320,"height":240,"monotonicNs":272925637118656,"command":"modal-unparent","barrierControl":85}
{"event":"modal-configured","sequence":303,"controlSequence":85,"rootCommits":23,"childCommits":33,"serial":225,"width":320,"height":240,"monotonicNs":272925655964220,"modalSerial":227,"modalCommits":3}
{"event":"ack-configure","sequence":304,"controlSequence":85,"rootCommits":23,"childCommits":33,"serial":228,"width":320,"height":240,"monotonicNs":272925655976438}
{"event":"request","sequence":305,"controlSequence":86,"rootCommits":23,"childCommits":33,"serial":228,"width":320,"height":240,"monotonicNs":272925681180351,"command":"modal-reparent"}
{"event":"server-barrier","sequence":306,"controlSequence":86,"rootCommits":23,"childCommits":33,"serial":228,"width":320,"height":240,"monotonicNs":272925681263897,"command":"modal-reparent","barrierControl":86}
{"event":"ack-configure","sequence":307,"controlSequence":86,"rootCommits":23,"childCommits":33,"serial":229,"width":320,"height":240,"monotonicNs":272925700348987}
{"event":"modal-configured","sequence":308,"controlSequence":86,"rootCommits":23,"childCommits":33,"serial":229,"width":320,"height":240,"monotonicNs":272925700369936,"modalSerial":230,"modalCommits":3}
{"event":"ack-configure","sequence":309,"controlSequence":86,"rootCommits":23,"childCommits":33,"serial":231,"width":320,"height":240,"monotonicNs":272925702093954}
{"event":"modal-configured","sequence":310,"controlSequence":86,"rootCommits":23,"childCommits":33,"serial":231,"width":320,"height":240,"monotonicNs":272925702104718,"modalSerial":232,"modalCommits":3}
{"event":"ack-configure","sequence":311,"controlSequence":86,"rootCommits":23,"childCommits":33,"serial":234,"width":320,"height":240,"monotonicNs":272925707412785}
{"event":"modal-configured","sequence":312,"controlSequence":86,"rootCommits":23,"childCommits":33,"serial":234,"width":320,"height":240,"monotonicNs":272925707415724,"modalSerial":235,"modalCommits":3}
{"event":"modal-destroyed","sequence":313,"controlSequence":87,"rootCommits":23,"childCommits":33,"serial":234,"width":320,"height":240,"monotonicNs":272925732485346}
{"event":"request","sequence":314,"controlSequence":87,"rootCommits":23,"childCommits":33,"serial":234,"width":320,"height":240,"monotonicNs":272925732489333,"command":"modal-destroy"}
{"event":"server-barrier","sequence":315,"controlSequence":87,"rootCommits":23,"childCommits":33,"serial":234,"width":320,"height":240,"monotonicNs":272925732974237,"command":"modal-destroy","barrierControl":87}
{"event":"ack-configure","sequence":316,"controlSequence":87,"rootCommits":23,"childCommits":33,"serial":239,"width":320,"height":240,"monotonicNs":272925732986773}
{"event":"request","sequence":317,"controlSequence":88,"rootCommits":23,"childCommits":33,"serial":239,"width":320,"height":240,"monotonicNs":272925758220304,"command":"modal-create"}
{"event":"server-barrier","sequence":318,"controlSequence":88,"rootCommits":23,"childCommits":33,"serial":239,"width":320,"height":240,"monotonicNs":272925758391230,"command":"modal-create","barrierControl":88}
{"event":"buffercommit","sequence":319,"controlSequence":88,"rootCommits":23,"childCommits":33,"serial":239,"width":320,"height":240,"monotonicNs":272925758427494}
{"event":"modal-buffercommit","sequence":320,"controlSequence":88,"rootCommits":23,"childCommits":33,"serial":239,"width":320,"height":240,"monotonicNs":272925758430446,"modalCommits":5,"modalSerial":240,"modalColor":4294902015,"modalSize":[96,64]}
{"event":"modal-configured","sequence":321,"controlSequence":88,"rootCommits":23,"childCommits":33,"serial":239,"width":320,"height":240,"monotonicNs":272925758432133,"modalSerial":240,"modalCommits":5}
{"event":"buffer-release","sequence":322,"controlSequence":88,"rootCommits":23,"childCommits":33,"serial":239,"width":320,"height":240,"monotonicNs":272925758885083}
{"event":"modal-configured","sequence":323,"controlSequence":88,"rootCommits":23,"childCommits":33,"serial":239,"width":320,"height":240,"monotonicNs":272925758899468,"modalSerial":241,"modalCommits":5}
{"event":"modal-destroyed","sequence":324,"controlSequence":89,"rootCommits":23,"childCommits":33,"serial":239,"width":320,"height":240,"monotonicNs":272925809837467}
{"event":"request","sequence":325,"controlSequence":89,"rootCommits":23,"childCommits":33,"serial":239,"width":320,"height":240,"monotonicNs":272925809866655,"command":"modal-destroy"}
{"event":"server-barrier","sequence":326,"controlSequence":89,"rootCommits":23,"childCommits":33,"serial":239,"width":320,"height":240,"monotonicNs":272925810344509,"command":"modal-destroy","barrierControl":89}
{"event":"ack-configure","sequence":327,"controlSequence":89,"rootCommits":23,"childCommits":33,"serial":245,"width":320,"height":240,"monotonicNs":272925810367468}
{"event":"request","sequence":328,"controlSequence":90,"rootCommits":23,"childCommits":33,"serial":245,"width":320,"height":240,"monotonicNs":272925860551500,"command":"modal-create"}
{"event":"server-barrier","sequence":329,"controlSequence":90,"rootCommits":23,"childCommits":33,"serial":245,"width":320,"height":240,"monotonicNs":272925860873584,"command":"modal-create","barrierControl":90}
{"event":"buffercommit","sequence":330,"controlSequence":90,"rootCommits":23,"childCommits":33,"serial":245,"width":320,"height":240,"monotonicNs":272925860918620}
{"event":"modal-buffercommit","sequence":331,"controlSequence":90,"rootCommits":23,"childCommits":33,"serial":245,"width":320,"height":240,"monotonicNs":272925860921066,"modalCommits":7,"modalSerial":246,"modalColor":4294902015,"modalSize":[96,64]}
{"event":"modal-configured","sequence":332,"controlSequence":90,"rootCommits":23,"childCommits":33,"serial":245,"width":320,"height":240,"monotonicNs":272925860922582,"modalSerial":246,"modalCommits":7}
{"event":"buffer-release","sequence":333,"controlSequence":90,"rootCommits":23,"childCommits":33,"serial":245,"width":320,"height":240,"monotonicNs":272925861263894}
{"event":"modal-configured","sequence":334,"controlSequence":90,"rootCommits":23,"childCommits":33,"serial":245,"width":320,"height":240,"monotonicNs":272925861273351,"modalSerial":247,"modalCommits":7}
{"event":"modal-destroyed","sequence":335,"controlSequence":91,"rootCommits":23,"childCommits":33,"serial":245,"width":320,"height":240,"monotonicNs":272925912574998}
{"event":"request","sequence":336,"controlSequence":91,"rootCommits":23,"childCommits":33,"serial":245,"width":320,"height":240,"monotonicNs":272925912594478,"command":"modal-destroy"}
{"event":"server-barrier","sequence":337,"controlSequence":91,"rootCommits":23,"childCommits":33,"serial":245,"width":320,"height":240,"monotonicNs":272925913202065,"command":"modal-destroy","barrierControl":91}
{"event":"ack-configure","sequence":338,"controlSequence":91,"rootCommits":23,"childCommits":33,"serial":251,"width":320,"height":240,"monotonicNs":272925913214394}
{"event":"request","sequence":339,"controlSequence":92,"rootCommits":23,"childCommits":33,"serial":251,"width":320,"height":240,"monotonicNs":272925963492668,"command":"modal-create"}
{"event":"server-barrier","sequence":340,"controlSequence":92,"rootCommits":23,"childCommits":33,"serial":251,"width":320,"height":240,"monotonicNs":272925963967084,"command":"modal-create","barrierControl":92}
{"event":"buffercommit","sequence":341,"controlSequence":92,"rootCommits":23,"childCommits":33,"serial":251,"width":320,"height":240,"monotonicNs":272925964025844}
{"event":"modal-buffercommit","sequence":342,"controlSequence":92,"rootCommits":23,"childCommits":33,"serial":251,"width":320,"height":240,"monotonicNs":272925964029952,"modalCommits":9,"modalSerial":252,"modalColor":4294902015,"modalSize":[96,64]}
{"event":"modal-configured","sequence":343,"controlSequence":92,"rootCommits":23,"childCommits":33,"serial":251,"width":320,"height":240,"monotonicNs":272925964031837,"modalSerial":252,"modalCommits":9}
{"event":"buffer-release","sequence":344,"controlSequence":92,"rootCommits":23,"childCommits":33,"serial":251,"width":320,"height":240,"monotonicNs":272925964722274}
{"event":"modal-configured","sequence":345,"controlSequence":92,"rootCommits":23,"childCommits":33,"serial":251,"width":320,"height":240,"monotonicNs":272925964744365,"modalSerial":253,"modalCommits":9}
{"event":"request","sequence":346,"controlSequence":93,"rootCommits":23,"childCommits":33,"serial":251,"width":320,"height":240,"monotonicNs":272925990964389,"command":"modal-unset"}
{"event":"server-barrier","sequence":347,"controlSequence":93,"rootCommits":23,"childCommits":33,"serial":251,"width":320,"height":240,"monotonicNs":272925991348373,"command":"modal-unset","barrierControl":93}
{"event":"request","sequence":348,"controlSequence":94,"rootCommits":23,"childCommits":33,"serial":251,"width":320,"height":240,"monotonicNs":272926042116119,"command":"modal-set"}
{"event":"server-barrier","sequence":349,"controlSequence":94,"rootCommits":23,"childCommits":33,"serial":251,"width":320,"height":240,"monotonicNs":272926042498331,"command":"modal-set","barrierControl":94}
{"event":"modal-destroyed","sequence":350,"controlSequence":95,"rootCommits":23,"childCommits":33,"serial":251,"width":320,"height":240,"monotonicNs":272926092844756}
{"event":"request","sequence":351,"controlSequence":95,"rootCommits":23,"childCommits":33,"serial":251,"width":320,"height":240,"monotonicNs":272926092870581,"command":"modal-destroy"}
{"event":"server-barrier","sequence":352,"controlSequence":95,"rootCommits":23,"childCommits":33,"serial":251,"width":320,"height":240,"monotonicNs":272926093381527,"command":"modal-destroy","barrierControl":95}
{"event":"ack-configure","sequence":353,"controlSequence":95,"rootCommits":23,"childCommits":33,"serial":257,"width":320,"height":240,"monotonicNs":272926093392143}
{"event":"request","sequence":354,"controlSequence":96,"rootCommits":23,"childCommits":33,"serial":257,"width":320,"height":240,"monotonicNs":272926143705285,"command":"modal-create"}
{"event":"server-barrier","sequence":355,"controlSequence":96,"rootCommits":23,"childCommits":33,"serial":257,"width":320,"height":240,"monotonicNs":272926144182047,"command":"modal-create","barrierControl":96}
{"event":"buffercommit","sequence":356,"controlSequence":96,"rootCommits":23,"childCommits":33,"serial":257,"width":320,"height":240,"monotonicNs":272926144230502}
{"event":"modal-buffercommit","sequence":357,"controlSequence":96,"rootCommits":23,"childCommits":33,"serial":257,"width":320,"height":240,"monotonicNs":272926144233413,"modalCommits":11,"modalSerial":258,"modalColor":4294902015,"modalSize":[96,64]}
{"event":"modal-configured","sequence":358,"controlSequence":96,"rootCommits":23,"childCommits":33,"serial":257,"width":320,"height":240,"monotonicNs":272926144235039,"modalSerial":258,"modalCommits":11}
{"event":"buffer-release","sequence":359,"controlSequence":96,"rootCommits":23,"childCommits":33,"serial":257,"width":320,"height":240,"monotonicNs":272926144815459}
{"event":"modal-configured","sequence":360,"controlSequence":96,"rootCommits":23,"childCommits":33,"serial":257,"width":320,"height":240,"monotonicNs":272926144835429,"modalSerial":259,"modalCommits":11}
{"event":"request","sequence":361,"controlSequence":97,"rootCommits":23,"childCommits":33,"serial":257,"width":320,"height":240,"monotonicNs":272926170748873,"command":"modal-unparent"}
{"event":"server-barrier","sequence":362,"controlSequence":97,"rootCommits":23,"childCommits":33,"serial":257,"width":320,"height":240,"monotonicNs":272926171122337,"command":"modal-unparent","barrierControl":97}
{"event":"request","sequence":363,"controlSequence":98,"rootCommits":23,"childCommits":33,"serial":257,"width":320,"height":240,"monotonicNs":272926221495898,"command":"modal-reparent"}
{"event":"server-barrier","sequence":364,"controlSequence":98,"rootCommits":23,"childCommits":33,"serial":257,"width":320,"height":240,"monotonicNs":272926221815893,"command":"modal-reparent","barrierControl":98}
{"event":"modal-destroyed","sequence":365,"controlSequence":99,"rootCommits":23,"childCommits":33,"serial":257,"width":320,"height":240,"monotonicNs":272926272177536}
{"event":"request","sequence":366,"controlSequence":99,"rootCommits":23,"childCommits":33,"serial":257,"width":320,"height":240,"monotonicNs":272926272193484,"command":"modal-destroy"}
{"event":"server-barrier","sequence":367,"controlSequence":99,"rootCommits":23,"childCommits":33,"serial":257,"width":320,"height":240,"monotonicNs":272926272762587,"command":"modal-destroy","barrierControl":99}
{"event":"ack-configure","sequence":368,"controlSequence":99,"rootCommits":23,"childCommits":33,"serial":263,"width":320,"height":240,"monotonicNs":272926272774564}
{"event":"request","sequence":369,"controlSequence":100,"rootCommits":23,"childCommits":33,"serial":263,"width":320,"height":240,"monotonicNs":272926323175537,"command":"modal-create"}
{"event":"server-barrier","sequence":370,"controlSequence":100,"rootCommits":23,"childCommits":33,"serial":263,"width":320,"height":240,"monotonicNs":272926323355204,"command":"modal-create","barrierControl":100}
{"event":"buffercommit","sequence":371,"controlSequence":100,"rootCommits":23,"childCommits":33,"serial":263,"width":320,"height":240,"monotonicNs":272926323409803}
{"event":"modal-buffercommit","sequence":372,"controlSequence":100,"rootCommits":23,"childCommits":33,"serial":263,"width":320,"height":240,"monotonicNs":272926323418784,"modalCommits":13,"modalSerial":264,"modalColor":4294902015,"modalSize":[96,64]}
{"event":"modal-configured","sequence":373,"controlSequence":100,"rootCommits":23,"childCommits":33,"serial":263,"width":320,"height":240,"monotonicNs":272926323420759,"modalSerial":264,"modalCommits":13}
{"event":"buffer-release","sequence":374,"controlSequence":100,"rootCommits":23,"childCommits":33,"serial":263,"width":320,"height":240,"monotonicNs":272926323880227}
{"event":"modal-configured","sequence":375,"controlSequence":100,"rootCommits":23,"childCommits":33,"serial":263,"width":320,"height":240,"monotonicNs":272926323899223,"modalSerial":265,"modalCommits":13}
{"event":"buffercommit","sequence":376,"controlSequence":101,"rootCommits":23,"childCommits":33,"serial":263,"width":320,"height":240,"monotonicNs":272926349886273}
{"event":"modal-buffercommit","sequence":377,"controlSequence":101,"rootCommits":23,"childCommits":33,"serial":263,"width":320,"height":240,"monotonicNs":272926349896082,"modalCommits":14,"modalSerial":265,"modalColor":4294967040,"modalSize":[96,64]}
{"event":"request","sequence":378,"controlSequence":101,"rootCommits":23,"childCommits":33,"serial":263,"width":320,"height":240,"monotonicNs":272926349898556,"command":"modal-yellow"}
{"event":"buffer-release","sequence":379,"controlSequence":101,"rootCommits":23,"childCommits":33,"serial":263,"width":320,"height":240,"monotonicNs":272926350087038}
{"event":"server-barrier","sequence":380,"controlSequence":101,"rootCommits":23,"childCommits":33,"serial":263,"width":320,"height":240,"monotonicNs":272926350102508,"command":"modal-yellow","barrierControl":101}
{"event":"modal-destroyed","sequence":381,"controlSequence":102,"rootCommits":23,"childCommits":33,"serial":263,"width":320,"height":240,"monotonicNs":272926401046613}
{"event":"request","sequence":382,"controlSequence":102,"rootCommits":23,"childCommits":33,"serial":263,"width":320,"height":240,"monotonicNs":272926401060848,"command":"modal-destroy"}
{"event":"server-barrier","sequence":383,"controlSequence":102,"rootCommits":23,"childCommits":33,"serial":263,"width":320,"height":240,"monotonicNs":272926401507354,"command":"modal-destroy","barrierControl":102}
{"event":"ack-configure","sequence":384,"controlSequence":102,"rootCommits":23,"childCommits":33,"serial":269,"width":320,"height":240,"monotonicNs":272926401515949}
{"event":"request","sequence":385,"controlSequence":103,"rootCommits":23,"childCommits":33,"serial":269,"width":320,"height":240,"monotonicNs":272926451875844,"command":"modal-create"}
{"event":"server-barrier","sequence":386,"controlSequence":103,"rootCommits":23,"childCommits":33,"serial":269,"width":320,"height":240,"monotonicNs":272926452073881,"command":"modal-create","barrierControl":103}
{"event":"buffercommit","sequence":387,"controlSequence":103,"rootCommits":23,"childCommits":33,"serial":269,"width":320,"height":240,"monotonicNs":272926452126452}
{"event":"modal-buffercommit","sequence":388,"controlSequence":103,"rootCommits":23,"childCommits":33,"serial":269,"width":320,"height":240,"monotonicNs":272926452129998,"modalCommits":16,"modalSerial":270,"modalColor":4294902015,"modalSize":[96,64]}
{"event":"modal-configured","sequence":389,"controlSequence":103,"rootCommits":23,"childCommits":33,"serial":269,"width":320,"height":240,"monotonicNs":272926452132448,"modalSerial":270,"modalCommits":16}
{"event":"buffer-release","sequence":390,"controlSequence":103,"rootCommits":23,"childCommits":33,"serial":269,"width":320,"height":240,"monotonicNs":272926452577456}
{"event":"modal-configured","sequence":391,"controlSequence":103,"rootCommits":23,"childCommits":33,"serial":269,"width":320,"height":240,"monotonicNs":272926452597912,"modalSerial":271,"modalCommits":16}
{"event":"modal-destroyed","sequence":392,"controlSequence":104,"rootCommits":23,"childCommits":33,"serial":269,"width":320,"height":240,"monotonicNs":272926503555852}
{"event":"request","sequence":393,"controlSequence":104,"rootCommits":23,"childCommits":33,"serial":269,"width":320,"height":240,"monotonicNs":272926503571699,"command":"modal-destroy"}
{"event":"server-barrier","sequence":394,"controlSequence":104,"rootCommits":23,"childCommits":33,"serial":269,"width":320,"height":240,"monotonicNs":272926503929380,"command":"modal-destroy","barrierControl":104}
{"event":"ack-configure","sequence":395,"controlSequence":104,"rootCommits":23,"childCommits":33,"serial":275,"width":320,"height":240,"monotonicNs":272926503937581}
{"event":"request","sequence":396,"controlSequence":105,"rootCommits":23,"childCommits":33,"serial":275,"width":320,"height":240,"monotonicNs":272926529144696,"command":"modal-create"}
{"event":"server-barrier","sequence":397,"controlSequence":105,"rootCommits":23,"childCommits":33,"serial":275,"width":320,"height":240,"monotonicNs":272926529283400,"command":"modal-create","barrierControl":105}
{"event":"buffercommit","sequence":398,"controlSequence":105,"rootCommits":23,"childCommits":33,"serial":275,"width":320,"height":240,"monotonicNs":272926529335224}
{"event":"modal-buffercommit","sequence":399,"controlSequence":105,"rootCommits":23,"childCommits":33,"serial":275,"width":320,"height":240,"monotonicNs":272926529338418,"modalCommits":18,"modalSerial":276,"modalColor":4294902015,"modalSize":[96,64]}
{"event":"modal-configured","sequence":400,"controlSequence":105,"rootCommits":23,"childCommits":33,"serial":275,"width":320,"height":240,"monotonicNs":272926529340119,"modalSerial":276,"modalCommits":18}
{"event":"buffer-release","sequence":401,"controlSequence":105,"rootCommits":23,"childCommits":33,"serial":275,"width":320,"height":240,"monotonicNs":272926529701897}
{"event":"modal-configured","sequence":402,"controlSequence":105,"rootCommits":23,"childCommits":33,"serial":275,"width":320,"height":240,"monotonicNs":272926529829844,"modalSerial":277,"modalCommits":18}
{"event":"modal-destroyed","sequence":403,"controlSequence":106,"rootCommits":23,"childCommits":33,"serial":275,"width":320,"height":240,"monotonicNs":272926580703133}
{"event":"request","sequence":404,"controlSequence":106,"rootCommits":23,"childCommits":33,"serial":275,"width":320,"height":240,"monotonicNs":272926580713465,"command":"modal-destroy"}
{"event":"server-barrier","sequence":405,"controlSequence":106,"rootCommits":23,"childCommits":33,"serial":275,"width":320,"height":240,"monotonicNs":272926581215457,"command":"modal-destroy","barrierControl":106}
{"event":"ack-configure","sequence":406,"controlSequence":106,"rootCommits":23,"childCommits":33,"serial":281,"width":320,"height":240,"monotonicNs":272926581225412}
{"event":"request","sequence":407,"controlSequence":107,"rootCommits":23,"childCommits":33,"serial":281,"width":320,"height":240,"monotonicNs":272926681692259,"command":"modal-create"}
{"event":"server-barrier","sequence":408,"controlSequence":107,"rootCommits":23,"childCommits":33,"serial":281,"width":320,"height":240,"monotonicNs":272926682034524,"command":"modal-create","barrierControl":107}
{"event":"buffercommit","sequence":409,"controlSequence":107,"rootCommits":23,"childCommits":33,"serial":281,"width":320,"height":240,"monotonicNs":272926682076850}
{"event":"modal-buffercommit","sequence":410,"controlSequence":107,"rootCommits":23,"childCommits":33,"serial":281,"width":320,"height":240,"monotonicNs":272926682080584,"modalCommits":20,"modalSerial":282,"modalColor":4294902015,"modalSize":[96,64]}
{"event":"modal-configured","sequence":411,"controlSequence":107,"rootCommits":23,"childCommits":33,"serial":281,"width":320,"height":240,"monotonicNs":272926682082423,"modalSerial":282,"modalCommits":20}
{"event":"buffer-release","sequence":412,"controlSequence":107,"rootCommits":23,"childCommits":33,"serial":281,"width":320,"height":240,"monotonicNs":272926682490612}
{"event":"modal-configured","sequence":413,"controlSequence":107,"rootCommits":23,"childCommits":33,"serial":281,"width":320,"height":240,"monotonicNs":272926682508347,"modalSerial":283,"modalCommits":20}
{"event":"buffercommit","sequence":414,"controlSequence":108,"rootCommits":23,"childCommits":33,"serial":281,"width":320,"height":240,"monotonicNs":272926783805941}
{"event":"modal-buffercommit","sequence":415,"controlSequence":108,"rootCommits":23,"childCommits":33,"serial":281,"width":320,"height":240,"monotonicNs":272926783818408,"modalCommits":21,"modalSerial":283,"modalColor":4294967040,"modalSize":[96,64]}
{"event":"request","sequence":416,"controlSequence":108,"rootCommits":23,"childCommits":33,"serial":281,"width":320,"height":240,"monotonicNs":272926783821086,"command":"modal-yellow"}
{"event":"buffer-release","sequence":417,"controlSequence":108,"rootCommits":23,"childCommits":33,"serial":281,"width":320,"height":240,"monotonicNs":272926784036867}
{"event":"server-barrier","sequence":418,"controlSequence":108,"rootCommits":23,"childCommits":33,"serial":281,"width":320,"height":240,"monotonicNs":272926784050569,"command":"modal-yellow","barrierControl":108}
{"event":"request","sequence":419,"controlSequence":109,"rootCommits":23,"childCommits":33,"serial":281,"width":320,"height":240,"monotonicNs":272926885336012,"command":"popup-create"}
{"event":"server-barrier","sequence":420,"controlSequence":109,"rootCommits":23,"childCommits":33,"serial":281,"width":320,"height":240,"monotonicNs":272926885476339,"command":"popup-create","barrierControl":109}
{"event":"buffercommit","sequence":421,"controlSequence":109,"rootCommits":23,"childCommits":33,"serial":281,"width":320,"height":240,"monotonicNs":272926885520041}
{"event":"popup-buffercommit","sequence":422,"controlSequence":109,"rootCommits":23,"childCommits":33,"serial":281,"width":320,"height":240,"monotonicNs":272926885523694,"popupCommits":19,"popupSerial":285,"popupColor":4278255615}
{"event":"popup-configured","sequence":423,"controlSequence":109,"rootCommits":23,"childCommits":33,"serial":281,"width":320,"height":240,"monotonicNs":272926885525706,"popupSerial":285,"popupCommits":19,"popupGeometry":[291,211,64,48]}
{"event":"buffer-release","sequence":424,"controlSequence":109,"rootCommits":23,"childCommits":33,"serial":281,"width":320,"height":240,"monotonicNs":272926885865695}
{"event":"popup-destroyed","sequence":425,"controlSequence":110,"rootCommits":23,"childCommits":33,"serial":281,"width":320,"height":240,"monotonicNs":272926962171873}
{"event":"request","sequence":426,"controlSequence":110,"rootCommits":23,"childCommits":33,"serial":281,"width":320,"height":240,"monotonicNs":272926962182077,"command":"popup-destroy"}
{"event":"server-barrier","sequence":427,"controlSequence":110,"rootCommits":23,"childCommits":33,"serial":281,"width":320,"height":240,"monotonicNs":272926962676915,"command":"popup-destroy","barrierControl":110}
{"event":"request","sequence":428,"controlSequence":111,"rootCommits":23,"childCommits":33,"serial":281,"width":320,"height":240,"monotonicNs":272927013050477,"command":"modal-unparent"}
{"event":"server-barrier","sequence":429,"controlSequence":111,"rootCommits":23,"childCommits":33,"serial":281,"width":320,"height":240,"monotonicNs":272927013133301,"command":"modal-unparent","barrierControl":111}
{"event":"request","sequence":430,"controlSequence":112,"rootCommits":23,"childCommits":33,"serial":281,"width":320,"height":240,"monotonicNs":272927113844037,"command":"modal-reparent"}
{"event":"server-barrier","sequence":431,"controlSequence":112,"rootCommits":23,"childCommits":33,"serial":281,"width":320,"height":240,"monotonicNs":272927113927040,"command":"modal-reparent","barrierControl":112}
{"event":"modal-destroyed","sequence":432,"controlSequence":113,"rootCommits":23,"childCommits":33,"serial":281,"width":320,"height":240,"monotonicNs":272927214714284}
{"event":"request","sequence":433,"controlSequence":113,"rootCommits":23,"childCommits":33,"serial":281,"width":320,"height":240,"monotonicNs":272927214725673,"command":"modal-destroy"}
{"event":"server-barrier","sequence":434,"controlSequence":113,"rootCommits":23,"childCommits":33,"serial":281,"width":320,"height":240,"monotonicNs":272927215124061,"command":"modal-destroy","barrierControl":113}
{"event":"ack-configure","sequence":435,"controlSequence":113,"rootCommits":23,"childCommits":33,"serial":288,"width":320,"height":240,"monotonicNs":272927215137386}
{"event":"request","sequence":436,"controlSequence":114,"rootCommits":23,"childCommits":33,"serial":288,"width":320,"height":240,"monotonicNs":272927315708543,"command":"modal-create"}
{"event":"server-barrier","sequence":437,"controlSequence":114,"rootCommits":23,"childCommits":33,"serial":288,"width":320,"height":240,"monotonicNs":272927315910405,"command":"modal-create","barrierControl":114}
{"event":"buffercommit","sequence":438,"controlSequence":114,"rootCommits":23,"childCommits":33,"serial":288,"width":320,"height":240,"monotonicNs":272927315948835}
{"event":"modal-buffercommit","sequence":439,"controlSequence":114,"rootCommits":23,"childCommits":33,"serial":288,"width":320,"height":240,"monotonicNs":272927315952404,"modalCommits":23,"modalSerial":289,"modalColor":4294902015,"modalSize":[96,64]}
{"event":"modal-configured","sequence":440,"controlSequence":114,"rootCommits":23,"childCommits":33,"serial":288,"width":320,"height":240,"monotonicNs":272927315954114,"modalSerial":289,"modalCommits":23}
{"event":"buffer-release","sequence":441,"controlSequence":114,"rootCommits":23,"childCommits":33,"serial":288,"width":320,"height":240,"monotonicNs":272927316368304}
{"event":"modal-configured","sequence":442,"controlSequence":114,"rootCommits":23,"childCommits":33,"serial":288,"width":320,"height":240,"monotonicNs":272927316382389,"modalSerial":290,"modalCommits":23}
{"event":"buffercommit","sequence":443,"controlSequence":115,"rootCommits":23,"childCommits":33,"serial":288,"width":320,"height":240,"monotonicNs":272927367379026}
{"event":"modal-buffercommit","sequence":444,"controlSequence":115,"rootCommits":23,"childCommits":33,"serial":288,"width":320,"height":240,"monotonicNs":272927367392195,"modalCommits":24,"modalSerial":290,"modalColor":4294967040,"modalSize":[96,64]}
{"event":"request","sequence":445,"controlSequence":115,"rootCommits":23,"childCommits":33,"serial":288,"width":320,"height":240,"monotonicNs":272927367395124,"command":"modal-yellow"}
{"event":"buffer-release","sequence":446,"controlSequence":115,"rootCommits":23,"childCommits":33,"serial":288,"width":320,"height":240,"monotonicNs":272927367656789}
{"event":"server-barrier","sequence":447,"controlSequence":115,"rootCommits":23,"childCommits":33,"serial":288,"width":320,"height":240,"monotonicNs":272927367670037,"command":"modal-yellow","barrierControl":115}
{"event":"request","sequence":448,"controlSequence":116,"rootCommits":23,"childCommits":33,"serial":288,"width":320,"height":240,"monotonicNs":272927418760996,"command":"popup-create"}
{"event":"server-barrier","sequence":449,"controlSequence":116,"rootCommits":23,"childCommits":33,"serial":288,"width":320,"height":240,"monotonicNs":272927418945036,"command":"popup-create","barrierControl":116}
{"event":"buffercommit","sequence":450,"controlSequence":116,"rootCommits":23,"childCommits":33,"serial":288,"width":320,"height":240,"monotonicNs":272927418982843}
{"event":"popup-buffercommit","sequence":451,"controlSequence":116,"rootCommits":23,"childCommits":33,"serial":288,"width":320,"height":240,"monotonicNs":272927418985961,"popupCommits":21,"popupSerial":292,"popupColor":4278255615}
{"event":"popup-configured","sequence":452,"controlSequence":116,"rootCommits":23,"childCommits":33,"serial":288,"width":320,"height":240,"monotonicNs":272927418987677,"popupSerial":292,"popupCommits":21,"popupGeometry":[291,211,64,48]}
{"event":"buffer-release","sequence":453,"controlSequence":116,"rootCommits":23,"childCommits":33,"serial":288,"width":320,"height":240,"monotonicNs":272927419299792}
{"event":"popup-destroyed","sequence":454,"controlSequence":117,"rootCommits":23,"childCommits":33,"serial":288,"width":320,"height":240,"monotonicNs":272927470490953}
{"event":"request","sequence":455,"controlSequence":117,"rootCommits":23,"childCommits":33,"serial":288,"width":320,"height":240,"monotonicNs":272927470506948,"command":"popup-destroy"}
{"event":"server-barrier","sequence":456,"controlSequence":117,"rootCommits":23,"childCommits":33,"serial":288,"width":320,"height":240,"monotonicNs":272927470818060,"command":"popup-destroy","barrierControl":117}
{"event":"modal-destroyed","sequence":457,"controlSequence":118,"rootCommits":23,"childCommits":33,"serial":288,"width":320,"height":240,"monotonicNs":272927573256161}
{"event":"request","sequence":458,"controlSequence":118,"rootCommits":23,"childCommits":33,"serial":288,"width":320,"height":240,"monotonicNs":272927573266397,"command":"modal-destroy"}
{"event":"server-barrier","sequence":459,"controlSequence":118,"rootCommits":23,"childCommits":33,"serial":288,"width":320,"height":240,"monotonicNs":272927573810775,"command":"modal-destroy","barrierControl":118}
{"event":"ack-configure","sequence":460,"controlSequence":118,"rootCommits":23,"childCommits":33,"serial":295,"width":320,"height":240,"monotonicNs":272927573821062}
{"event":"ack-configure","sequence":461,"controlSequence":118,"rootCommits":23,"childCommits":33,"serial":297,"width":320,"height":240,"monotonicNs":272927612015725}
{"event":"ack-configure","sequence":462,"controlSequence":118,"rootCommits":23,"childCommits":33,"serial":298,"width":320,"height":240,"monotonicNs":272927620676975}
{"event":"ack-configure","sequence":463,"controlSequence":118,"rootCommits":23,"childCommits":33,"serial":305,"width":320,"height":240,"monotonicNs":272927686314017}
{"event":"ack-configure","sequence":464,"controlSequence":118,"rootCommits":23,"childCommits":33,"serial":306,"width":320,"height":240,"monotonicNs":272927698813079}
{"event":"request","sequence":465,"controlSequence":119,"rootCommits":23,"childCommits":33,"serial":306,"width":320,"height":240,"monotonicNs":272927874475499,"command":"modal-create"}
{"event":"server-barrier","sequence":466,"controlSequence":119,"rootCommits":23,"childCommits":33,"serial":306,"width":320,"height":240,"monotonicNs":272927874653501,"command":"modal-create","barrierControl":119}
{"event":"buffercommit","sequence":467,"controlSequence":119,"rootCommits":23,"childCommits":33,"serial":306,"width":320,"height":240,"monotonicNs":272927874698005}
{"event":"modal-buffercommit","sequence":468,"controlSequence":119,"rootCommits":23,"childCommits":33,"serial":306,"width":320,"height":240,"monotonicNs":272927874701738,"modalCommits":26,"modalSerial":310,"modalColor":4294902015,"modalSize":[96,64]}
{"event":"modal-configured","sequence":469,"controlSequence":119,"rootCommits":23,"childCommits":33,"serial":306,"width":320,"height":240,"monotonicNs":272927874703899,"modalSerial":310,"modalCommits":26}
{"event":"buffer-release","sequence":470,"controlSequence":119,"rootCommits":23,"childCommits":33,"serial":306,"width":320,"height":240,"monotonicNs":272927875013653}
{"event":"modal-configured","sequence":471,"controlSequence":119,"rootCommits":23,"childCommits":33,"serial":306,"width":320,"height":240,"monotonicNs":272927875193331,"modalSerial":311,"modalCommits":26}
{"event":"buffercommit","sequence":472,"controlSequence":120,"rootCommits":23,"childCommits":33,"serial":306,"width":320,"height":240,"monotonicNs":272927925494918}
{"event":"modal-buffercommit","sequence":473,"controlSequence":120,"rootCommits":23,"childCommits":33,"serial":306,"width":320,"height":240,"monotonicNs":272927925508441,"modalCommits":27,"modalSerial":311,"modalColor":4294967040,"modalSize":[96,64]}
{"event":"request","sequence":474,"controlSequence":120,"rootCommits":23,"childCommits":33,"serial":306,"width":320,"height":240,"monotonicNs":272927925511175,"command":"modal-yellow"}
{"event":"buffer-release","sequence":475,"controlSequence":120,"rootCommits":23,"childCommits":33,"serial":306,"width":320,"height":240,"monotonicNs":272927925826923}
{"event":"server-barrier","sequence":476,"controlSequence":120,"rootCommits":23,"childCommits":33,"serial":306,"width":320,"height":240,"monotonicNs":272927925841395,"command":"modal-yellow","barrierControl":120}
{"event":"request","sequence":477,"controlSequence":121,"rootCommits":23,"childCommits":33,"serial":306,"width":320,"height":240,"monotonicNs":272927951785155,"command":"popup-create"}
{"event":"server-barrier","sequence":478,"controlSequence":121,"rootCommits":23,"childCommits":33,"serial":306,"width":320,"height":240,"monotonicNs":272927951986511,"command":"popup-create","barrierControl":121}
{"event":"buffercommit","sequence":479,"controlSequence":121,"rootCommits":23,"childCommits":33,"serial":306,"width":320,"height":240,"monotonicNs":272927952015026}
{"event":"popup-buffercommit","sequence":480,"controlSequence":121,"rootCommits":23,"childCommits":33,"serial":306,"width":320,"height":240,"monotonicNs":272927952018003,"popupCommits":23,"popupSerial":315,"popupColor":4278255615}
{"event":"popup-configured","sequence":481,"controlSequence":121,"rootCommits":23,"childCommits":33,"serial":306,"width":320,"height":240,"monotonicNs":272927952020409,"popupSerial":315,"popupCommits":23,"popupGeometry":[291,211,64,48]}
{"event":"buffer-release","sequence":482,"controlSequence":121,"rootCommits":23,"childCommits":33,"serial":306,"width":320,"height":240,"monotonicNs":272927952427704}
{"event":"popup-destroyed","sequence":483,"controlSequence":122,"rootCommits":23,"childCommits":33,"serial":306,"width":320,"height":240,"monotonicNs":272928053563002}
{"event":"request","sequence":484,"controlSequence":122,"rootCommits":23,"childCommits":33,"serial":306,"width":320,"height":240,"monotonicNs":272928053583973,"command":"popup-destroy"}
{"event":"server-barrier","sequence":485,"controlSequence":122,"rootCommits":23,"childCommits":33,"serial":306,"width":320,"height":240,"monotonicNs":272928053746685,"command":"popup-destroy","barrierControl":122}
{"event":"modal-destroyed","sequence":486,"controlSequence":123,"rootCommits":23,"childCommits":33,"serial":306,"width":320,"height":240,"monotonicNs":272928104004488}
{"event":"request","sequence":487,"controlSequence":123,"rootCommits":23,"childCommits":33,"serial":306,"width":320,"height":240,"monotonicNs":272928104018222,"command":"modal-destroy"}
{"event":"server-barrier","sequence":488,"controlSequence":123,"rootCommits":23,"childCommits":33,"serial":306,"width":320,"height":240,"monotonicNs":272928104462425,"command":"modal-destroy","barrierControl":123}
{"event":"ack-configure","sequence":489,"controlSequence":123,"rootCommits":23,"childCommits":33,"serial":321,"width":320,"height":240,"monotonicNs":272928104470246}
{"event":"ack-configure","sequence":490,"controlSequence":123,"rootCommits":23,"childCommits":33,"serial":325,"width":320,"height":240,"monotonicNs":272928137345777}
{"event":"request","sequence":491,"controlSequence":124,"rootCommits":23,"childCommits":33,"serial":325,"width":320,"height":240,"monotonicNs":272928162449193,"command":"modal-create"}
{"event":"server-barrier","sequence":492,"controlSequence":124,"rootCommits":23,"childCommits":33,"serial":325,"width":320,"height":240,"monotonicNs":272928162749970,"command":"modal-create","barrierControl":124}
{"event":"buffercommit","sequence":493,"controlSequence":124,"rootCommits":23,"childCommits":33,"serial":325,"width":320,"height":240,"monotonicNs":272928162798936}
{"event":"modal-buffercommit","sequence":494,"controlSequence":124,"rootCommits":23,"childCommits":33,"serial":325,"width":320,"height":240,"monotonicNs":272928162802576,"modalCommits":29,"modalSerial":326,"modalColor":4294902015,"modalSize":[96,64]}
{"event":"modal-configured","sequence":495,"controlSequence":124,"rootCommits":23,"childCommits":33,"serial":325,"width":320,"height":240,"monotonicNs":272928162805257,"modalSerial":326,"modalCommits":29}
{"event":"buffer-release","sequence":496,"controlSequence":124,"rootCommits":23,"childCommits":33,"serial":325,"width":320,"height":240,"monotonicNs":272928163246725}
{"event":"modal-configured","sequence":497,"controlSequence":124,"rootCommits":23,"childCommits":33,"serial":325,"width":320,"height":240,"monotonicNs":272928163263336,"modalSerial":327,"modalCommits":29}
{"event":"ack-configure","sequence":498,"controlSequence":124,"rootCommits":23,"childCommits":33,"serial":328,"width":320,"height":240,"monotonicNs":272928163271105}
{"event":"buffercommit","sequence":499,"controlSequence":125,"rootCommits":23,"childCommits":33,"serial":328,"width":320,"height":240,"monotonicNs":272928188549000}
{"event":"modal-buffercommit","sequence":500,"controlSequence":125,"rootCommits":23,"childCommits":33,"serial":328,"width":320,"height":240,"monotonicNs":272928188557938,"modalCommits":30,"modalSerial":327,"modalColor":4294967040,"modalSize":[96,64]}
{"event":"request","sequence":501,"controlSequence":125,"rootCommits":23,"childCommits":33,"serial":328,"width":320,"height":240,"monotonicNs":272928188560575,"command":"modal-yellow"}
{"event":"buffer-release","sequence":502,"controlSequence":125,"rootCommits":23,"childCommits":33,"serial":328,"width":320,"height":240,"monotonicNs":272928188778705}
{"event":"server-barrier","sequence":503,"controlSequence":125,"rootCommits":23,"childCommits":33,"serial":328,"width":320,"height":240,"monotonicNs":272928188793282,"command":"modal-yellow","barrierControl":125}
{"event":"request","sequence":504,"controlSequence":126,"rootCommits":23,"childCommits":33,"serial":328,"width":320,"height":240,"monotonicNs":272928240074437,"command":"popup-create"}
{"event":"server-barrier","sequence":505,"controlSequence":126,"rootCommits":23,"childCommits":33,"serial":328,"width":320,"height":240,"monotonicNs":272928240329284,"command":"popup-create","barrierControl":126}
{"event":"buffercommit","sequence":506,"controlSequence":126,"rootCommits":23,"childCommits":33,"serial":328,"width":320,"height":240,"monotonicNs":272928240385092}
{"event":"popup-buffercommit","sequence":507,"controlSequence":126,"rootCommits":23,"childCommits":33,"serial":328,"width":320,"height":240,"monotonicNs":272928240388572,"popupCommits":25,"popupSerial":329,"popupColor":4278255615}
{"event":"popup-configured","sequence":508,"controlSequence":126,"rootCommits":23,"childCommits":33,"serial":328,"width":320,"height":240,"monotonicNs":272928240390792,"popupSerial":329,"popupCommits":25,"popupGeometry":[291,211,64,48]}
{"event":"buffer-release","sequence":509,"controlSequence":126,"rootCommits":23,"childCommits":33,"serial":328,"width":320,"height":240,"monotonicNs":272928240687303}
{"event":"modal-configured","sequence":510,"controlSequence":126,"rootCommits":23,"childCommits":33,"serial":328,"width":320,"height":240,"monotonicNs":272934106878478,"modalSerial":343,"modalCommits":30}
{"event":"modal-configured","sequence":511,"controlSequence":126,"rootCommits":23,"childCommits":33,"serial":328,"width":320,"height":240,"monotonicNs":272934120491759,"modalSerial":346,"modalCommits":30}
{"event":"popup-destroyed","sequence":512,"controlSequence":127,"rootCommits":23,"childCommits":33,"serial":328,"width":320,"height":240,"monotonicNs":272934673908732}
{"event":"request","sequence":513,"controlSequence":127,"rootCommits":23,"childCommits":33,"serial":328,"width":320,"height":240,"monotonicNs":272934673926314,"command":"popup-destroy"}
{"event":"server-barrier","sequence":514,"controlSequence":127,"rootCommits":23,"childCommits":33,"serial":328,"width":320,"height":240,"monotonicNs":272934674270930,"command":"popup-destroy","barrierControl":127}
{"event":"modal-destroyed","sequence":515,"controlSequence":128,"rootCommits":23,"childCommits":33,"serial":328,"width":320,"height":240,"monotonicNs":272934724690470}
{"event":"request","sequence":516,"controlSequence":128,"rootCommits":23,"childCommits":33,"serial":328,"width":320,"height":240,"monotonicNs":272934724708505,"command":"modal-destroy"}
{"event":"server-barrier","sequence":517,"controlSequence":128,"rootCommits":23,"childCommits":33,"serial":328,"width":320,"height":240,"monotonicNs":272934725357928,"command":"modal-destroy","barrierControl":128}
{"event":"ack-configure","sequence":518,"controlSequence":128,"rootCommits":23,"childCommits":33,"serial":348,"width":320,"height":240,"monotonicNs":272934725368636}
{"event":"ack-configure","sequence":519,"controlSequence":128,"rootCommits":23,"childCommits":33,"serial":351,"width":320,"height":240,"monotonicNs":272934759483899}
{"event":"request","sequence":520,"controlSequence":129,"rootCommits":23,"childCommits":33,"serial":351,"width":320,"height":240,"monotonicNs":272934784670636,"command":"modal-create"}
{"event":"server-barrier","sequence":521,"controlSequence":129,"rootCommits":23,"childCommits":33,"serial":351,"width":320,"height":240,"monotonicNs":272934784830491,"command":"modal-create","barrierControl":129}
{"event":"buffercommit","sequence":522,"controlSequence":129,"rootCommits":23,"childCommits":33,"serial":351,"width":320,"height":240,"monotonicNs":272934784863271}
{"event":"modal-buffercommit","sequence":523,"controlSequence":129,"rootCommits":23,"childCommits":33,"serial":351,"width":320,"height":240,"monotonicNs":272934784866680,"modalCommits":32,"modalSerial":352,"modalColor":4294902015,"modalSize":[96,64]}
{"event":"modal-configured","sequence":524,"controlSequence":129,"rootCommits":23,"childCommits":33,"serial":351,"width":320,"height":240,"monotonicNs":272934784868896,"modalSerial":352,"modalCommits":32}
{"event":"buffer-release","sequence":525,"controlSequence":129,"rootCommits":23,"childCommits":33,"serial":351,"width":320,"height":240,"monotonicNs":272934785262747}
{"event":"modal-configured","sequence":526,"controlSequence":129,"rootCommits":23,"childCommits":33,"serial":351,"width":320,"height":240,"monotonicNs":272934785404163,"modalSerial":353,"modalCommits":32}
{"event":"ack-configure","sequence":527,"controlSequence":129,"rootCommits":23,"childCommits":33,"serial":354,"width":320,"height":240,"monotonicNs":272934785408496}
{"event":"buffercommit","sequence":528,"controlSequence":130,"rootCommits":23,"childCommits":33,"serial":354,"width":320,"height":240,"monotonicNs":272934810892269}
{"event":"modal-buffercommit","sequence":529,"controlSequence":130,"rootCommits":23,"childCommits":33,"serial":354,"width":320,"height":240,"monotonicNs":272934810904547,"modalCommits":33,"modalSerial":353,"modalColor":4294967040,"modalSize":[96,64]}
{"event":"request","sequence":530,"controlSequence":130,"rootCommits":23,"childCommits":33,"serial":354,"width":320,"height":240,"monotonicNs":272934810907280,"command":"modal-yellow"}
{"event":"buffer-release","sequence":531,"controlSequence":130,"rootCommits":23,"childCommits":33,"serial":354,"width":320,"height":240,"monotonicNs":272934811036453}
{"event":"server-barrier","sequence":532,"controlSequence":130,"rootCommits":23,"childCommits":33,"serial":354,"width":320,"height":240,"monotonicNs":272934811044881,"command":"modal-yellow","barrierControl":130}
{"event":"request","sequence":533,"controlSequence":131,"rootCommits":23,"childCommits":33,"serial":354,"width":320,"height":240,"monotonicNs":272934861685322,"command":"popup-create"}
{"event":"server-barrier","sequence":534,"controlSequence":131,"rootCommits":23,"childCommits":33,"serial":354,"width":320,"height":240,"monotonicNs":272934861804605,"command":"popup-create","barrierControl":131}
{"event":"buffercommit","sequence":535,"controlSequence":131,"rootCommits":23,"childCommits":33,"serial":354,"width":320,"height":240,"monotonicNs":272934861834233}
{"event":"popup-buffercommit","sequence":536,"controlSequence":131,"rootCommits":23,"childCommits":33,"serial":354,"width":320,"height":240,"monotonicNs":272934861837844,"popupCommits":27,"popupSerial":355,"popupColor":4278255615}
{"event":"popup-configured","sequence":537,"controlSequence":131,"rootCommits":23,"childCommits":33,"serial":354,"width":320,"height":240,"monotonicNs":272934861840572,"popupSerial":355,"popupCommits":27,"popupGeometry":[291,211,64,48]}
{"event":"buffer-release","sequence":538,"controlSequence":131,"rootCommits":23,"childCommits":33,"serial":354,"width":320,"height":240,"monotonicNs":272934862188166}
{"event":"modal-configured","sequence":539,"controlSequence":131,"rootCommits":23,"childCommits":33,"serial":354,"width":320,"height":240,"monotonicNs":272936043454461,"modalSerial":370,"modalCommits":33}
{"event":"popup-destroyed","sequence":540,"controlSequence":132,"rootCommits":23,"childCommits":33,"serial":354,"width":320,"height":240,"monotonicNs":272936219491915}
{"event":"request","sequence":541,"controlSequence":132,"rootCommits":23,"childCommits":33,"serial":354,"width":320,"height":240,"monotonicNs":272936219508163,"command":"popup-destroy"}
{"event":"server-barrier","sequence":542,"controlSequence":132,"rootCommits":23,"childCommits":33,"serial":354,"width":320,"height":240,"monotonicNs":272936219869455,"command":"popup-destroy","barrierControl":132}
{"event":"ack-configure","sequence":543,"controlSequence":132,"rootCommits":23,"childCommits":33,"serial":373,"width":320,"height":240,"monotonicNs":272936252334947}
{"event":"modal-configured","sequence":544,"controlSequence":132,"rootCommits":23,"childCommits":33,"serial":373,"width":320,"height":240,"monotonicNs":272936252350486,"modalSerial":374,"modalCommits":33}
{"event":"ack-configure","sequence":545,"controlSequence":132,"rootCommits":23,"childCommits":33,"serial":398,"width":320,"height":240,"monotonicNs":272941384855762}
{"event":"modal-configured","sequence":546,"controlSequence":132,"rootCommits":23,"childCommits":33,"serial":398,"width":320,"height":240,"monotonicNs":272941384883654,"modalSerial":399,"modalCommits":33}
{"event":"modal-destroyed","sequence":547,"controlSequence":133,"rootCommits":23,"childCommits":33,"serial":398,"width":320,"height":240,"monotonicNs":272941410056077}
{"event":"request","sequence":548,"controlSequence":133,"rootCommits":23,"childCommits":33,"serial":398,"width":320,"height":240,"monotonicNs":272941410065807,"command":"modal-destroy"}
{"event":"server-barrier","sequence":549,"controlSequence":133,"rootCommits":23,"childCommits":33,"serial":398,"width":320,"height":240,"monotonicNs":272941410283812,"command":"modal-destroy","barrierControl":133}
{"event":"ack-configure","sequence":550,"controlSequence":133,"rootCommits":23,"childCommits":33,"serial":408,"width":320,"height":240,"monotonicNs":272941410293900}
{"event":"ack-configure","sequence":551,"controlSequence":133,"rootCommits":23,"childCommits":33,"serial":412,"width":320,"height":240,"monotonicNs":272941432281839}
{"event":"ack-configure","sequence":552,"controlSequence":133,"rootCommits":23,"childCommits":33,"serial":428,"width":320,"height":240,"monotonicNs":272942650712558}
{"event":"ack-configure","sequence":553,"controlSequence":133,"rootCommits":23,"childCommits":33,"serial":442,"width":320,"height":240,"monotonicNs":272947464794868}
{"event":"ack-configure","sequence":554,"controlSequence":133,"rootCommits":23,"childCommits":33,"serial":445,"width":320,"height":240,"monotonicNs":272947477958640}
{"event":"ack-configure","sequence":555,"controlSequence":133,"rootCommits":23,"childCommits":33,"serial":447,"width":320,"height":240,"monotonicNs":272948242297932}
{"event":"request","sequence":556,"controlSequence":134,"rootCommits":23,"childCommits":33,"serial":447,"width":320,"height":240,"monotonicNs":272948643958273,"command":"background-create"}
{"event":"server-barrier","sequence":557,"controlSequence":134,"rootCommits":23,"childCommits":33,"serial":447,"width":320,"height":240,"monotonicNs":272948644006761,"command":"background-create","barrierControl":134}
{"event":"request","sequence":558,"controlSequence":135,"rootCommits":23,"childCommits":33,"serial":447,"width":320,"height":240,"monotonicNs":272948694233353,"command":"background-region-pending"}
{"event":"server-barrier","sequence":559,"controlSequence":135,"rootCommits":23,"childCommits":33,"serial":447,"width":320,"height":240,"monotonicNs":272948694321377,"command":"background-region-pending","barrierControl":135}
{"event":"request","sequence":560,"controlSequence":136,"rootCommits":24,"childCommits":33,"serial":447,"width":320,"height":240,"monotonicNs":272948719406710,"command":"root-commit"}
{"event":"server-barrier","sequence":561,"controlSequence":136,"rootCommits":24,"childCommits":33,"serial":447,"width":320,"height":240,"monotonicNs":272948719628558,"command":"root-commit","barrierControl":136}
{"event":"request","sequence":562,"controlSequence":137,"rootCommits":24,"childCommits":33,"serial":447,"width":320,"height":240,"monotonicNs":272948769964902,"command":"background-region-pending-two"}
{"event":"server-barrier","sequence":563,"controlSequence":137,"rootCommits":24,"childCommits":33,"serial":447,"width":320,"height":240,"monotonicNs":272948770073073,"command":"background-region-pending-two","barrierControl":137}
{"event":"request","sequence":564,"controlSequence":138,"rootCommits":25,"childCommits":33,"serial":447,"width":320,"height":240,"monotonicNs":272948820219210,"command":"root-commit"}
{"event":"server-barrier","sequence":565,"controlSequence":138,"rootCommits":25,"childCommits":33,"serial":447,"width":320,"height":240,"monotonicNs":272948820319628,"command":"root-commit","barrierControl":138}
{"event":"request","sequence":566,"controlSequence":139,"rootCommits":25,"childCommits":33,"serial":447,"width":320,"height":240,"monotonicNs":272948870476202,"command":"background-clear-pending"}
{"event":"server-barrier","sequence":567,"controlSequence":139,"rootCommits":25,"childCommits":33,"serial":447,"width":320,"height":240,"monotonicNs":272948870557098,"command":"background-clear-pending","barrierControl":139}
{"event":"request","sequence":568,"controlSequence":140,"rootCommits":26,"childCommits":33,"serial":447,"width":320,"height":240,"monotonicNs":272948895645280,"command":"root-commit"}
{"event":"server-barrier","sequence":569,"controlSequence":140,"rootCommits":26,"childCommits":33,"serial":447,"width":320,"height":240,"monotonicNs":272948896256384,"command":"root-commit","barrierControl":140}
{"event":"request","sequence":570,"controlSequence":141,"rootCommits":26,"childCommits":33,"serial":447,"width":320,"height":240,"monotonicNs":272948946601592,"command":"background-destroy"}
{"event":"server-barrier","sequence":571,"controlSequence":141,"rootCommits":26,"childCommits":33,"serial":447,"width":320,"height":240,"monotonicNs":272948946685784,"command":"background-destroy","barrierControl":141}
{"event":"request","sequence":572,"controlSequence":142,"rootCommits":27,"childCommits":33,"serial":447,"width":320,"height":240,"monotonicNs":272948997048913,"command":"root-commit"}
{"event":"server-barrier","sequence":573,"controlSequence":142,"rootCommits":27,"childCommits":33,"serial":447,"width":320,"height":240,"monotonicNs":272948997248426,"command":"root-commit","barrierControl":142}
{"event":"request","sequence":574,"controlSequence":143,"rootCommits":27,"childCommits":33,"serial":447,"width":320,"height":240,"monotonicNs":272949022333218,"command":"child-desync"}
{"event":"server-barrier","sequence":575,"controlSequence":143,"rootCommits":27,"childCommits":33,"serial":447,"width":320,"height":240,"monotonicNs":272949022412993,"command":"child-desync","barrierControl":143}
{"event":"request","sequence":576,"controlSequence":144,"rootCommits":27,"childCommits":33,"serial":447,"width":320,"height":240,"monotonicNs":272949072731601,"command":"background-child-create"}
{"event":"server-barrier","sequence":577,"controlSequence":144,"rootCommits":27,"childCommits":33,"serial":447,"width":320,"height":240,"monotonicNs":272949072814858,"command":"background-child-create","barrierControl":144}
{"event":"request","sequence":578,"controlSequence":145,"rootCommits":27,"childCommits":33,"serial":447,"width":320,"height":240,"monotonicNs":272949123177863,"command":"background-child-region-pending"}
{"event":"server-barrier","sequence":579,"controlSequence":145,"rootCommits":27,"childCommits":33,"serial":447,"width":320,"height":240,"monotonicNs":272949123265527,"command":"background-child-region-pending","barrierControl":145}
{"event":"background-commit","sequence":580,"controlSequence":146,"rootCommits":27,"childCommits":34,"serial":447,"width":320,"height":240,"monotonicNs":272949173517386,"popupCommits":27}
{"event":"request","sequence":581,"controlSequence":146,"rootCommits":27,"childCommits":34,"serial":447,"width":320,"height":240,"monotonicNs":272949173528831,"command":"background-child-apply"}
{"event":"server-barrier","sequence":582,"controlSequence":146,"rootCommits":27,"childCommits":34,"serial":447,"width":320,"height":240,"monotonicNs":272949173638190,"command":"background-child-apply","barrierControl":146}
{"event":"request","sequence":583,"controlSequence":147,"rootCommits":27,"childCommits":34,"serial":447,"width":320,"height":240,"monotonicNs":272949224053251,"command":"background-child-region-two"}
{"event":"server-barrier","sequence":584,"controlSequence":147,"rootCommits":27,"childCommits":34,"serial":447,"width":320,"height":240,"monotonicNs":272949224226539,"command":"background-child-region-two","barrierControl":147}
{"event":"background-commit","sequence":585,"controlSequence":148,"rootCommits":27,"childCommits":35,"serial":447,"width":320,"height":240,"monotonicNs":272949249428479,"popupCommits":27}
{"event":"request","sequence":586,"controlSequence":148,"rootCommits":27,"childCommits":35,"serial":447,"width":320,"height":240,"monotonicNs":272949249437927,"command":"background-child-apply"}
{"event":"server-barrier","sequence":587,"controlSequence":148,"rootCommits":27,"childCommits":35,"serial":447,"width":320,"height":240,"monotonicNs":272949249534157,"command":"background-child-apply","barrierControl":148}
{"event":"request","sequence":588,"controlSequence":149,"rootCommits":27,"childCommits":35,"serial":447,"width":320,"height":240,"monotonicNs":272949299908650,"command":"background-child-clear-pending"}
{"event":"server-barrier","sequence":589,"controlSequence":149,"rootCommits":27,"childCommits":35,"serial":447,"width":320,"height":240,"monotonicNs":272949300010590,"command":"background-child-clear-pending","barrierControl":149}
{"event":"background-commit","sequence":590,"controlSequence":150,"rootCommits":27,"childCommits":36,"serial":447,"width":320,"height":240,"monotonicNs":272949350390813,"popupCommits":27}
{"event":"request","sequence":591,"controlSequence":150,"rootCommits":27,"childCommits":36,"serial":447,"width":320,"height":240,"monotonicNs":272949350402642,"command":"background-child-apply"}
{"event":"server-barrier","sequence":592,"controlSequence":150,"rootCommits":27,"childCommits":36,"serial":447,"width":320,"height":240,"monotonicNs":272949350667947,"command":"background-child-apply","barrierControl":150}
{"event":"request","sequence":593,"controlSequence":151,"rootCommits":27,"childCommits":36,"serial":447,"width":320,"height":240,"monotonicNs":272949375751295,"command":"background-child-destroy"}
{"event":"server-barrier","sequence":594,"controlSequence":151,"rootCommits":27,"childCommits":36,"serial":447,"width":320,"height":240,"monotonicNs":272949375876532,"command":"background-child-destroy","barrierControl":151}
{"event":"background-commit","sequence":595,"controlSequence":152,"rootCommits":27,"childCommits":37,"serial":447,"width":320,"height":240,"monotonicNs":272949426139679,"popupCommits":27}
{"event":"request","sequence":596,"controlSequence":152,"rootCommits":27,"childCommits":37,"serial":447,"width":320,"height":240,"monotonicNs":272949426165541,"command":"background-child-apply"}
{"event":"server-barrier","sequence":597,"controlSequence":152,"rootCommits":27,"childCommits":37,"serial":447,"width":320,"height":240,"monotonicNs":272949426327308,"command":"background-child-apply","barrierControl":152}
{"event":"request","sequence":598,"controlSequence":153,"rootCommits":27,"childCommits":37,"serial":447,"width":320,"height":240,"monotonicNs":272949476549581,"command":"popup-create"}
{"event":"server-barrier","sequence":599,"controlSequence":153,"rootCommits":27,"childCommits":37,"serial":447,"width":320,"height":240,"monotonicNs":272949476689324,"command":"popup-create","barrierControl":153}
{"event":"buffercommit","sequence":600,"controlSequence":153,"rootCommits":27,"childCommits":37,"serial":447,"width":320,"height":240,"monotonicNs":272949476738111}
{"event":"popup-buffercommit","sequence":601,"controlSequence":153,"rootCommits":27,"childCommits":37,"serial":447,"width":320,"height":240,"monotonicNs":272949476741585,"popupCommits":29,"popupSerial":448,"popupColor":4278255615}
{"event":"popup-configured","sequence":602,"controlSequence":153,"rootCommits":27,"childCommits":37,"serial":447,"width":320,"height":240,"monotonicNs":272949476747115,"popupSerial":448,"popupCommits":29,"popupGeometry":[291,211,64,48]}
{"event":"buffer-release","sequence":603,"controlSequence":153,"rootCommits":27,"childCommits":37,"serial":447,"width":320,"height":240,"monotonicNs":272949477050319}
{"event":"request","sequence":604,"controlSequence":154,"rootCommits":27,"childCommits":37,"serial":447,"width":320,"height":240,"monotonicNs":272949527864251,"command":"background-popup-create"}
{"event":"server-barrier","sequence":605,"controlSequence":154,"rootCommits":27,"childCommits":37,"serial":447,"width":320,"height":240,"monotonicNs":272949528006604,"command":"background-popup-create","barrierControl":154}
{"event":"request","sequence":606,"controlSequence":155,"rootCommits":27,"childCommits":37,"serial":447,"width":320,"height":240,"monotonicNs":272949578351442,"command":"background-popup-region-pending"}
{"event":"server-barrier","sequence":607,"controlSequence":155,"rootCommits":27,"childCommits":37,"serial":447,"width":320,"height":240,"monotonicNs":272949578501934,"command":"background-popup-region-pending","barrierControl":155}
{"event":"background-commit","sequence":608,"controlSequence":156,"rootCommits":27,"childCommits":37,"serial":447,"width":320,"height":240,"monotonicNs":272949603653261,"popupCommits":30}
{"event":"request","sequence":609,"controlSequence":156,"rootCommits":27,"childCommits":37,"serial":447,"width":320,"height":240,"monotonicNs":272949603662811,"command":"background-popup-apply"}
{"event":"server-barrier","sequence":610,"controlSequence":156,"rootCommits":27,"childCommits":37,"serial":447,"width":320,"height":240,"monotonicNs":272949603761909,"command":"background-popup-apply","barrierControl":156}
{"event":"request","sequence":611,"controlSequence":157,"rootCommits":27,"childCommits":37,"serial":447,"width":320,"height":240,"monotonicNs":272949654159701,"command":"background-popup-region-two"}
{"event":"server-barrier","sequence":612,"controlSequence":157,"rootCommits":27,"childCommits":37,"serial":447,"width":320,"height":240,"monotonicNs":272949654249853,"command":"background-popup-region-two","barrierControl":157}
{"event":"background-commit","sequence":613,"controlSequence":158,"rootCommits":27,"childCommits":37,"serial":447,"width":320,"height":240,"monotonicNs":272949704587138,"popupCommits":31}
{"event":"request","sequence":614,"controlSequence":158,"rootCommits":27,"childCommits":37,"serial":447,"width":320,"height":240,"monotonicNs":272949704596780,"command":"background-popup-apply"}
{"event":"server-barrier","sequence":615,"controlSequence":158,"rootCommits":27,"childCommits":37,"serial":447,"width":320,"height":240,"monotonicNs":272949704781608,"command":"background-popup-apply","barrierControl":158}
{"event":"request","sequence":616,"controlSequence":159,"rootCommits":27,"childCommits":37,"serial":447,"width":320,"height":240,"monotonicNs":272949729975099,"command":"background-popup-clear-pending"}
{"event":"server-barrier","sequence":617,"controlSequence":159,"rootCommits":27,"childCommits":37,"serial":447,"width":320,"height":240,"monotonicNs":272949730090732,"command":"background-popup-clear-pending","barrierControl":159}
{"event":"background-commit","sequence":618,"controlSequence":160,"rootCommits":27,"childCommits":37,"serial":447,"width":320,"height":240,"monotonicNs":272949780432374,"popupCommits":32}
{"event":"request","sequence":619,"controlSequence":160,"rootCommits":27,"childCommits":37,"serial":447,"width":320,"height":240,"monotonicNs":272949780448537,"command":"background-popup-apply"}
{"event":"server-barrier","sequence":620,"controlSequence":160,"rootCommits":27,"childCommits":37,"serial":447,"width":320,"height":240,"monotonicNs":272949780529036,"command":"background-popup-apply","barrierControl":160}
{"event":"request","sequence":621,"controlSequence":161,"rootCommits":27,"childCommits":37,"serial":447,"width":320,"height":240,"monotonicNs":272949830862722,"command":"background-popup-destroy"}
{"event":"server-barrier","sequence":622,"controlSequence":161,"rootCommits":27,"childCommits":37,"serial":447,"width":320,"height":240,"monotonicNs":272949831058565,"command":"background-popup-destroy","barrierControl":161}
{"event":"background-commit","sequence":623,"controlSequence":162,"rootCommits":27,"childCommits":37,"serial":447,"width":320,"height":240,"monotonicNs":272949881318826,"popupCommits":33}
{"event":"request","sequence":624,"controlSequence":162,"rootCommits":27,"childCommits":37,"serial":447,"width":320,"height":240,"monotonicNs":272949881332302,"command":"background-popup-apply"}
{"event":"server-barrier","sequence":625,"controlSequence":162,"rootCommits":27,"childCommits":37,"serial":447,"width":320,"height":240,"monotonicNs":272949881479831,"command":"background-popup-apply","barrierControl":162}
{"event":"popup-destroyed","sequence":626,"controlSequence":163,"rootCommits":27,"childCommits":37,"serial":447,"width":320,"height":240,"monotonicNs":272949931651483}
{"event":"request","sequence":627,"controlSequence":163,"rootCommits":27,"childCommits":37,"serial":447,"width":320,"height":240,"monotonicNs":272949931664762,"command":"popup-destroy"}
{"event":"server-barrier","sequence":628,"controlSequence":163,"rootCommits":27,"childCommits":37,"serial":447,"width":320,"height":240,"monotonicNs":272949931968268,"command":"popup-destroy","barrierControl":163}
{"event":"ack-configure","sequence":629,"controlSequence":163,"rootCommits":27,"childCommits":37,"serial":449,"width":320,"height":240,"monotonicNs":272950163145104}
{"event":"ack-configure","sequence":630,"controlSequence":163,"rootCommits":27,"childCommits":37,"serial":464,"width":320,"height":240,"monotonicNs":272951545023456}
{"event":"ack-configure","sequence":631,"controlSequence":163,"rootCommits":27,"childCommits":37,"serial":478,"width":320,"height":240,"monotonicNs":272956362265180}
{"event":"ack-configure","sequence":632,"controlSequence":163,"rootCommits":27,"childCommits":37,"serial":481,"width":320,"height":240,"monotonicNs":272956377236826}
{"event":"ack-configure","sequence":633,"controlSequence":163,"rootCommits":27,"childCommits":37,"serial":495,"width":320,"height":240,"monotonicNs":272957848709043}
{"event":"ack-configure","sequence":634,"controlSequence":163,"rootCommits":27,"childCommits":37,"serial":498,"width":320,"height":240,"monotonicNs":272957862447912}
{"event":"ack-configure","sequence":635,"controlSequence":163,"rootCommits":27,"childCommits":37,"serial":502,"width":320,"height":240,"monotonicNs":272958825408111}
{"event":"ack-configure","sequence":636,"controlSequence":163,"rootCommits":27,"childCommits":37,"serial":513,"width":320,"height":240,"monotonicNs":272959659833605}
{"event":"ack-configure","sequence":637,"controlSequence":163,"rootCommits":27,"childCommits":37,"serial":518,"width":320,"height":240,"monotonicNs":272959663042722}
{"event":"ack-configure","sequence":638,"controlSequence":163,"rootCommits":27,"childCommits":37,"serial":523,"width":320,"height":240,"monotonicNs":272959678552256}
{"event":"ack-configure","sequence":639,"controlSequence":163,"rootCommits":27,"childCommits":37,"serial":540,"width":320,"height":240,"monotonicNs":272960808135120}
{"event":"ack-configure","sequence":640,"controlSequence":163,"rootCommits":27,"childCommits":37,"serial":545,"width":320,"height":240,"monotonicNs":272960827127494}
{"event":"ack-configure","sequence":641,"controlSequence":163,"rootCommits":27,"childCommits":37,"serial":546,"width":320,"height":240,"monotonicNs":272960929097893}
{"event":"request","sequence":642,"controlSequence":164,"rootCommits":27,"childCommits":37,"serial":546,"width":320,"height":240,"monotonicNs":272961833893482,"command":"quit"}
{"event":"normalexit","sequence":643,"controlSequence":164,"rootCommits":27,"childCommits":37,"serial":546,"width":320,"height":240,"monotonicNs":272961833925490}
