{"event":"ack-configure","sequence":1,"controlSequence":0,"rootCommits":1,"childCommits":0,"serial":5,"width":320,"height":240,"monotonicNs":281198086559523}
{"event":"buffercommit","sequence":2,"controlSequence":0,"rootCommits":2,"childCommits":0,"serial":5,"width":320,"height":240,"monotonicNs":281198086735614}
{"event":"ready","sequence":3,"controlSequence":0,"rootCommits":2,"childCommits":0,"serial":5,"width":320,"height":240,"monotonicNs":281198086742771}
{"event":"buffer-release","sequence":4,"controlSequence":0,"rootCommits":2,"childCommits":0,"serial":5,"width":320,"height":240,"monotonicNs":281198087524835}
{"event":"ack-configure","sequence":5,"controlSequence":0,"rootCommits":2,"childCommits":0,"serial":6,"width":320,"height":240,"monotonicNs":281198087550115}
{"event":"ack-configure","sequence":6,"controlSequence":0,"rootCommits":2,"childCommits":0,"serial":10,"width":320,"height":240,"monotonicNs":281198090423719}
{"event":"buffercommit","sequence":7,"controlSequence":1,"rootCommits":2,"childCommits":1,"serial":10,"width":320,"height":240,"monotonicNs":281198416555615}
{"event":"request","sequence":8,"controlSequence":1,"rootCommits":3,"childCommits":1,"serial":10,"width":320,"height":240,"monotonicNs":281198416565645,"command":"child-create"}
{"event":"buffer-release","sequence":9,"controlSequence":1,"rootCommits":3,"childCommits":1,"serial":10,"width":320,"height":240,"monotonicNs":281198416786152}
{"event":"server-barrier","sequence":10,"controlSequence":1,"rootCommits":3,"childCommits":1,"serial":10,"width":320,"height":240,"monotonicNs":281198416804505,"command":"child-create","barrierControl":1}
{"event":"buffercommit","sequence":11,"controlSequence":2,"rootCommits":3,"childCommits":2,"serial":10,"width":320,"height":240,"monotonicNs":281198467156415}
{"event":"request","sequence":12,"controlSequence":2,"rootCommits":3,"childCommits":2,"serial":10,"width":320,"height":240,"monotonicNs":281198467165992,"command":"child-yellow"}
{"event":"buffer-release","sequence":13,"controlSequence":2,"rootCommits":3,"childCommits":2,"serial":10,"width":320,"height":240,"monotonicNs":281198467903655}
{"event":"server-barrier","sequence":14,"controlSequence":2,"rootCommits":3,"childCommits":2,"serial":10,"width":320,"height":240,"monotonicNs":281198467915373,"command":"child-yellow","barrierControl":2}
{"event":"request","sequence":15,"controlSequence":3,"rootCommits":3,"childCommits":2,"serial":10,"width":320,"height":240,"monotonicNs":281198518149206,"command":"child-sync"}
{"event":"server-barrier","sequence":16,"controlSequence":3,"rootCommits":3,"childCommits":2,"serial":10,"width":320,"height":240,"monotonicNs":281198518421320,"command":"child-sync","barrierControl":3}
{"event":"buffercommit","sequence":17,"controlSequence":4,"rootCommits":3,"childCommits":3,"serial":10,"width":320,"height":240,"monotonicNs":281198568842887}
{"event":"request","sequence":18,"controlSequence":4,"rootCommits":3,"childCommits":3,"serial":10,"width":320,"height":240,"monotonicNs":281198568861845,"command":"child-blue"}
{"event":"server-barrier","sequence":19,"controlSequence":4,"rootCommits":3,"childCommits":3,"serial":10,"width":320,"height":240,"monotonicNs":281198569190361,"command":"child-blue","barrierControl":4}
{"event":"request","sequence":20,"controlSequence":5,"rootCommits":4,"childCommits":3,"serial":10,"width":320,"height":240,"monotonicNs":281198619441764,"command":"root-commit"}
{"event":"buffer-release","sequence":21,"controlSequence":5,"rootCommits":4,"childCommits":3,"serial":10,"width":320,"height":240,"monotonicNs":281198619763372}
{"event":"server-barrier","sequence":22,"controlSequence":5,"rootCommits":4,"childCommits":3,"serial":10,"width":320,"height":240,"monotonicNs":281198619783262,"command":"root-commit","barrierControl":5}
{"event":"request","sequence":23,"controlSequence":6,"rootCommits":4,"childCommits":3,"serial":10,"width":320,"height":240,"monotonicNs":281198670017124,"command":"child-desync"}
{"event":"server-barrier","sequence":24,"controlSequence":6,"rootCommits":4,"childCommits":3,"serial":10,"width":320,"height":240,"monotonicNs":281198670352989,"command":"child-desync","barrierControl":6}
{"event":"request","sequence":25,"controlSequence":7,"rootCommits":5,"childCommits":3,"serial":10,"width":320,"height":240,"monotonicNs":281198695532581,"command":"child-move"}
{"event":"server-barrier","sequence":26,"controlSequence":7,"rootCommits":5,"childCommits":3,"serial":10,"width":320,"height":240,"monotonicNs":281198696652576,"command":"child-move","barrierControl":7}
{"event":"request","sequence":27,"controlSequence":8,"rootCommits":6,"childCommits":3,"serial":10,"width":320,"height":240,"monotonicNs":281198747053219,"command":"child-below"}
{"event":"server-barrier","sequence":28,"controlSequence":8,"rootCommits":6,"childCommits":3,"serial":10,"width":320,"height":240,"monotonicNs":281198747156084,"command":"child-below","barrierControl":8}
{"event":"request","sequence":29,"controlSequence":9,"rootCommits":7,"childCommits":3,"serial":10,"width":320,"height":240,"monotonicNs":281198797422710,"command":"child-above"}
{"event":"server-barrier","sequence":30,"controlSequence":9,"rootCommits":7,"childCommits":3,"serial":10,"width":320,"height":240,"monotonicNs":281198797600640,"command":"child-above","barrierControl":9}
{"event":"buffercommit","sequence":31,"controlSequence":10,"rootCommits":7,"childCommits":4,"serial":10,"width":320,"height":240,"monotonicNs":281198847952954}
{"event":"request","sequence":32,"controlSequence":10,"rootCommits":7,"childCommits":5,"serial":10,"width":320,"height":240,"monotonicNs":281198847962983,"command":"grand-create"}
{"event":"buffer-release","sequence":33,"controlSequence":10,"rootCommits":7,"childCommits":5,"serial":10,"width":320,"height":240,"monotonicNs":281198848193012}
{"event":"server-barrier","sequence":34,"controlSequence":10,"rootCommits":7,"childCommits":5,"serial":10,"width":320,"height":240,"monotonicNs":281198848210090,"command":"grand-create","barrierControl":10}
{"event":"request","sequence":35,"controlSequence":11,"rootCommits":7,"childCommits":6,"serial":10,"width":320,"height":240,"monotonicNs":281198898690721,"command":"child-detach"}
{"event":"server-barrier","sequence":36,"controlSequence":11,"rootCommits":7,"childCommits":6,"serial":10,"width":320,"height":240,"monotonicNs":281198898840507,"command":"child-detach","barrierControl":11}
{"event":"buffercommit","sequence":37,"controlSequence":12,"rootCommits":7,"childCommits":7,"serial":10,"width":320,"height":240,"monotonicNs":281198949084557}
{"event":"request","sequence":38,"controlSequence":12,"rootCommits":7,"childCommits":7,"serial":10,"width":320,"height":240,"monotonicNs":281198949094568,"command":"child-reattach"}
{"event":"buffer-release","sequence":39,"controlSequence":12,"rootCommits":7,"childCommits":7,"serial":10,"width":320,"height":240,"monotonicNs":281198949237338}
{"event":"server-barrier","sequence":40,"controlSequence":12,"rootCommits":7,"childCommits":7,"serial":10,"width":320,"height":240,"monotonicNs":281198949250887,"command":"child-reattach","barrierControl":12}
{"event":"request","sequence":41,"controlSequence":13,"rootCommits":7,"childCommits":7,"serial":10,"width":320,"height":240,"monotonicNs":281198999615808,"command":"child-destroy"}
{"event":"server-barrier","sequence":42,"controlSequence":13,"rootCommits":7,"childCommits":7,"serial":10,"width":320,"height":240,"monotonicNs":281198999897445,"command":"child-destroy","barrierControl":13}
{"event":"buffercommit","sequence":43,"controlSequence":14,"rootCommits":7,"childCommits":8,"serial":10,"width":320,"height":240,"monotonicNs":281199050192023}
{"event":"request","sequence":44,"controlSequence":14,"rootCommits":8,"childCommits":8,"serial":10,"width":320,"height":240,"monotonicNs":281199050203589,"command":"child-create"}
{"event":"buffer-release","sequence":45,"controlSequence":14,"rootCommits":8,"childCommits":8,"serial":10,"width":320,"height":240,"monotonicNs":281199050401985}
{"event":"server-barrier","sequence":46,"controlSequence":14,"rootCommits":8,"childCommits":8,"serial":10,"width":320,"height":240,"monotonicNs":281199050415863,"command":"child-create","barrierControl":14}
{"event":"request","sequence":47,"controlSequence":15,"rootCommits":8,"childCommits":8,"serial":10,"width":320,"height":240,"monotonicNs":281199100898127,"command":"child-destroy"}
{"event":"server-barrier","sequence":48,"controlSequence":15,"rootCommits":8,"childCommits":8,"serial":10,"width":320,"height":240,"monotonicNs":281199101119489,"command":"child-destroy","barrierControl":15}
{"event":"buffercommit","sequence":49,"controlSequence":16,"rootCommits":8,"childCommits":9,"serial":10,"width":320,"height":240,"monotonicNs":281199151391760}
{"event":"request","sequence":50,"controlSequence":16,"rootCommits":8,"childCommits":9,"serial":10,"width":320,"height":240,"monotonicNs":281199151401932,"command":"child-create-sync"}
{"event":"server-barrier","sequence":51,"controlSequence":16,"rootCommits":8,"childCommits":9,"serial":10,"width":320,"height":240,"monotonicNs":281199151549950,"command":"child-create-sync","barrierControl":16}
{"event":"request","sequence":52,"controlSequence":17,"rootCommits":9,"childCommits":9,"serial":10,"width":320,"height":240,"monotonicNs":281199201891526,"command":"root-commit"}
{"event":"buffer-release","sequence":53,"controlSequence":17,"rootCommits":9,"childCommits":9,"serial":10,"width":320,"height":240,"monotonicNs":281199201980046}
{"event":"server-barrier","sequence":54,"controlSequence":17,"rootCommits":9,"childCommits":9,"serial":10,"width":320,"height":240,"monotonicNs":281199202100465,"command":"root-commit","barrierControl":17}
{"event":"request","sequence":55,"controlSequence":18,"rootCommits":9,"childCommits":9,"serial":10,"width":320,"height":240,"monotonicNs":281199277719131,"command":"child-destroy"}
{"event":"server-barrier","sequence":56,"controlSequence":18,"rootCommits":9,"childCommits":9,"serial":10,"width":320,"height":240,"monotonicNs":281199277907124,"command":"child-destroy","barrierControl":18}
{"event":"buffercommit","sequence":57,"controlSequence":19,"rootCommits":9,"childCommits":10,"serial":10,"width":320,"height":240,"monotonicNs":281199328219633}
{"event":"request","sequence":58,"controlSequence":19,"rootCommits":9,"childCommits":10,"serial":10,"width":320,"height":240,"monotonicNs":281199328230198,"command":"child-create-sync"}
{"event":"server-barrier","sequence":59,"controlSequence":19,"rootCommits":9,"childCommits":10,"serial":10,"width":320,"height":240,"monotonicNs":281199328447046,"command":"child-create-sync","barrierControl":19}
{"event":"request","sequence":60,"controlSequence":20,"rootCommits":10,"childCommits":10,"serial":10,"width":320,"height":240,"monotonicNs":281199378804764,"command":"root-commit"}
{"event":"buffer-release","sequence":61,"controlSequence":20,"rootCommits":10,"childCommits":10,"serial":10,"width":320,"height":240,"monotonicNs":281199379030393}
{"event":"server-barrier","sequence":62,"controlSequence":20,"rootCommits":10,"childCommits":10,"serial":10,"width":320,"height":240,"monotonicNs":281199379051499,"command":"root-commit","barrierControl":20}
{"event":"buffercommit","sequence":63,"controlSequence":21,"rootCommits":10,"childCommits":11,"serial":10,"width":320,"height":240,"monotonicNs":281199429504928}
{"event":"request","sequence":64,"controlSequence":21,"rootCommits":10,"childCommits":11,"serial":10,"width":320,"height":240,"monotonicNs":281199429514563,"command":"child-yellow"}
{"event":"server-barrier","sequence":65,"controlSequence":21,"rootCommits":10,"childCommits":11,"serial":10,"width":320,"height":240,"monotonicNs":281199429558631,"command":"child-yellow","barrierControl":21}
{"event":"request","sequence":66,"controlSequence":22,"rootCommits":10,"childCommits":11,"serial":10,"width":320,"height":240,"monotonicNs":281199479862417,"command":"child-destroy"}
{"event":"buffer-release","sequence":67,"controlSequence":22,"rootCommits":10,"childCommits":11,"serial":10,"width":320,"height":240,"monotonicNs":281199480026643}
{"event":"server-barrier","sequence":68,"controlSequence":22,"rootCommits":10,"childCommits":11,"serial":10,"width":320,"height":240,"monotonicNs":281199480042192,"command":"child-destroy","barrierControl":22}
{"event":"request","sequence":69,"controlSequence":23,"rootCommits":11,"childCommits":11,"serial":10,"width":320,"height":240,"monotonicNs":281199534543955,"command":"root-commit"}
{"event":"server-barrier","sequence":70,"controlSequence":23,"rootCommits":11,"childCommits":11,"serial":10,"width":320,"height":240,"monotonicNs":281199534699320,"command":"root-commit","barrierControl":23}
{"event":"buffercommit","sequence":71,"controlSequence":24,"rootCommits":11,"childCommits":12,"serial":10,"width":320,"height":240,"monotonicNs":281199585048880}
{"event":"request","sequence":72,"controlSequence":24,"rootCommits":11,"childCommits":12,"serial":10,"width":320,"height":240,"monotonicNs":281199585058399,"command":"child-create-sync"}
{"event":"server-barrier","sequence":73,"controlSequence":24,"rootCommits":11,"childCommits":12,"serial":10,"width":320,"height":240,"monotonicNs":281199585172319,"command":"child-create-sync","barrierControl":24}
{"event":"request","sequence":74,"controlSequence":25,"rootCommits":12,"childCommits":12,"serial":10,"width":320,"height":240,"monotonicNs":281199635396638,"command":"root-commit"}
{"event":"buffer-release","sequence":75,"controlSequence":25,"rootCommits":12,"childCommits":12,"serial":10,"width":320,"height":240,"monotonicNs":281199635579669}
{"event":"server-barrier","sequence":76,"controlSequence":25,"rootCommits":12,"childCommits":12,"serial":10,"width":320,"height":240,"monotonicNs":281199635595008,"command":"root-commit","barrierControl":25}
{"event":"request","sequence":77,"controlSequence":26,"rootCommits":12,"childCommits":12,"serial":10,"width":320,"height":240,"monotonicNs":281199686035775,"command":"child-destroy"}
{"event":"server-barrier","sequence":78,"controlSequence":26,"rootCommits":12,"childCommits":12,"serial":10,"width":320,"height":240,"monotonicNs":281199686241370,"command":"child-destroy","barrierControl":26}
{"event":"buffercommit","sequence":79,"controlSequence":27,"rootCommits":12,"childCommits":13,"serial":10,"width":320,"height":240,"monotonicNs":281199736500465}
{"event":"request","sequence":80,"controlSequence":27,"rootCommits":12,"childCommits":13,"serial":10,"width":320,"height":240,"monotonicNs":281199736510408,"command":"child-create-sync"}
{"event":"server-barrier","sequence":81,"controlSequence":27,"rootCommits":12,"childCommits":13,"serial":10,"width":320,"height":240,"monotonicNs":281199736704511,"command":"child-create-sync","barrierControl":27}
{"event":"request","sequence":82,"controlSequence":28,"rootCommits":13,"childCommits":13,"serial":10,"width":320,"height":240,"monotonicNs":281199812018199,"command":"root-commit"}
{"event":"buffer-release","sequence":83,"controlSequence":28,"rootCommits":13,"childCommits":13,"serial":10,"width":320,"height":240,"monotonicNs":281199812251624}
{"event":"server-barrier","sequence":84,"controlSequence":28,"rootCommits":13,"childCommits":13,"serial":10,"width":320,"height":240,"monotonicNs":281199812265620,"command":"root-commit","barrierControl":28}
{"event":"buffercommit","sequence":85,"controlSequence":29,"rootCommits":13,"childCommits":14,"serial":10,"width":320,"height":240,"monotonicNs":281199862793462}
{"event":"request","sequence":86,"controlSequence":29,"rootCommits":13,"childCommits":15,"serial":10,"width":320,"height":240,"monotonicNs":281199862803427,"command":"grand-create"}
{"event":"server-barrier","sequence":87,"controlSequence":29,"rootCommits":13,"childCommits":15,"serial":10,"width":320,"height":240,"monotonicNs":281199862998175,"command":"grand-create","barrierControl":29}
{"event":"request","sequence":88,"controlSequence":30,"rootCommits":14,"childCommits":15,"serial":10,"width":320,"height":240,"monotonicNs":281199913231238,"command":"root-commit"}
{"event":"buffer-release","sequence":89,"controlSequence":30,"rootCommits":14,"childCommits":15,"serial":10,"width":320,"height":240,"monotonicNs":281199913407823}
{"event":"server-barrier","sequence":90,"controlSequence":30,"rootCommits":14,"childCommits":15,"serial":10,"width":320,"height":240,"monotonicNs":281199913424804,"command":"root-commit","barrierControl":30}
{"event":"buffercommit","sequence":91,"controlSequence":31,"rootCommits":14,"childCommits":16,"serial":10,"width":320,"height":240,"monotonicNs":281199988858484}
{"event":"request","sequence":92,"controlSequence":31,"rootCommits":14,"childCommits":16,"serial":10,"width":320,"height":240,"monotonicNs":281199988873757,"command":"grand-yellow"}
{"event":"server-barrier","sequence":93,"controlSequence":31,"rootCommits":14,"childCommits":16,"serial":10,"width":320,"height":240,"monotonicNs":281199988930178,"command":"grand-yellow","barrierControl":31}
{"event":"request","sequence":94,"controlSequence":32,"rootCommits":14,"childCommits":16,"serial":10,"width":320,"height":240,"monotonicNs":281200039088492,"command":"grand-desync"}
{"event":"server-barrier","sequence":95,"controlSequence":32,"rootCommits":14,"childCommits":16,"serial":10,"width":320,"height":240,"monotonicNs":281200039194587,"command":"grand-desync","barrierControl":32}
{"event":"request","sequence":96,"controlSequence":33,"rootCommits":14,"childCommits":16,"serial":10,"width":320,"height":240,"monotonicNs":281200089417958,"command":"child-desync"}
{"event":"buffer-release","sequence":97,"controlSequence":33,"rootCommits":14,"childCommits":16,"serial":10,"width":320,"height":240,"monotonicNs":281200089532143}
{"event":"server-barrier","sequence":98,"controlSequence":33,"rootCommits":14,"childCommits":16,"serial":10,"width":320,"height":240,"monotonicNs":281200089548123,"command":"child-desync","barrierControl":33}
{"event":"request","sequence":99,"controlSequence":34,"rootCommits":14,"childCommits":16,"serial":10,"width":320,"height":240,"monotonicNs":281200165211371,"command":"child-destroy"}
{"event":"server-barrier","sequence":100,"controlSequence":34,"rootCommits":14,"childCommits":16,"serial":10,"width":320,"height":240,"monotonicNs":281200165376889,"command":"child-destroy","barrierControl":34}
{"event":"buffercommit","sequence":101,"controlSequence":35,"rootCommits":14,"childCommits":17,"serial":10,"width":320,"height":240,"monotonicNs":281200215817146}
{"event":"request","sequence":102,"controlSequence":35,"rootCommits":14,"childCommits":17,"serial":10,"width":320,"height":240,"monotonicNs":281200215827499,"command":"child-create-sync"}
{"event":"server-barrier","sequence":103,"controlSequence":35,"rootCommits":14,"childCommits":17,"serial":10,"width":320,"height":240,"monotonicNs":281200215959659,"command":"child-create-sync","barrierControl":35}
{"event":"request","sequence":104,"controlSequence":36,"rootCommits":15,"childCommits":17,"serial":10,"width":320,"height":240,"monotonicNs":281200266399083,"command":"root-commit"}
{"event":"buffer-release","sequence":105,"controlSequence":36,"rootCommits":15,"childCommits":17,"serial":10,"width":320,"height":240,"monotonicNs":281200266544045}
{"event":"server-barrier","sequence":106,"controlSequence":36,"rootCommits":15,"childCommits":17,"serial":10,"width":320,"height":240,"monotonicNs":281200266564167,"command":"root-commit","barrierControl":36}
{"event":"buffercommit","sequence":107,"controlSequence":37,"rootCommits":15,"childCommits":18,"serial":10,"width":320,"height":240,"monotonicNs":281200317027213}
{"event":"request","sequence":108,"controlSequence":37,"rootCommits":15,"childCommits":18,"serial":10,"width":320,"height":240,"monotonicNs":281200317036670,"command":"child-yellow"}
{"event":"server-barrier","sequence":109,"controlSequence":37,"rootCommits":15,"childCommits":18,"serial":10,"width":320,"height":240,"monotonicNs":281200317217754,"command":"child-yellow","barrierControl":37}
{"event":"buffercommit","sequence":110,"controlSequence":38,"rootCommits":15,"childCommits":19,"serial":10,"width":320,"height":240,"monotonicNs":281200367669503}
{"event":"request","sequence":111,"controlSequence":38,"rootCommits":15,"childCommits":19,"serial":10,"width":320,"height":240,"monotonicNs":281200367679696,"command":"child-blue"}
{"event":"buffer-release","sequence":112,"controlSequence":38,"rootCommits":15,"childCommits":19,"serial":10,"width":320,"height":240,"monotonicNs":281200367877447}
{"event":"server-barrier","sequence":113,"controlSequence":38,"rootCommits":15,"childCommits":19,"serial":10,"width":320,"height":240,"monotonicNs":281200367895253,"command":"child-blue","barrierControl":38}
{"event":"buffercommit","sequence":114,"controlSequence":39,"rootCommits":15,"childCommits":20,"serial":10,"width":320,"height":240,"monotonicNs":281200418389639}
{"event":"request","sequence":115,"controlSequence":39,"rootCommits":15,"childCommits":20,"serial":10,"width":320,"height":240,"monotonicNs":281200418400566,"command":"child-yellow"}
{"event":"buffer-release","sequence":116,"controlSequence":39,"rootCommits":15,"childCommits":20,"serial":10,"width":320,"height":240,"monotonicNs":281200418480926}
{"event":"server-barrier","sequence":117,"controlSequence":39,"rootCommits":15,"childCommits":20,"serial":10,"width":320,"height":240,"monotonicNs":281200418495122,"command":"child-yellow","barrierControl":39}
{"event":"request","sequence":118,"controlSequence":40,"rootCommits":15,"childCommits":21,"serial":10,"width":320,"height":240,"monotonicNs":281200468874774,"command":"child-empty"}
{"event":"server-barrier","sequence":119,"controlSequence":40,"rootCommits":15,"childCommits":21,"serial":10,"width":320,"height":240,"monotonicNs":281200469538183,"command":"child-empty","barrierControl":40}
{"event":"request","sequence":120,"controlSequence":41,"rootCommits":16,"childCommits":21,"serial":10,"width":320,"height":240,"monotonicNs":281200545062794,"command":"root-commit"}
{"event":"buffer-release","sequence":121,"controlSequence":41,"rootCommits":16,"childCommits":21,"serial":10,"width":320,"height":240,"monotonicNs":281200545198357}
{"event":"server-barrier","sequence":122,"controlSequence":41,"rootCommits":16,"childCommits":21,"serial":10,"width":320,"height":240,"monotonicNs":281200545216596,"command":"root-commit","barrierControl":41}
{"event":"request","sequence":123,"controlSequence":42,"rootCommits":16,"childCommits":21,"serial":10,"width":320,"height":240,"monotonicNs":281200595481745,"command":"child-destroy"}
{"event":"server-barrier","sequence":124,"controlSequence":42,"rootCommits":16,"childCommits":21,"serial":10,"width":320,"height":240,"monotonicNs":281200595663570,"command":"child-destroy","barrierControl":42}
{"event":"buffercommit","sequence":125,"controlSequence":43,"rootCommits":16,"childCommits":22,"serial":10,"width":320,"height":240,"monotonicNs":281200646030263}
{"event":"request","sequence":126,"controlSequence":43,"rootCommits":16,"childCommits":22,"serial":10,"width":320,"height":240,"monotonicNs":281200646040798,"command":"child-create-sync"}
{"event":"server-barrier","sequence":127,"controlSequence":43,"rootCommits":16,"childCommits":22,"serial":10,"width":320,"height":240,"monotonicNs":281200646193759,"command":"child-create-sync","barrierControl":43}
{"event":"request","sequence":128,"controlSequence":44,"rootCommits":17,"childCommits":22,"serial":10,"width":320,"height":240,"monotonicNs":281200696529942,"command":"root-commit"}
{"event":"buffer-release","sequence":129,"controlSequence":44,"rootCommits":17,"childCommits":22,"serial":10,"width":320,"height":240,"monotonicNs":281200696701430}
{"event":"server-barrier","sequence":130,"controlSequence":44,"rootCommits":17,"childCommits":22,"serial":10,"width":320,"height":240,"monotonicNs":281200696718658,"command":"root-commit","barrierControl":44}
{"event":"buffercommit","sequence":131,"controlSequence":45,"rootCommits":17,"childCommits":23,"serial":10,"width":320,"height":240,"monotonicNs":281200747202091}
{"event":"request","sequence":132,"controlSequence":45,"rootCommits":17,"childCommits":24,"serial":10,"width":320,"height":240,"monotonicNs":281200747213105,"command":"grand-create"}
{"event":"server-barrier","sequence":133,"controlSequence":45,"rootCommits":17,"childCommits":24,"serial":10,"width":320,"height":240,"monotonicNs":281200747342346,"command":"grand-create","barrierControl":45}
{"event":"request","sequence":134,"controlSequence":46,"rootCommits":18,"childCommits":24,"serial":10,"width":320,"height":240,"monotonicNs":281200797686502,"command":"root-commit"}
{"event":"buffer-release","sequence":135,"controlSequence":46,"rootCommits":18,"childCommits":24,"serial":10,"width":320,"height":240,"monotonicNs":281200797849741}
{"event":"server-barrier","sequence":136,"controlSequence":46,"rootCommits":18,"childCommits":24,"serial":10,"width":320,"height":240,"monotonicNs":281200797869028,"command":"root-commit","barrierControl":46}
{"event":"request","sequence":137,"controlSequence":47,"rootCommits":18,"childCommits":25,"serial":10,"width":320,"height":240,"monotonicNs":281200848317575,"command":"child-detach"}
{"event":"server-barrier","sequence":138,"controlSequence":47,"rootCommits":18,"childCommits":25,"serial":10,"width":320,"height":240,"monotonicNs":281200848398832,"command":"child-detach","barrierControl":47}
{"event":"request","sequence":139,"controlSequence":48,"rootCommits":19,"childCommits":25,"serial":10,"width":320,"height":240,"monotonicNs":281200923933617,"command":"root-commit"}
{"event":"server-barrier","sequence":140,"controlSequence":48,"rootCommits":19,"childCommits":25,"serial":10,"width":320,"height":240,"monotonicNs":281200924182937,"command":"root-commit","barrierControl":48}
{"event":"request","sequence":141,"controlSequence":49,"rootCommits":19,"childCommits":25,"serial":10,"width":320,"height":240,"monotonicNs":281200974554364,"command":"child-destroy"}
{"event":"server-barrier","sequence":142,"controlSequence":49,"rootCommits":19,"childCommits":25,"serial":10,"width":320,"height":240,"monotonicNs":281200974683411,"command":"child-destroy","barrierControl":49}
{"event":"buffercommit","sequence":143,"controlSequence":50,"rootCommits":19,"childCommits":26,"serial":10,"width":320,"height":240,"monotonicNs":281201034692431}
{"event":"request","sequence":144,"controlSequence":50,"rootCommits":20,"childCommits":26,"serial":10,"width":320,"height":240,"monotonicNs":281201034701598,"command":"child-create"}
{"event":"buffer-release","sequence":145,"controlSequence":50,"rootCommits":20,"childCommits":26,"serial":10,"width":320,"height":240,"monotonicNs":281201034965829}
{"event":"server-barrier","sequence":146,"controlSequence":50,"rootCommits":20,"childCommits":26,"serial":10,"width":320,"height":240,"monotonicNs":281201034975458,"command":"child-create","barrierControl":50}
{"event":"request","sequence":147,"controlSequence":51,"rootCommits":20,"childCommits":26,"serial":10,"width":320,"height":240,"monotonicNs":281201085510410,"command":"child-move-pending"}
{"event":"server-barrier","sequence":148,"controlSequence":51,"rootCommits":20,"childCommits":26,"serial":10,"width":320,"height":240,"monotonicNs":281201085559083,"command":"child-move-pending","barrierControl":51}
{"event":"request","sequence":149,"controlSequence":52,"rootCommits":21,"childCommits":26,"serial":10,"width":320,"height":240,"monotonicNs":281201135808434,"command":"root-commit"}
{"event":"server-barrier","sequence":150,"controlSequence":52,"rootCommits":21,"childCommits":26,"serial":10,"width":320,"height":240,"monotonicNs":281201135902892,"command":"root-commit","barrierControl":52}
{"event":"request","sequence":151,"controlSequence":53,"rootCommits":21,"childCommits":26,"serial":10,"width":320,"height":240,"monotonicNs":281201186204983,"command":"child-below-pending"}
{"event":"server-barrier","sequence":152,"controlSequence":53,"rootCommits":21,"childCommits":26,"serial":10,"width":320,"height":240,"monotonicNs":281201186257268,"command":"child-below-pending","barrierControl":53}
{"event":"request","sequence":153,"controlSequence":54,"rootCommits":22,"childCommits":26,"serial":10,"width":320,"height":240,"monotonicNs":281201236544477,"command":"root-commit"}
{"event":"server-barrier","sequence":154,"controlSequence":54,"rootCommits":22,"childCommits":26,"serial":10,"width":320,"height":240,"monotonicNs":281201236635540,"command":"root-commit","barrierControl":54}
{"event":"request","sequence":155,"controlSequence":55,"rootCommits":22,"childCommits":26,"serial":10,"width":320,"height":240,"monotonicNs":281201286782783,"command":"child-above-pending"}
{"event":"server-barrier","sequence":156,"controlSequence":55,"rootCommits":22,"childCommits":26,"serial":10,"width":320,"height":240,"monotonicNs":281201286817766,"command":"child-above-pending","barrierControl":55}
{"event":"request","sequence":157,"controlSequence":56,"rootCommits":23,"childCommits":26,"serial":10,"width":320,"height":240,"monotonicNs":281201336976623,"command":"root-commit"}
{"event":"server-barrier","sequence":158,"controlSequence":56,"rootCommits":23,"childCommits":26,"serial":10,"width":320,"height":240,"monotonicNs":281201337041641,"command":"root-commit","barrierControl":56}
{"event":"buffercommit","sequence":159,"controlSequence":57,"rootCommits":23,"childCommits":27,"serial":10,"width":320,"height":240,"monotonicNs":281210060407169}
{"event":"request","sequence":160,"controlSequence":57,"rootCommits":23,"childCommits":27,"serial":10,"width":320,"height":240,"monotonicNs":281210060419927,"command":"child-yellow"}
{"event":"buffer-release","sequence":161,"controlSequence":57,"rootCommits":23,"childCommits":27,"serial":10,"width":320,"height":240,"monotonicNs":281210060553943}
{"event":"server-barrier","sequence":162,"controlSequence":57,"rootCommits":23,"childCommits":27,"serial":10,"width":320,"height":240,"monotonicNs":281210060705957,"command":"child-yellow","barrierControl":57}
{"event":"buffercommit","sequence":163,"controlSequence":58,"rootCommits":23,"childCommits":28,"serial":10,"width":320,"height":240,"monotonicNs":281218490300372}
{"event":"request","sequence":164,"controlSequence":58,"rootCommits":23,"childCommits":28,"serial":10,"width":320,"height":240,"monotonicNs":281218490312953,"command":"child-blue"}
{"event":"buffer-release","sequence":165,"controlSequence":58,"rootCommits":23,"childCommits":28,"serial":10,"width":320,"height":240,"monotonicNs":281218490716025}
{"event":"server-barrier","sequence":166,"controlSequence":58,"rootCommits":23,"childCommits":28,"serial":10,"width":320,"height":240,"monotonicNs":281218490914899,"command":"child-blue","barrierControl":58}
{"event":"ack-configure","sequence":167,"controlSequence":58,"rootCommits":23,"childCommits":28,"serial":132,"width":320,"height":240,"monotonicNs":281225368767206}
{"event":"ack-configure","sequence":168,"controlSequence":58,"rootCommits":23,"childCommits":28,"serial":147,"width":320,"height":240,"monotonicNs":281230985590370}
{"event":"ack-configure","sequence":169,"controlSequence":58,"rootCommits":23,"childCommits":28,"serial":148,"width":320,"height":240,"monotonicNs":281231077974671}
{"event":"ack-configure","sequence":170,"controlSequence":58,"rootCommits":23,"childCommits":28,"serial":151,"width":320,"height":240,"monotonicNs":281231248931235}
{"event":"buffercommit","sequence":171,"controlSequence":59,"rootCommits":23,"childCommits":29,"serial":151,"width":320,"height":240,"monotonicNs":281231274200082}
{"event":"request","sequence":172,"controlSequence":59,"rootCommits":23,"childCommits":29,"serial":151,"width":320,"height":240,"monotonicNs":281231274211933,"command":"child-blue"}
{"event":"buffer-release","sequence":173,"controlSequence":59,"rootCommits":23,"childCommits":29,"serial":151,"width":320,"height":240,"monotonicNs":281231274444358}
{"event":"server-barrier","sequence":174,"controlSequence":59,"rootCommits":23,"childCommits":29,"serial":151,"width":320,"height":240,"monotonicNs":281231274634607,"command":"child-blue","barrierControl":59}
{"event":"buffercommit","sequence":175,"controlSequence":60,"rootCommits":23,"childCommits":30,"serial":151,"width":320,"height":240,"monotonicNs":281231425558070}
{"event":"request","sequence":176,"controlSequence":60,"rootCommits":23,"childCommits":30,"serial":151,"width":320,"height":240,"monotonicNs":281231425566938,"command":"child-yellow"}
{"event":"buffer-release","sequence":177,"controlSequence":60,"rootCommits":23,"childCommits":30,"serial":151,"width":320,"height":240,"monotonicNs":281231425996694}
{"event":"server-barrier","sequence":178,"controlSequence":60,"rootCommits":23,"childCommits":30,"serial":151,"width":320,"height":240,"monotonicNs":281231426017247,"command":"child-yellow","barrierControl":60}
{"event":"buffercommit","sequence":179,"controlSequence":61,"rootCommits":23,"childCommits":31,"serial":151,"width":320,"height":240,"monotonicNs":281231527267260}
{"event":"request","sequence":180,"controlSequence":61,"rootCommits":23,"childCommits":31,"serial":151,"width":320,"height":240,"monotonicNs":281231527279029,"command":"child-blue"}
{"event":"buffer-release","sequence":181,"controlSequence":61,"rootCommits":23,"childCommits":31,"serial":151,"width":320,"height":240,"monotonicNs":281231527730946}
{"event":"server-barrier","sequence":182,"controlSequence":61,"rootCommits":23,"childCommits":31,"serial":151,"width":320,"height":240,"monotonicNs":281231527738015,"command":"child-blue","barrierControl":61}
{"event":"ack-configure","sequence":183,"controlSequence":61,"rootCommits":23,"childCommits":31,"serial":154,"width":320,"height":240,"monotonicNs":281231565855144}
{"event":"ack-configure","sequence":184,"controlSequence":61,"rootCommits":23,"childCommits":31,"serial":200,"width":320,"height":240,"monotonicNs":281249239989118}
{"event":"buffercommit","sequence":185,"controlSequence":62,"rootCommits":23,"childCommits":32,"serial":200,"width":320,"height":240,"monotonicNs":281255089664587}
{"event":"request","sequence":186,"controlSequence":62,"rootCommits":23,"childCommits":32,"serial":200,"width":320,"height":240,"monotonicNs":281255089676447,"command":"child-yellow"}
{"event":"buffer-release","sequence":187,"controlSequence":62,"rootCommits":23,"childCommits":32,"serial":200,"width":320,"height":240,"monotonicNs":281255089970209}
{"event":"server-barrier","sequence":188,"controlSequence":62,"rootCommits":23,"childCommits":32,"serial":200,"width":320,"height":240,"monotonicNs":281255090132172,"command":"child-yellow","barrierControl":62}
{"event":"ack-configure","sequence":189,"controlSequence":62,"rootCommits":23,"childCommits":32,"serial":216,"width":320,"height":240,"monotonicNs":281255212406201}
{"event":"buffercommit","sequence":190,"controlSequence":63,"rootCommits":23,"childCommits":33,"serial":216,"width":320,"height":240,"monotonicNs":281261341155425}
{"event":"request","sequence":191,"controlSequence":63,"rootCommits":23,"childCommits":33,"serial":216,"width":320,"height":240,"monotonicNs":281261341170613,"command":"child-blue"}
{"event":"buffer-release","sequence":192,"controlSequence":63,"rootCommits":23,"childCommits":33,"serial":216,"width":320,"height":240,"monotonicNs":281261342061013}
{"event":"server-barrier","sequence":193,"controlSequence":63,"rootCommits":23,"childCommits":33,"serial":216,"width":320,"height":240,"monotonicNs":281261342199747,"command":"child-blue","barrierControl":63}
{"event":"ack-configure","sequence":194,"controlSequence":63,"rootCommits":23,"childCommits":33,"serial":241,"width":320,"height":240,"monotonicNs":281262143396468}
{"event":"ack-configure","sequence":195,"controlSequence":63,"rootCommits":23,"childCommits":33,"serial":256,"width":320,"height":240,"monotonicNs":281267722123565}
{"event":"request","sequence":196,"controlSequence":64,"rootCommits":23,"childCommits":33,"serial":256,"width":320,"height":240,"monotonicNs":281267747367470,"command":"popup-create"}
{"event":"server-barrier","sequence":197,"controlSequence":64,"rootCommits":23,"childCommits":33,"serial":256,"width":320,"height":240,"monotonicNs":281267747503234,"command":"popup-create","barrierControl":64}
{"event":"buffercommit","sequence":198,"controlSequence":64,"rootCommits":23,"childCommits":33,"serial":256,"width":320,"height":240,"monotonicNs":281267747548953}
{"event":"popup-buffercommit","sequence":199,"controlSequence":64,"rootCommits":23,"childCommits":33,"serial":256,"width":320,"height":240,"monotonicNs":281267747553172,"popupCommits":2,"popupSerial":257,"popupColor":4278255615}
{"event":"popup-configured","sequence":200,"controlSequence":64,"rootCommits":23,"childCommits":33,"serial":256,"width":320,"height":240,"monotonicNs":281267747555300,"popupSerial":257,"popupCommits":2,"popupGeometry":[291,211,64,48]}
{"event":"buffer-release","sequence":201,"controlSequence":64,"rootCommits":23,"childCommits":33,"serial":256,"width":320,"height":240,"monotonicNs":281267747850450}
{"event":"buffercommit","sequence":202,"controlSequence":65,"rootCommits":23,"childCommits":33,"serial":256,"width":320,"height":240,"monotonicNs":281267848807204}
{"event":"popup-buffercommit","sequence":203,"controlSequence":65,"rootCommits":23,"childCommits":33,"serial":256,"width":320,"height":240,"monotonicNs":281267848818958,"popupCommits":3,"popupSerial":257,"popupColor":4294967040}
{"event":"request","sequence":204,"controlSequence":65,"rootCommits":23,"childCommits":33,"serial":256,"width":320,"height":240,"monotonicNs":281267848821328,"command":"popup-yellow"}
{"event":"buffer-release","sequence":205,"controlSequence":65,"rootCommits":23,"childCommits":33,"serial":256,"width":320,"height":240,"monotonicNs":281267849123638}
{"event":"server-barrier","sequence":206,"controlSequence":65,"rootCommits":23,"childCommits":33,"serial":256,"width":320,"height":240,"monotonicNs":281267849130089,"command":"popup-yellow","barrierControl":65}
{"event":"request","sequence":207,"controlSequence":66,"rootCommits":23,"childCommits":33,"serial":256,"width":320,"height":240,"monotonicNs":281267949825880,"command":"popup-reposition"}
{"event":"popup-repositioned","sequence":208,"controlSequence":66,"rootCommits":23,"childCommits":33,"serial":256,"width":320,"height":240,"monotonicNs":281267950061686,"repositionToken":1}
{"event":"server-barrier","sequence":209,"controlSequence":66,"rootCommits":23,"childCommits":33,"serial":256,"width":320,"height":240,"monotonicNs":281267950064205,"command":"popup-reposition","barrierControl":66}
{"event":"buffercommit","sequence":210,"controlSequence":66,"rootCommits":23,"childCommits":33,"serial":256,"width":320,"height":240,"monotonicNs":281267950097014}
{"event":"popup-buffercommit","sequence":211,"controlSequence":66,"rootCommits":23,"childCommits":33,"serial":256,"width":320,"height":240,"monotonicNs":281267950098820,"popupCommits":4,"popupSerial":258,"popupColor":4294967040}
{"event":"popup-configured","sequence":212,"controlSequence":66,"rootCommits":23,"childCommits":33,"serial":256,"width":320,"height":240,"monotonicNs":281267950100114,"popupSerial":258,"popupCommits":4,"popupGeometry":[101,81,64,48]}
{"event":"buffer-release","sequence":213,"controlSequence":66,"rootCommits":23,"childCommits":33,"serial":256,"width":320,"height":240,"monotonicNs":281267950389705}
{"event":"popup-destroyed","sequence":214,"controlSequence":67,"rootCommits":23,"childCommits":33,"serial":256,"width":320,"height":240,"monotonicNs":281268001449120}
{"event":"request","sequence":215,"controlSequence":67,"rootCommits":23,"childCommits":33,"serial":256,"width":320,"height":240,"monotonicNs":281268001465495,"command":"popup-destroy"}
{"event":"server-barrier","sequence":216,"controlSequence":67,"rootCommits":23,"childCommits":33,"serial":256,"width":320,"height":240,"monotonicNs":281268001822163,"command":"popup-destroy","barrierControl":67}
{"event":"request","sequence":217,"controlSequence":68,"rootCommits":23,"childCommits":33,"serial":256,"width":320,"height":240,"monotonicNs":281268077121305,"command":"popup-create"}
{"event":"server-barrier","sequence":218,"controlSequence":68,"rootCommits":23,"childCommits":33,"serial":256,"width":320,"height":240,"monotonicNs":281268077387933,"command":"popup-create","barrierControl":68}
{"event":"buffercommit","sequence":219,"controlSequence":68,"rootCommits":23,"childCommits":33,"serial":256,"width":320,"height":240,"monotonicNs":281268077419203}
{"event":"popup-buffercommit","sequence":220,"controlSequence":68,"rootCommits":23,"childCommits":33,"serial":256,"width":320,"height":240,"monotonicNs":281268077421266,"popupCommits":6,"popupSerial":259,"popupColor":4278255615}
{"event":"popup-configured","sequence":221,"controlSequence":68,"rootCommits":23,"childCommits":33,"serial":256,"width":320,"height":240,"monotonicNs":281268077422739,"popupSerial":259,"popupCommits":6,"popupGeometry":[291,211,64,48]}
{"event":"buffer-release","sequence":222,"controlSequence":68,"rootCommits":23,"childCommits":33,"serial":256,"width":320,"height":240,"monotonicNs":281268077847242}
{"event":"popup-destroyed","sequence":223,"controlSequence":69,"rootCommits":23,"childCommits":33,"serial":256,"width":320,"height":240,"monotonicNs":281268153752138}
{"event":"request","sequence":224,"controlSequence":69,"rootCommits":23,"childCommits":33,"serial":256,"width":320,"height":240,"monotonicNs":281268153764043,"command":"popup-destroy"}
{"event":"server-barrier","sequence":225,"controlSequence":69,"rootCommits":23,"childCommits":33,"serial":256,"width":320,"height":240,"monotonicNs":281268154100161,"command":"popup-destroy","barrierControl":69}
{"event":"request","sequence":226,"controlSequence":70,"rootCommits":23,"childCommits":33,"serial":256,"width":320,"height":240,"monotonicNs":281268204282809,"command":"popup-create"}
{"event":"server-barrier","sequence":227,"controlSequence":70,"rootCommits":23,"childCommits":33,"serial":256,"width":320,"height":240,"monotonicNs":281268204532316,"command":"popup-create","barrierControl":70}
{"event":"buffercommit","sequence":228,"controlSequence":70,"rootCommits":23,"childCommits":33,"serial":256,"width":320,"height":240,"monotonicNs":281268204568945}
{"event":"popup-buffercommit","sequence":229,"controlSequence":70,"rootCommits":23,"childCommits":33,"serial":256,"width":320,"height":240,"monotonicNs":281268204571036,"popupCommits":8,"popupSerial":260,"popupColor":4278255615}
{"event":"popup-configured","sequence":230,"controlSequence":70,"rootCommits":23,"childCommits":33,"serial":256,"width":320,"height":240,"monotonicNs":281268204572513,"popupSerial":260,"popupCommits":8,"popupGeometry":[291,211,64,48]}
{"event":"buffer-release","sequence":231,"controlSequence":70,"rootCommits":23,"childCommits":33,"serial":256,"width":320,"height":240,"monotonicNs":281268204879239}
{"event":"buffercommit","sequence":232,"controlSequence":71,"rootCommits":23,"childCommits":33,"serial":256,"width":320,"height":240,"monotonicNs":281268230649519}
{"event":"popup-buffercommit","sequence":233,"controlSequence":71,"rootCommits":23,"childCommits":33,"serial":256,"width":320,"height":240,"monotonicNs":281268230660686,"popupCommits":9,"popupSerial":260,"popupColor":4294967040}
{"event":"request","sequence":234,"controlSequence":71,"rootCommits":23,"childCommits":33,"serial":256,"width":320,"height":240,"monotonicNs":281268230662758,"command":"popup-yellow"}
{"event":"buffer-release","sequence":235,"controlSequence":71,"rootCommits":23,"childCommits":33,"serial":256,"width":320,"height":240,"monotonicNs":281268230968360}
{"event":"server-barrier","sequence":236,"controlSequence":71,"rootCommits":23,"childCommits":33,"serial":256,"width":320,"height":240,"monotonicNs":281268230975062,"command":"popup-yellow","barrierControl":71}
{"event":"popup-destroyed","sequence":237,"controlSequence":72,"rootCommits":23,"childCommits":33,"serial":256,"width":320,"height":240,"monotonicNs":281268281660190}
{"event":"request","sequence":238,"controlSequence":72,"rootCommits":23,"childCommits":33,"serial":256,"width":320,"height":240,"monotonicNs":281268281671390,"command":"popup-destroy"}
{"event":"server-barrier","sequence":239,"controlSequence":72,"rootCommits":23,"childCommits":33,"serial":256,"width":320,"height":240,"monotonicNs":281268282131523,"command":"popup-destroy","barrierControl":72}
{"event":"request","sequence":240,"controlSequence":73,"rootCommits":23,"childCommits":33,"serial":256,"width":320,"height":240,"monotonicNs":281268332307701,"command":"popup-create"}
{"event":"server-barrier","sequence":241,"controlSequence":73,"rootCommits":23,"childCommits":33,"serial":256,"width":320,"height":240,"monotonicNs":281268332546674,"command":"popup-create","barrierControl":73}
{"event":"buffercommit","sequence":242,"controlSequence":73,"rootCommits":23,"childCommits":33,"serial":256,"width":320,"height":240,"monotonicNs":281268332582438}
{"event":"popup-buffercommit","sequence":243,"controlSequence":73,"rootCommits":23,"childCommits":33,"serial":256,"width":320,"height":240,"monotonicNs":281268332584979,"popupCommits":11,"popupSerial":261,"popupColor":4278255615}
{"event":"popup-configured","sequence":244,"controlSequence":73,"rootCommits":23,"childCommits":33,"serial":256,"width":320,"height":240,"monotonicNs":281268332589508,"popupSerial":261,"popupCommits":11,"popupGeometry":[291,211,64,48]}
{"event":"buffer-release","sequence":245,"controlSequence":73,"rootCommits":23,"childCommits":33,"serial":256,"width":320,"height":240,"monotonicNs":281268332957052}
{"event":"request","sequence":246,"controlSequence":74,"rootCommits":23,"childCommits":33,"serial":256,"width":320,"height":240,"monotonicNs":281268383514276,"command":"popup-reposition"}
{"event":"popup-repositioned","sequence":247,"controlSequence":74,"rootCommits":23,"childCommits":33,"serial":256,"width":320,"height":240,"monotonicNs":281268383747212,"repositionToken":2}
{"event":"server-barrier","sequence":248,"controlSequence":74,"rootCommits":23,"childCommits":33,"serial":256,"width":320,"height":240,"monotonicNs":281268383749709,"command":"popup-reposition","barrierControl":74}
{"event":"buffercommit","sequence":249,"controlSequence":74,"rootCommits":23,"childCommits":33,"serial":256,"width":320,"height":240,"monotonicNs":281268383780522}
{"event":"popup-buffercommit","sequence":250,"controlSequence":74,"rootCommits":23,"childCommits":33,"serial":256,"width":320,"height":240,"monotonicNs":281268383782070,"popupCommits":12,"popupSerial":262,"popupColor":4278255615}
{"event":"popup-configured","sequence":251,"controlSequence":74,"rootCommits":23,"childCommits":33,"serial":256,"width":320,"height":240,"monotonicNs":281268383783759,"popupSerial":262,"popupCommits":12,"popupGeometry":[101,81,64,48]}
{"event":"buffer-release","sequence":252,"controlSequence":74,"rootCommits":23,"childCommits":33,"serial":256,"width":320,"height":240,"monotonicNs":281268384034207}
{"event":"popup-destroyed","sequence":253,"controlSequence":75,"rootCommits":23,"childCommits":33,"serial":256,"width":320,"height":240,"monotonicNs":281268434870931}
{"event":"request","sequence":254,"controlSequence":75,"rootCommits":23,"childCommits":33,"serial":256,"width":320,"height":240,"monotonicNs":281268434882238,"command":"popup-destroy"}
{"event":"server-barrier","sequence":255,"controlSequence":75,"rootCommits":23,"childCommits":33,"serial":256,"width":320,"height":240,"monotonicNs":281268435251785,"command":"popup-destroy","barrierControl":75}
{"event":"request","sequence":256,"controlSequence":76,"rootCommits":23,"childCommits":33,"serial":256,"width":320,"height":240,"monotonicNs":281268485420095,"command":"popup-create"}
{"event":"server-barrier","sequence":257,"controlSequence":76,"rootCommits":23,"childCommits":33,"serial":256,"width":320,"height":240,"monotonicNs":281268485779233,"command":"popup-create","barrierControl":76}
{"event":"buffercommit","sequence":258,"controlSequence":76,"rootCommits":23,"childCommits":33,"serial":256,"width":320,"height":240,"monotonicNs":281268485822819}
{"event":"popup-buffercommit","sequence":259,"controlSequence":76,"rootCommits":23,"childCommits":33,"serial":256,"width":320,"height":240,"monotonicNs":281268485825493,"popupCommits":14,"popupSerial":263,"popupColor":4278255615}
{"event":"popup-configured","sequence":260,"controlSequence":76,"rootCommits":23,"childCommits":33,"serial":256,"width":320,"height":240,"monotonicNs":281268485826837,"popupSerial":263,"popupCommits":14,"popupGeometry":[291,211,64,48]}
{"event":"buffer-release","sequence":261,"controlSequence":76,"rootCommits":23,"childCommits":33,"serial":256,"width":320,"height":240,"monotonicNs":281268486115872}
{"event":"buffercommit","sequence":262,"controlSequence":77,"rootCommits":23,"childCommits":33,"serial":256,"width":320,"height":240,"monotonicNs":281268511915899}
{"event":"popup-buffercommit","sequence":263,"controlSequence":77,"rootCommits":23,"childCommits":33,"serial":256,"width":320,"height":240,"monotonicNs":281268511924691,"popupCommits":15,"popupSerial":263,"popupColor":4294967040}
{"event":"request","sequence":264,"controlSequence":77,"rootCommits":23,"childCommits":33,"serial":256,"width":320,"height":240,"monotonicNs":281268511929874,"command":"popup-yellow"}
{"event":"buffer-release","sequence":265,"controlSequence":77,"rootCommits":23,"childCommits":33,"serial":256,"width":320,"height":240,"monotonicNs":281268512265712}
{"event":"server-barrier","sequence":266,"controlSequence":77,"rootCommits":23,"childCommits":33,"serial":256,"width":320,"height":240,"monotonicNs":281268512282436,"command":"popup-yellow","barrierControl":77}
{"event":"popup-destroyed","sequence":267,"controlSequence":78,"rootCommits":23,"childCommits":33,"serial":256,"width":320,"height":240,"monotonicNs":281268565306655}
{"event":"request","sequence":268,"controlSequence":78,"rootCommits":23,"childCommits":33,"serial":256,"width":320,"height":240,"monotonicNs":281268565323464,"command":"popup-destroy"}
{"event":"server-barrier","sequence":269,"controlSequence":78,"rootCommits":23,"childCommits":33,"serial":256,"width":320,"height":240,"monotonicNs":281268565644664,"command":"popup-destroy","barrierControl":78}
{"event":"request","sequence":270,"controlSequence":79,"rootCommits":23,"childCommits":33,"serial":256,"width":320,"height":240,"monotonicNs":281268615892707,"command":"popup-create"}
{"event":"server-barrier","sequence":271,"controlSequence":79,"rootCommits":23,"childCommits":33,"serial":256,"width":320,"height":240,"monotonicNs":281268616244124,"command":"popup-create","barrierControl":79}
{"event":"buffercommit","sequence":272,"controlSequence":79,"rootCommits":23,"childCommits":33,"serial":256,"width":320,"height":240,"monotonicNs":281268616295729}
{"event":"popup-buffercommit","sequence":273,"controlSequence":79,"rootCommits":23,"childCommits":33,"serial":256,"width":320,"height":240,"monotonicNs":281268616298772,"popupCommits":17,"popupSerial":264,"popupColor":4278255615}
{"event":"popup-configured","sequence":274,"controlSequence":79,"rootCommits":23,"childCommits":33,"serial":256,"width":320,"height":240,"monotonicNs":281268616300253,"popupSerial":264,"popupCommits":17,"popupGeometry":[291,211,64,48]}
{"event":"buffer-release","sequence":275,"controlSequence":79,"rootCommits":23,"childCommits":33,"serial":256,"width":320,"height":240,"monotonicNs":281268616622781}
{"event":"popup-destroyed","sequence":276,"controlSequence":80,"rootCommits":23,"childCommits":33,"serial":256,"width":320,"height":240,"monotonicNs":281268667310590}
{"event":"request","sequence":277,"controlSequence":80,"rootCommits":23,"childCommits":33,"serial":256,"width":320,"height":240,"monotonicNs":281268667322449,"command":"popup-destroy"}
{"event":"server-barrier","sequence":278,"controlSequence":80,"rootCommits":23,"childCommits":33,"serial":256,"width":320,"height":240,"monotonicNs":281268667720577,"command":"popup-destroy","barrierControl":80}
{"event":"request","sequence":279,"controlSequence":81,"rootCommits":23,"childCommits":33,"serial":256,"width":320,"height":240,"monotonicNs":281268718015320,"command":"modal-create"}
{"event":"server-barrier","sequence":280,"controlSequence":81,"rootCommits":23,"childCommits":33,"serial":256,"width":320,"height":240,"monotonicNs":281268718439996,"command":"modal-create","barrierControl":81}
{"event":"buffercommit","sequence":281,"controlSequence":81,"rootCommits":23,"childCommits":33,"serial":256,"width":320,"height":240,"monotonicNs":281268718495078}
{"event":"modal-buffercommit","sequence":282,"controlSequence":81,"rootCommits":23,"childCommits":33,"serial":256,"width":320,"height":240,"monotonicNs":281268718498205,"modalCommits":2,"modalSerial":265,"modalColor":4294902015,"modalSize":[96,64]}
{"event":"modal-configured","sequence":283,"controlSequence":81,"rootCommits":23,"childCommits":33,"serial":256,"width":320,"height":240,"monotonicNs":281268718499763,"modalSerial":265,"modalCommits":2}
{"event":"buffer-release","sequence":284,"controlSequence":81,"rootCommits":23,"childCommits":33,"serial":256,"width":320,"height":240,"monotonicNs":281268719048787}
{"event":"modal-configured","sequence":285,"controlSequence":81,"rootCommits":23,"childCommits":33,"serial":256,"width":320,"height":240,"monotonicNs":281268719070150,"modalSerial":266,"modalCommits":2}
{"event":"ack-configure","sequence":286,"controlSequence":81,"rootCommits":23,"childCommits":33,"serial":267,"width":320,"height":240,"monotonicNs":281268719077832}
{"event":"modal-configured","sequence":287,"controlSequence":81,"rootCommits":23,"childCommits":33,"serial":267,"width":320,"height":240,"monotonicNs":281268755958216,"modalSerial":268,"modalCommits":2}
{"event":"buffercommit","sequence":288,"controlSequence":82,"rootCommits":23,"childCommits":33,"serial":267,"width":320,"height":240,"monotonicNs":281268781147182}
{"event":"modal-buffercommit","sequence":289,"controlSequence":82,"rootCommits":23,"childCommits":33,"serial":267,"width":320,"height":240,"monotonicNs":281268781159964,"modalCommits":3,"modalSerial":268,"modalColor":4294967040,"modalSize":[96,64]}
{"event":"request","sequence":290,"controlSequence":82,"rootCommits":23,"childCommits":33,"serial":267,"width":320,"height":240,"monotonicNs":281268781163131,"command":"modal-yellow"}
{"event":"buffer-release","sequence":291,"controlSequence":82,"rootCommits":23,"childCommits":33,"serial":267,"width":320,"height":240,"monotonicNs":281268781360393}
{"event":"server-barrier","sequence":292,"controlSequence":82,"rootCommits":23,"childCommits":33,"serial":267,"width":320,"height":240,"monotonicNs":281268781379208,"command":"modal-yellow","barrierControl":82}
{"event":"request","sequence":293,"controlSequence":83,"rootCommits":23,"childCommits":33,"serial":267,"width":320,"height":240,"monotonicNs":281268832228670,"command":"modal-unset"}
{"event":"server-barrier","sequence":294,"controlSequence":83,"rootCommits":23,"childCommits":33,"serial":267,"width":320,"height":240,"monotonicNs":281268832493839,"command":"modal-unset","barrierControl":83}
{"event":"modal-configured","sequence":295,"controlSequence":83,"rootCommits":23,"childCommits":33,"serial":267,"width":320,"height":240,"monotonicNs":281268853378484,"modalSerial":269,"modalCommits":3}
{"event":"ack-configure","sequence":296,"controlSequence":83,"rootCommits":23,"childCommits":33,"serial":270,"width":320,"height":240,"monotonicNs":281268853390789}
{"event":"request","sequence":297,"controlSequence":84,"rootCommits":23,"childCommits":33,"serial":270,"width":320,"height":240,"monotonicNs":281268878484973,"command":"modal-set"}
{"event":"server-barrier","sequence":298,"controlSequence":84,"rootCommits":23,"childCommits":33,"serial":270,"width":320,"height":240,"monotonicNs":281268878686589,"command":"modal-set","barrierControl":84}
{"event":"ack-configure","sequence":299,"controlSequence":84,"rootCommits":23,"childCommits":33,"serial":271,"width":320,"height":240,"monotonicNs":281268897110806}
{"event":"modal-configured","sequence":300,"controlSequence":84,"rootCommits":23,"childCommits":33,"serial":271,"width":320,"height":240,"monotonicNs":281268897124134,"modalSerial":272,"modalCommits":3}
{"event":"request","sequence":301,"controlSequence":85,"rootCommits":23,"childCommits":33,"serial":271,"width":320,"height":240,"monotonicNs":281268922207195,"command":"modal-unparent"}
{"event":"server-barrier","sequence":302,"controlSequence":85,"rootCommits":23,"childCommits":33,"serial":271,"width":320,"height":240,"monotonicNs":281268922240758,"command":"modal-unparent","barrierControl":85}
{"event":"modal-configured","sequence":303,"controlSequence":85,"rootCommits":23,"childCommits":33,"serial":271,"width":320,"height":240,"monotonicNs":281268941977932,"modalSerial":273,"modalCommits":3}
{"event":"ack-configure","sequence":304,"controlSequence":85,"rootCommits":23,"childCommits":33,"serial":274,"width":320,"height":240,"monotonicNs":281268942007218}
{"event":"request","sequence":305,"controlSequence":86,"rootCommits":23,"childCommits":33,"serial":274,"width":320,"height":240,"monotonicNs":281268967103382,"command":"modal-reparent"}
{"event":"server-barrier","sequence":306,"controlSequence":86,"rootCommits":23,"childCommits":33,"serial":274,"width":320,"height":240,"monotonicNs":281268967441280,"command":"modal-reparent","barrierControl":86}
{"event":"ack-configure","sequence":307,"controlSequence":86,"rootCommits":23,"childCommits":33,"serial":275,"width":320,"height":240,"monotonicNs":281268986481935}
{"event":"modal-configured","sequence":308,"controlSequence":86,"rootCommits":23,"childCommits":33,"serial":275,"width":320,"height":240,"monotonicNs":281268986509291,"modalSerial":276,"modalCommits":3}
{"event":"ack-configure","sequence":309,"controlSequence":86,"rootCommits":23,"childCommits":33,"serial":277,"width":320,"height":240,"monotonicNs":281268988016030}
{"event":"modal-configured","sequence":310,"controlSequence":86,"rootCommits":23,"childCommits":33,"serial":277,"width":320,"height":240,"monotonicNs":281268988037116,"modalSerial":278,"modalCommits":3}
{"event":"ack-configure","sequence":311,"controlSequence":86,"rootCommits":23,"childCommits":33,"serial":280,"width":320,"height":240,"monotonicNs":281268989127429}
{"event":"modal-configured","sequence":312,"controlSequence":86,"rootCommits":23,"childCommits":33,"serial":280,"width":320,"height":240,"monotonicNs":281268989132075,"modalSerial":281,"modalCommits":3}
{"event":"modal-destroyed","sequence":313,"controlSequence":87,"rootCommits":23,"childCommits":33,"serial":280,"width":320,"height":240,"monotonicNs":281269014239955}
{"event":"request","sequence":314,"controlSequence":87,"rootCommits":23,"childCommits":33,"serial":280,"width":320,"height":240,"monotonicNs":281269014249721,"command":"modal-destroy"}
{"event":"server-barrier","sequence":315,"controlSequence":87,"rootCommits":23,"childCommits":33,"serial":280,"width":320,"height":240,"monotonicNs":281269014691680,"command":"modal-destroy","barrierControl":87}
{"event":"ack-configure","sequence":316,"controlSequence":87,"rootCommits":23,"childCommits":33,"serial":285,"width":320,"height":240,"monotonicNs":281269014702799}
{"event":"request","sequence":317,"controlSequence":88,"rootCommits":23,"childCommits":33,"serial":285,"width":320,"height":240,"monotonicNs":281269039805465,"command":"modal-create"}
{"event":"server-barrier","sequence":318,"controlSequence":88,"rootCommits":23,"childCommits":33,"serial":285,"width":320,"height":240,"monotonicNs":281269040049061,"command":"modal-create","barrierControl":88}
{"event":"buffercommit","sequence":319,"controlSequence":88,"rootCommits":23,"childCommits":33,"serial":285,"width":320,"height":240,"monotonicNs":281269040086766}
{"event":"modal-buffercommit","sequence":320,"controlSequence":88,"rootCommits":23,"childCommits":33,"serial":285,"width":320,"height":240,"monotonicNs":281269040088666,"modalCommits":5,"modalSerial":286,"modalColor":4294902015,"modalSize":[96,64]}
{"event":"modal-configured","sequence":321,"controlSequence":88,"rootCommits":23,"childCommits":33,"serial":285,"width":320,"height":240,"monotonicNs":281269040090935,"modalSerial":286,"modalCommits":5}
{"event":"buffer-release","sequence":322,"controlSequence":88,"rootCommits":23,"childCommits":33,"serial":285,"width":320,"height":240,"monotonicNs":281269040580465}
{"event":"modal-configured","sequence":323,"controlSequence":88,"rootCommits":23,"childCommits":33,"serial":285,"width":320,"height":240,"monotonicNs":281269040587865,"modalSerial":287,"modalCommits":5}
{"event":"modal-destroyed","sequence":324,"controlSequence":89,"rootCommits":23,"childCommits":33,"serial":285,"width":320,"height":240,"monotonicNs":281269091236089}
{"event":"request","sequence":325,"controlSequence":89,"rootCommits":23,"childCommits":33,"serial":285,"width":320,"height":240,"monotonicNs":281269091253566,"command":"modal-destroy"}
{"event":"server-barrier","sequence":326,"controlSequence":89,"rootCommits":23,"childCommits":33,"serial":285,"width":320,"height":240,"monotonicNs":281269091690624,"command":"modal-destroy","barrierControl":89}
{"event":"ack-configure","sequence":327,"controlSequence":89,"rootCommits":23,"childCommits":33,"serial":291,"width":320,"height":240,"monotonicNs":281269091693552}
{"event":"request","sequence":328,"controlSequence":90,"rootCommits":23,"childCommits":33,"serial":291,"width":320,"height":240,"monotonicNs":281269141937398,"command":"modal-create"}
{"event":"server-barrier","sequence":329,"controlSequence":90,"rootCommits":23,"childCommits":33,"serial":291,"width":320,"height":240,"monotonicNs":281269142343288,"command":"modal-create","barrierControl":90}
{"event":"buffercommit","sequence":330,"controlSequence":90,"rootCommits":23,"childCommits":33,"serial":291,"width":320,"height":240,"monotonicNs":281269142396482}
{"event":"modal-buffercommit","sequence":331,"controlSequence":90,"rootCommits":23,"childCommits":33,"serial":291,"width":320,"height":240,"monotonicNs":281269142400176,"modalCommits":7,"modalSerial":292,"modalColor":4294902015,"modalSize":[96,64]}
{"event":"modal-configured","sequence":332,"controlSequence":90,"rootCommits":23,"childCommits":33,"serial":291,"width":320,"height":240,"monotonicNs":281269142401926,"modalSerial":292,"modalCommits":7}
{"event":"buffer-release","sequence":333,"controlSequence":90,"rootCommits":23,"childCommits":33,"serial":291,"width":320,"height":240,"monotonicNs":281269142966132}
{"event":"modal-configured","sequence":334,"controlSequence":90,"rootCommits":23,"childCommits":33,"serial":291,"width":320,"height":240,"monotonicNs":281269142988985,"modalSerial":293,"modalCommits":7}
{"event":"modal-destroyed","sequence":335,"controlSequence":91,"rootCommits":23,"childCommits":33,"serial":291,"width":320,"height":240,"monotonicNs":281269194096249}
{"event":"request","sequence":336,"controlSequence":91,"rootCommits":23,"childCommits":33,"serial":291,"width":320,"height":240,"monotonicNs":281269194112736,"command":"modal-destroy"}
{"event":"server-barrier","sequence":337,"controlSequence":91,"rootCommits":23,"childCommits":33,"serial":291,"width":320,"height":240,"monotonicNs":281269194532601,"command":"modal-destroy","barrierControl":91}
{"event":"ack-configure","sequence":338,"controlSequence":91,"rootCommits":23,"childCommits":33,"serial":297,"width":320,"height":240,"monotonicNs":281269194536051}
{"event":"request","sequence":339,"controlSequence":92,"rootCommits":23,"childCommits":33,"serial":297,"width":320,"height":240,"monotonicNs":281269244691695,"command":"modal-create"}
{"event":"server-barrier","sequence":340,"controlSequence":92,"rootCommits":23,"childCommits":33,"serial":297,"width":320,"height":240,"monotonicNs":281269244971791,"command":"modal-create","barrierControl":92}
{"event":"buffercommit","sequence":341,"controlSequence":92,"rootCommits":23,"childCommits":33,"serial":297,"width":320,"height":240,"monotonicNs":281269245022948}
{"event":"modal-buffercommit","sequence":342,"controlSequence":92,"rootCommits":23,"childCommits":33,"serial":297,"width":320,"height":240,"monotonicNs":281269245026465,"modalCommits":9,"modalSerial":298,"modalColor":4294902015,"modalSize":[96,64]}
{"event":"modal-configured","sequence":343,"controlSequence":92,"rootCommits":23,"childCommits":33,"serial":297,"width":320,"height":240,"monotonicNs":281269245028207,"modalSerial":298,"modalCommits":9}
{"event":"buffer-release","sequence":344,"controlSequence":92,"rootCommits":23,"childCommits":33,"serial":297,"width":320,"height":240,"monotonicNs":281269245659258}
{"event":"modal-configured","sequence":345,"controlSequence":92,"rootCommits":23,"childCommits":33,"serial":297,"width":320,"height":240,"monotonicNs":281269245678656,"modalSerial":299,"modalCommits":9}
{"event":"request","sequence":346,"controlSequence":93,"rootCommits":23,"childCommits":33,"serial":297,"width":320,"height":240,"monotonicNs":281269271198680,"command":"modal-unset"}
{"event":"server-barrier","sequence":347,"controlSequence":93,"rootCommits":23,"childCommits":33,"serial":297,"width":320,"height":240,"monotonicNs":281269271467091,"command":"modal-unset","barrierControl":93}
{"event":"request","sequence":348,"controlSequence":94,"rootCommits":23,"childCommits":33,"serial":297,"width":320,"height":240,"monotonicNs":281269321713619,"command":"modal-set"}
{"event":"server-barrier","sequence":349,"controlSequence":94,"rootCommits":23,"childCommits":33,"serial":297,"width":320,"height":240,"monotonicNs":281269322051468,"command":"modal-set","barrierControl":94}
{"event":"modal-destroyed","sequence":350,"controlSequence":95,"rootCommits":23,"childCommits":33,"serial":297,"width":320,"height":240,"monotonicNs":281269372229207}
{"event":"request","sequence":351,"controlSequence":95,"rootCommits":23,"childCommits":33,"serial":297,"width":320,"height":240,"monotonicNs":281269372246746,"command":"modal-destroy"}
{"event":"server-barrier","sequence":352,"controlSequence":95,"rootCommits":23,"childCommits":33,"serial":297,"width":320,"height":240,"monotonicNs":281269372854685,"command":"modal-destroy","barrierControl":95}
{"event":"ack-configure","sequence":353,"controlSequence":95,"rootCommits":23,"childCommits":33,"serial":303,"width":320,"height":240,"monotonicNs":281269372869109}
{"event":"request","sequence":354,"controlSequence":96,"rootCommits":23,"childCommits":33,"serial":303,"width":320,"height":240,"monotonicNs":281269423123181,"command":"modal-create"}
{"event":"server-barrier","sequence":355,"controlSequence":96,"rootCommits":23,"childCommits":33,"serial":303,"width":320,"height":240,"monotonicNs":281269423552298,"command":"modal-create","barrierControl":96}
{"event":"buffercommit","sequence":356,"controlSequence":96,"rootCommits":23,"childCommits":33,"serial":303,"width":320,"height":240,"monotonicNs":281269423604856}
{"event":"modal-buffercommit","sequence":357,"controlSequence":96,"rootCommits":23,"childCommits":33,"serial":303,"width":320,"height":240,"monotonicNs":281269423608345,"modalCommits":11,"modalSerial":304,"modalColor":4294902015,"modalSize":[96,64]}
{"event":"modal-configured","sequence":358,"controlSequence":96,"rootCommits":23,"childCommits":33,"serial":303,"width":320,"height":240,"monotonicNs":281269423610174,"modalSerial":304,"modalCommits":11}
{"event":"buffer-release","sequence":359,"controlSequence":96,"rootCommits":23,"childCommits":33,"serial":303,"width":320,"height":240,"monotonicNs":281269424183697}
{"event":"modal-configured","sequence":360,"controlSequence":96,"rootCommits":23,"childCommits":33,"serial":303,"width":320,"height":240,"monotonicNs":281269424205741,"modalSerial":305,"modalCommits":11}
{"event":"request","sequence":361,"controlSequence":97,"rootCommits":23,"childCommits":33,"serial":303,"width":320,"height":240,"monotonicNs":281269450502983,"command":"modal-unparent"}
{"event":"server-barrier","sequence":362,"controlSequence":97,"rootCommits":23,"childCommits":33,"serial":303,"width":320,"height":240,"monotonicNs":281269450804601,"command":"modal-unparent","barrierControl":97}
{"event":"request","sequence":363,"controlSequence":98,"rootCommits":23,"childCommits":33,"serial":303,"width":320,"height":240,"monotonicNs":281269501186756,"command":"modal-reparent"}
{"event":"server-barrier","sequence":364,"controlSequence":98,"rootCommits":23,"childCommits":33,"serial":303,"width":320,"height":240,"monotonicNs":281269501950716,"command":"modal-reparent","barrierControl":98}
{"event":"modal-destroyed","sequence":365,"controlSequence":99,"rootCommits":23,"childCommits":33,"serial":303,"width":320,"height":240,"monotonicNs":281269552257106}
{"event":"request","sequence":366,"controlSequence":99,"rootCommits":23,"childCommits":33,"serial":303,"width":320,"height":240,"monotonicNs":281269552269052,"command":"modal-destroy"}
{"event":"server-barrier","sequence":367,"controlSequence":99,"rootCommits":23,"childCommits":33,"serial":303,"width":320,"height":240,"monotonicNs":281269552716176,"command":"modal-destroy","barrierControl":99}
{"event":"ack-configure","sequence":368,"controlSequence":99,"rootCommits":23,"childCommits":33,"serial":309,"width":320,"height":240,"monotonicNs":281269552725971}
{"event":"request","sequence":369,"controlSequence":100,"rootCommits":23,"childCommits":33,"serial":309,"width":320,"height":240,"monotonicNs":281269603139018,"command":"modal-create"}
{"event":"server-barrier","sequence":370,"controlSequence":100,"rootCommits":23,"childCommits":33,"serial":309,"width":320,"height":240,"monotonicNs":281269603432532,"command":"modal-create","barrierControl":100}
{"event":"buffercommit","sequence":371,"controlSequence":100,"rootCommits":23,"childCommits":33,"serial":309,"width":320,"height":240,"monotonicNs":281269603488661}
{"event":"modal-buffercommit","sequence":372,"controlSequence":100,"rootCommits":23,"childCommits":33,"serial":309,"width":320,"height":240,"monotonicNs":281269603500915,"modalCommits":13,"modalSerial":310,"modalColor":4294902015,"modalSize":[96,64]}
{"event":"modal-configured","sequence":373,"controlSequence":100,"rootCommits":23,"childCommits":33,"serial":309,"width":320,"height":240,"monotonicNs":281269603503070,"modalSerial":310,"modalCommits":13}
{"event":"buffer-release","sequence":374,"controlSequence":100,"rootCommits":23,"childCommits":33,"serial":309,"width":320,"height":240,"monotonicNs":281269603960771}
{"event":"modal-configured","sequence":375,"controlSequence":100,"rootCommits":23,"childCommits":33,"serial":309,"width":320,"height":240,"monotonicNs":281269603977171,"modalSerial":311,"modalCommits":13}
{"event":"buffercommit","sequence":376,"controlSequence":101,"rootCommits":23,"childCommits":33,"serial":309,"width":320,"height":240,"monotonicNs":281269655240745}
{"event":"modal-buffercommit","sequence":377,"controlSequence":101,"rootCommits":23,"childCommits":33,"serial":309,"width":320,"height":240,"monotonicNs":281269655253113,"modalCommits":14,"modalSerial":311,"modalColor":4294967040,"modalSize":[96,64]}
{"event":"request","sequence":378,"controlSequence":101,"rootCommits":23,"childCommits":33,"serial":309,"width":320,"height":240,"monotonicNs":281269655256059,"command":"modal-yellow"}
{"event":"buffer-release","sequence":379,"controlSequence":101,"rootCommits":23,"childCommits":33,"serial":309,"width":320,"height":240,"monotonicNs":281269655475577}
{"event":"server-barrier","sequence":380,"controlSequence":101,"rootCommits":23,"childCommits":33,"serial":309,"width":320,"height":240,"monotonicNs":281269655494161,"command":"modal-yellow","barrierControl":101}
{"event":"modal-destroyed","sequence":381,"controlSequence":102,"rootCommits":23,"childCommits":33,"serial":309,"width":320,"height":240,"monotonicNs":281269681452908}
{"event":"request","sequence":382,"controlSequence":102,"rootCommits":23,"childCommits":33,"serial":309,"width":320,"height":240,"monotonicNs":281269681473881,"command":"modal-destroy"}
{"event":"server-barrier","sequence":383,"controlSequence":102,"rootCommits":23,"childCommits":33,"serial":309,"width":320,"height":240,"monotonicNs":281269681926325,"command":"modal-destroy","barrierControl":102}
{"event":"ack-configure","sequence":384,"controlSequence":102,"rootCommits":23,"childCommits":33,"serial":315,"width":320,"height":240,"monotonicNs":281269681937531}
{"event":"request","sequence":385,"controlSequence":103,"rootCommits":23,"childCommits":33,"serial":315,"width":320,"height":240,"monotonicNs":281269732172387,"command":"modal-create"}
{"event":"server-barrier","sequence":386,"controlSequence":103,"rootCommits":23,"childCommits":33,"serial":315,"width":320,"height":240,"monotonicNs":281269732466721,"command":"modal-create","barrierControl":103}
{"event":"buffercommit","sequence":387,"controlSequence":103,"rootCommits":23,"childCommits":33,"serial":315,"width":320,"height":240,"monotonicNs":281269732513349}
{"event":"modal-buffercommit","sequence":388,"controlSequence":103,"rootCommits":23,"childCommits":33,"serial":315,"width":320,"height":240,"monotonicNs":281269732517577,"modalCommits":16,"modalSerial":316,"modalColor":4294902015,"modalSize":[96,64]}
{"event":"modal-configured","sequence":389,"controlSequence":103,"rootCommits":23,"childCommits":33,"serial":315,"width":320,"height":240,"monotonicNs":281269732520091,"modalSerial":316,"modalCommits":16}
{"event":"buffer-release","sequence":390,"controlSequence":103,"rootCommits":23,"childCommits":33,"serial":315,"width":320,"height":240,"monotonicNs":281269733023871}
{"event":"modal-configured","sequence":391,"controlSequence":103,"rootCommits":23,"childCommits":33,"serial":315,"width":320,"height":240,"monotonicNs":281269733044114,"modalSerial":317,"modalCommits":16}
{"event":"modal-destroyed","sequence":392,"controlSequence":104,"rootCommits":23,"childCommits":33,"serial":315,"width":320,"height":240,"monotonicNs":281269784202932}
{"event":"request","sequence":393,"controlSequence":104,"rootCommits":23,"childCommits":33,"serial":315,"width":320,"height":240,"monotonicNs":281269784219988,"command":"modal-destroy"}
{"event":"server-barrier","sequence":394,"controlSequence":104,"rootCommits":23,"childCommits":33,"serial":315,"width":320,"height":240,"monotonicNs":281269784673509,"command":"modal-destroy","barrierControl":104}
{"event":"ack-configure","sequence":395,"controlSequence":104,"rootCommits":23,"childCommits":33,"serial":321,"width":320,"height":240,"monotonicNs":281269784682506}
{"event":"request","sequence":396,"controlSequence":105,"rootCommits":23,"childCommits":33,"serial":321,"width":320,"height":240,"monotonicNs":281269834927509,"command":"modal-create"}
{"event":"server-barrier","sequence":397,"controlSequence":105,"rootCommits":23,"childCommits":33,"serial":321,"width":320,"height":240,"monotonicNs":281269835136068,"command":"modal-create","barrierControl":105}
{"event":"buffercommit","sequence":398,"controlSequence":105,"rootCommits":23,"childCommits":33,"serial":321,"width":320,"height":240,"monotonicNs":281269835185363}
{"event":"modal-buffercommit","sequence":399,"controlSequence":105,"rootCommits":23,"childCommits":33,"serial":321,"width":320,"height":240,"monotonicNs":281269835188902,"modalCommits":18,"modalSerial":322,"modalColor":4294902015,"modalSize":[96,64]}
{"event":"modal-configured","sequence":400,"controlSequence":105,"rootCommits":23,"childCommits":33,"serial":321,"width":320,"height":240,"monotonicNs":281269835190781,"modalSerial":322,"modalCommits":18}
{"event":"buffer-release","sequence":401,"controlSequence":105,"rootCommits":23,"childCommits":33,"serial":321,"width":320,"height":240,"monotonicNs":281269835650135}
{"event":"modal-configured","sequence":402,"controlSequence":105,"rootCommits":23,"childCommits":33,"serial":321,"width":320,"height":240,"monotonicNs":281269835795161,"modalSerial":323,"modalCommits":18}
{"event":"modal-destroyed","sequence":403,"controlSequence":106,"rootCommits":23,"childCommits":33,"serial":321,"width":320,"height":240,"monotonicNs":281269861566055}
{"event":"request","sequence":404,"controlSequence":106,"rootCommits":23,"childCommits":33,"serial":321,"width":320,"height":240,"monotonicNs":281269861574281,"command":"modal-destroy"}
{"event":"server-barrier","sequence":405,"controlSequence":106,"rootCommits":23,"childCommits":33,"serial":321,"width":320,"height":240,"monotonicNs":281269861884157,"command":"modal-destroy","barrierControl":106}
{"event":"ack-configure","sequence":406,"controlSequence":106,"rootCommits":23,"childCommits":33,"serial":327,"width":320,"height":240,"monotonicNs":281269861891881}
{"event":"request","sequence":407,"controlSequence":107,"rootCommits":23,"childCommits":33,"serial":327,"width":320,"height":240,"monotonicNs":281269962261279,"command":"modal-create"}
{"event":"server-barrier","sequence":408,"controlSequence":107,"rootCommits":23,"childCommits":33,"serial":327,"width":320,"height":240,"monotonicNs":281269962417842,"command":"modal-create","barrierControl":107}
{"event":"buffercommit","sequence":409,"controlSequence":107,"rootCommits":23,"childCommits":33,"serial":327,"width":320,"height":240,"monotonicNs":281269962454547}
{"event":"modal-buffercommit","sequence":410,"controlSequence":107,"rootCommits":23,"childCommits":33,"serial":327,"width":320,"height":240,"monotonicNs":281269962458030,"modalCommits":20,"modalSerial":328,"modalColor":4294902015,"modalSize":[96,64]}
{"event":"modal-configured","sequence":411,"controlSequence":107,"rootCommits":23,"childCommits":33,"serial":327,"width":320,"height":240,"monotonicNs":281269962460288,"modalSerial":328,"modalCommits":20}
{"event":"buffer-release","sequence":412,"controlSequence":107,"rootCommits":23,"childCommits":33,"serial":327,"width":320,"height":240,"monotonicNs":281269962895134}
{"event":"modal-configured","sequence":413,"controlSequence":107,"rootCommits":23,"childCommits":33,"serial":327,"width":320,"height":240,"monotonicNs":281269962913865,"modalSerial":329,"modalCommits":20}
{"event":"buffercommit","sequence":414,"controlSequence":108,"rootCommits":23,"childCommits":33,"serial":327,"width":320,"height":240,"monotonicNs":281270071934074}
{"event":"modal-buffercommit","sequence":415,"controlSequence":108,"rootCommits":23,"childCommits":33,"serial":327,"width":320,"height":240,"monotonicNs":281270071946655,"modalCommits":21,"modalSerial":329,"modalColor":4294967040,"modalSize":[96,64]}
{"event":"request","sequence":416,"controlSequence":108,"rootCommits":23,"childCommits":33,"serial":327,"width":320,"height":240,"monotonicNs":281270071949317,"command":"modal-yellow"}
{"event":"buffer-release","sequence":417,"controlSequence":108,"rootCommits":23,"childCommits":33,"serial":327,"width":320,"height":240,"monotonicNs":281270072107755}
{"event":"server-barrier","sequence":418,"controlSequence":108,"rootCommits":23,"childCommits":33,"serial":327,"width":320,"height":240,"monotonicNs":281270072122332,"command":"modal-yellow","barrierControl":108}
{"event":"request","sequence":419,"controlSequence":109,"rootCommits":23,"childCommits":33,"serial":327,"width":320,"height":240,"monotonicNs":281270173248083,"command":"popup-create"}
{"event":"server-barrier","sequence":420,"controlSequence":109,"rootCommits":23,"childCommits":33,"serial":327,"width":320,"height":240,"monotonicNs":281270173461619,"command":"popup-create","barrierControl":109}
{"event":"buffercommit","sequence":421,"controlSequence":109,"rootCommits":23,"childCommits":33,"serial":327,"width":320,"height":240,"monotonicNs":281270173503469}
{"event":"popup-buffercommit","sequence":422,"controlSequence":109,"rootCommits":23,"childCommits":33,"serial":327,"width":320,"height":240,"monotonicNs":281270173506607,"popupCommits":19,"popupSerial":331,"popupColor":4278255615}
{"event":"popup-configured","sequence":423,"controlSequence":109,"rootCommits":23,"childCommits":33,"serial":327,"width":320,"height":240,"monotonicNs":281270173508731,"popupSerial":331,"popupCommits":19,"popupGeometry":[291,211,64,48]}
{"event":"buffer-release","sequence":424,"controlSequence":109,"rootCommits":23,"childCommits":33,"serial":327,"width":320,"height":240,"monotonicNs":281270173814428}
{"event":"popup-destroyed","sequence":425,"controlSequence":110,"rootCommits":23,"childCommits":33,"serial":327,"width":320,"height":240,"monotonicNs":281270250172468}
{"event":"request","sequence":426,"controlSequence":110,"rootCommits":23,"childCommits":33,"serial":327,"width":320,"height":240,"monotonicNs":281270250183144,"command":"popup-destroy"}
{"event":"server-barrier","sequence":427,"controlSequence":110,"rootCommits":23,"childCommits":33,"serial":327,"width":320,"height":240,"monotonicNs":281270250692541,"command":"popup-destroy","barrierControl":110}
{"event":"request","sequence":428,"controlSequence":111,"rootCommits":23,"childCommits":33,"serial":327,"width":320,"height":240,"monotonicNs":281270301029054,"command":"modal-unparent"}
{"event":"server-barrier","sequence":429,"controlSequence":111,"rootCommits":23,"childCommits":33,"serial":327,"width":320,"height":240,"monotonicNs":281270301198668,"command":"modal-unparent","barrierControl":111}
{"event":"request","sequence":430,"controlSequence":112,"rootCommits":23,"childCommits":33,"serial":327,"width":320,"height":240,"monotonicNs":281270401581389,"command":"modal-reparent"}
{"event":"server-barrier","sequence":431,"controlSequence":112,"rootCommits":23,"childCommits":33,"serial":327,"width":320,"height":240,"monotonicNs":281270401753321,"command":"modal-reparent","barrierControl":112}
{"event":"modal-destroyed","sequence":432,"controlSequence":113,"rootCommits":23,"childCommits":33,"serial":327,"width":320,"height":240,"monotonicNs":281270502267529}
{"event":"request","sequence":433,"controlSequence":113,"rootCommits":23,"childCommits":33,"serial":327,"width":320,"height":240,"monotonicNs":281270502279528,"command":"modal-destroy"}
{"event":"server-barrier","sequence":434,"controlSequence":113,"rootCommits":23,"childCommits":33,"serial":327,"width":320,"height":240,"monotonicNs":281270502689329,"command":"modal-destroy","barrierControl":113}
{"event":"ack-configure","sequence":435,"controlSequence":113,"rootCommits":23,"childCommits":33,"serial":334,"width":320,"height":240,"monotonicNs":281270502703614}
{"event":"request","sequence":436,"controlSequence":114,"rootCommits":23,"childCommits":33,"serial":334,"width":320,"height":240,"monotonicNs":281270628318354,"command":"modal-create"}
{"event":"server-barrier","sequence":437,"controlSequence":114,"rootCommits":23,"childCommits":33,"serial":334,"width":320,"height":240,"monotonicNs":281270628503805,"command":"modal-create","barrierControl":114}
{"event":"buffercommit","sequence":438,"controlSequence":114,"rootCommits":23,"childCommits":33,"serial":334,"width":320,"height":240,"monotonicNs":281270628550810}
{"event":"modal-buffercommit","sequence":439,"controlSequence":114,"rootCommits":23,"childCommits":33,"serial":334,"width":320,"height":240,"monotonicNs":281270628554071,"modalCommits":23,"modalSerial":335,"modalColor":4294902015,"modalSize":[96,64]}
{"event":"modal-configured","sequence":440,"controlSequence":114,"rootCommits":23,"childCommits":33,"serial":334,"width":320,"height":240,"monotonicNs":281270628555749,"modalSerial":335,"modalCommits":23}
{"event":"buffer-release","sequence":441,"controlSequence":114,"rootCommits":23,"childCommits":33,"serial":334,"width":320,"height":240,"monotonicNs":281270629009942}
{"event":"modal-configured","sequence":442,"controlSequence":114,"rootCommits":23,"childCommits":33,"serial":334,"width":320,"height":240,"monotonicNs":281270629026692,"modalSerial":336,"modalCommits":23}
{"event":"buffercommit","sequence":443,"controlSequence":115,"rootCommits":23,"childCommits":33,"serial":334,"width":320,"height":240,"monotonicNs":281270654517897}
{"event":"modal-buffercommit","sequence":444,"controlSequence":115,"rootCommits":23,"childCommits":33,"serial":334,"width":320,"height":240,"monotonicNs":281270654525831,"modalCommits":24,"modalSerial":336,"modalColor":4294967040,"modalSize":[96,64]}
{"event":"request","sequence":445,"controlSequence":115,"rootCommits":23,"childCommits":33,"serial":334,"width":320,"height":240,"monotonicNs":281270654527948,"command":"modal-yellow"}
{"event":"buffer-release","sequence":446,"controlSequence":115,"rootCommits":23,"childCommits":33,"serial":334,"width":320,"height":240,"monotonicNs":281270654808049}
{"event":"server-barrier","sequence":447,"controlSequence":115,"rootCommits":23,"childCommits":33,"serial":334,"width":320,"height":240,"monotonicNs":281270654825378,"command":"modal-yellow","barrierControl":115}
{"event":"request","sequence":448,"controlSequence":116,"rootCommits":23,"childCommits":33,"serial":334,"width":320,"height":240,"monotonicNs":281270705687498,"command":"popup-create"}
{"event":"server-barrier","sequence":449,"controlSequence":116,"rootCommits":23,"childCommits":33,"serial":334,"width":320,"height":240,"monotonicNs":281270705957044,"command":"popup-create","barrierControl":116}
{"event":"buffercommit","sequence":450,"controlSequence":116,"rootCommits":23,"childCommits":33,"serial":334,"width":320,"height":240,"monotonicNs":281270706005499}
{"event":"popup-buffercommit","sequence":451,"controlSequence":116,"rootCommits":23,"childCommits":33,"serial":334,"width":320,"height":240,"monotonicNs":281270706008847,"popupCommits":21,"popupSerial":338,"popupColor":4278255615}
{"event":"popup-configured","sequence":452,"controlSequence":116,"rootCommits":23,"childCommits":33,"serial":334,"width":320,"height":240,"monotonicNs":281270706010647,"popupSerial":338,"popupCommits":21,"popupGeometry":[291,211,64,48]}
{"event":"buffer-release","sequence":453,"controlSequence":116,"rootCommits":23,"childCommits":33,"serial":334,"width":320,"height":240,"monotonicNs":281270706277679}
{"event":"popup-destroyed","sequence":454,"controlSequence":117,"rootCommits":23,"childCommits":33,"serial":334,"width":320,"height":240,"monotonicNs":281270757299568}
{"event":"request","sequence":455,"controlSequence":117,"rootCommits":23,"childCommits":33,"serial":334,"width":320,"height":240,"monotonicNs":281270757314718,"command":"popup-destroy"}
{"event":"server-barrier","sequence":456,"controlSequence":117,"rootCommits":23,"childCommits":33,"serial":334,"width":320,"height":240,"monotonicNs":281270757591599,"command":"popup-destroy","barrierControl":117}
{"event":"modal-destroyed","sequence":457,"controlSequence":118,"rootCommits":23,"childCommits":33,"serial":334,"width":320,"height":240,"monotonicNs":281270858006760}
{"event":"request","sequence":458,"controlSequence":118,"rootCommits":23,"childCommits":33,"serial":334,"width":320,"height":240,"monotonicNs":281270858016895,"command":"modal-destroy"}
{"event":"server-barrier","sequence":459,"controlSequence":118,"rootCommits":23,"childCommits":33,"serial":334,"width":320,"height":240,"monotonicNs":281270858430636,"command":"modal-destroy","barrierControl":118}
{"event":"ack-configure","sequence":460,"controlSequence":118,"rootCommits":23,"childCommits":33,"serial":341,"width":320,"height":240,"monotonicNs":281270858434533}
{"event":"ack-configure","sequence":461,"controlSequence":118,"rootCommits":23,"childCommits":33,"serial":343,"width":320,"height":240,"monotonicNs":281270900926942}
{"event":"ack-configure","sequence":462,"controlSequence":118,"rootCommits":23,"childCommits":33,"serial":344,"width":320,"height":240,"monotonicNs":281270909316274}
{"event":"ack-configure","sequence":463,"controlSequence":118,"rootCommits":23,"childCommits":33,"serial":351,"width":320,"height":240,"monotonicNs":281270975030430}
{"event":"ack-configure","sequence":464,"controlSequence":118,"rootCommits":23,"childCommits":33,"serial":352,"width":320,"height":240,"monotonicNs":281270987305492}
{"event":"request","sequence":465,"controlSequence":119,"rootCommits":23,"childCommits":33,"serial":352,"width":320,"height":240,"monotonicNs":281271163119346,"command":"modal-create"}
{"event":"server-barrier","sequence":466,"controlSequence":119,"rootCommits":23,"childCommits":33,"serial":352,"width":320,"height":240,"monotonicNs":281271163410625,"command":"modal-create","barrierControl":119}
{"event":"buffercommit","sequence":467,"controlSequence":119,"rootCommits":23,"childCommits":33,"serial":352,"width":320,"height":240,"monotonicNs":281271163449510}
{"event":"modal-buffercommit","sequence":468,"controlSequence":119,"rootCommits":23,"childCommits":33,"serial":352,"width":320,"height":240,"monotonicNs":281271163452973,"modalCommits":26,"modalSerial":356,"modalColor":4294902015,"modalSize":[96,64]}
{"event":"modal-configured","sequence":469,"controlSequence":119,"rootCommits":23,"childCommits":33,"serial":352,"width":320,"height":240,"monotonicNs":281271163454987,"modalSerial":356,"modalCommits":26}
{"event":"buffer-release","sequence":470,"controlSequence":119,"rootCommits":23,"childCommits":33,"serial":352,"width":320,"height":240,"monotonicNs":281271163850719}
{"event":"modal-configured","sequence":471,"controlSequence":119,"rootCommits":23,"childCommits":33,"serial":352,"width":320,"height":240,"monotonicNs":281271163924820,"modalSerial":357,"modalCommits":26}
{"event":"buffercommit","sequence":472,"controlSequence":120,"rootCommits":23,"childCommits":33,"serial":352,"width":320,"height":240,"monotonicNs":281271214124850}
{"event":"modal-buffercommit","sequence":473,"controlSequence":120,"rootCommits":23,"childCommits":33,"serial":352,"width":320,"height":240,"monotonicNs":281271214134190,"modalCommits":27,"modalSerial":357,"modalColor":4294967040,"modalSize":[96,64]}
{"event":"request","sequence":474,"controlSequence":120,"rootCommits":23,"childCommits":33,"serial":352,"width":320,"height":240,"monotonicNs":281271214136263,"command":"modal-yellow"}
{"event":"buffer-release","sequence":475,"controlSequence":120,"rootCommits":23,"childCommits":33,"serial":352,"width":320,"height":240,"monotonicNs":281271214259104}
{"event":"server-barrier","sequence":476,"controlSequence":120,"rootCommits":23,"childCommits":33,"serial":352,"width":320,"height":240,"monotonicNs":281271214269843,"command":"modal-yellow","barrierControl":120}
{"event":"request","sequence":477,"controlSequence":121,"rootCommits":23,"childCommits":33,"serial":352,"width":320,"height":240,"monotonicNs":281271239956213,"command":"popup-create"}
{"event":"server-barrier","sequence":478,"controlSequence":121,"rootCommits":23,"childCommits":33,"serial":352,"width":320,"height":240,"monotonicNs":281271240104171,"command":"popup-create","barrierControl":121}
{"event":"buffercommit","sequence":479,"controlSequence":121,"rootCommits":23,"childCommits":33,"serial":352,"width":320,"height":240,"monotonicNs":281271240139585}
{"event":"popup-buffercommit","sequence":480,"controlSequence":121,"rootCommits":23,"childCommits":33,"serial":352,"width":320,"height":240,"monotonicNs":281271240143130,"popupCommits":23,"popupSerial":361,"popupColor":4278255615}
{"event":"popup-configured","sequence":481,"controlSequence":121,"rootCommits":23,"childCommits":33,"serial":352,"width":320,"height":240,"monotonicNs":281271240145453,"popupSerial":361,"popupCommits":23,"popupGeometry":[291,211,64,48]}
{"event":"buffer-release","sequence":482,"controlSequence":121,"rootCommits":23,"childCommits":33,"serial":352,"width":320,"height":240,"monotonicNs":281271240537176}
{"event":"popup-destroyed","sequence":483,"controlSequence":122,"rootCommits":23,"childCommits":33,"serial":352,"width":320,"height":240,"monotonicNs":281271341996856}
{"event":"request","sequence":484,"controlSequence":122,"rootCommits":23,"childCommits":33,"serial":352,"width":320,"height":240,"monotonicNs":281271342011721,"command":"popup-destroy"}
{"event":"server-barrier","sequence":485,"controlSequence":122,"rootCommits":23,"childCommits":33,"serial":352,"width":320,"height":240,"monotonicNs":281271342300832,"command":"popup-destroy","barrierControl":122}
{"event":"modal-destroyed","sequence":486,"controlSequence":123,"rootCommits":23,"childCommits":33,"serial":352,"width":320,"height":240,"monotonicNs":281271392481549}
{"event":"request","sequence":487,"controlSequence":123,"rootCommits":23,"childCommits":33,"serial":352,"width":320,"height":240,"monotonicNs":281271392494395,"command":"modal-destroy"}
{"event":"server-barrier","sequence":488,"controlSequence":123,"rootCommits":23,"childCommits":33,"serial":352,"width":320,"height":240,"monotonicNs":281271392894072,"command":"modal-destroy","barrierControl":123}
{"event":"ack-configure","sequence":489,"controlSequence":123,"rootCommits":23,"childCommits":33,"serial":367,"width":320,"height":240,"monotonicNs":281271392903719}
{"event":"ack-configure","sequence":490,"controlSequence":123,"rootCommits":23,"childCommits":33,"serial":371,"width":320,"height":240,"monotonicNs":281271430328268}
{"event":"request","sequence":491,"controlSequence":124,"rootCommits":23,"childCommits":33,"serial":371,"width":320,"height":240,"monotonicNs":281271455426787,"command":"modal-create"}
{"event":"server-barrier","sequence":492,"controlSequence":124,"rootCommits":23,"childCommits":33,"serial":371,"width":320,"height":240,"monotonicNs":281271455646869,"command":"modal-create","barrierControl":124}
{"event":"buffercommit","sequence":493,"controlSequence":124,"rootCommits":23,"childCommits":33,"serial":371,"width":320,"height":240,"monotonicNs":281271455692329}
{"event":"modal-buffercommit","sequence":494,"controlSequence":124,"rootCommits":23,"childCommits":33,"serial":371,"width":320,"height":240,"monotonicNs":281271455695867,"modalCommits":29,"modalSerial":372,"modalColor":4294902015,"modalSize":[96,64]}
{"event":"modal-configured","sequence":495,"controlSequence":124,"rootCommits":23,"childCommits":33,"serial":371,"width":320,"height":240,"monotonicNs":281271455697648,"modalSerial":372,"modalCommits":29}
{"event":"buffer-release","sequence":496,"controlSequence":124,"rootCommits":23,"childCommits":33,"serial":371,"width":320,"height":240,"monotonicNs":281271456005711}
{"event":"modal-configured","sequence":497,"controlSequence":124,"rootCommits":23,"childCommits":33,"serial":371,"width":320,"height":240,"monotonicNs":281271456017513,"modalSerial":373,"modalCommits":29}
{"event":"ack-configure","sequence":498,"controlSequence":124,"rootCommits":23,"childCommits":33,"serial":374,"width":320,"height":240,"monotonicNs":281271456024223}
{"event":"buffercommit","sequence":499,"controlSequence":125,"rootCommits":23,"childCommits":33,"serial":374,"width":320,"height":240,"monotonicNs":281271481951173}
{"event":"modal-buffercommit","sequence":500,"controlSequence":125,"rootCommits":23,"childCommits":33,"serial":374,"width":320,"height":240,"monotonicNs":281271481960238,"modalCommits":30,"modalSerial":373,"modalColor":4294967040,"modalSize":[96,64]}
{"event":"request","sequence":501,"controlSequence":125,"rootCommits":23,"childCommits":33,"serial":374,"width":320,"height":240,"monotonicNs":281271481962997,"command":"modal-yellow"}
{"event":"buffer-release","sequence":502,"controlSequence":125,"rootCommits":23,"childCommits":33,"serial":374,"width":320,"height":240,"monotonicNs":281271482180475}
{"event":"server-barrier","sequence":503,"controlSequence":125,"rootCommits":23,"childCommits":33,"serial":374,"width":320,"height":240,"monotonicNs":281271482195848,"command":"modal-yellow","barrierControl":125}
{"event":"request","sequence":504,"controlSequence":126,"rootCommits":23,"childCommits":33,"serial":374,"width":320,"height":240,"monotonicNs":281271546616574,"command":"popup-create"}
{"event":"server-barrier","sequence":505,"controlSequence":126,"rootCommits":23,"childCommits":33,"serial":374,"width":320,"height":240,"monotonicNs":281271546872647,"command":"popup-create","barrierControl":126}
{"event":"buffercommit","sequence":506,"controlSequence":126,"rootCommits":23,"childCommits":33,"serial":374,"width":320,"height":240,"monotonicNs":281271546914994}
{"event":"popup-buffercommit","sequence":507,"controlSequence":126,"rootCommits":23,"childCommits":33,"serial":374,"width":320,"height":240,"monotonicNs":281271546918205,"popupCommits":25,"popupSerial":375,"popupColor":4278255615}
{"event":"popup-configured","sequence":508,"controlSequence":126,"rootCommits":23,"childCommits":33,"serial":374,"width":320,"height":240,"monotonicNs":281271546919960,"popupSerial":375,"popupCommits":25,"popupGeometry":[291,211,64,48]}
{"event":"buffer-release","sequence":509,"controlSequence":126,"rootCommits":23,"childCommits":33,"serial":374,"width":320,"height":240,"monotonicNs":281271547196475}
{"event":"modal-configured","sequence":510,"controlSequence":126,"rootCommits":23,"childCommits":33,"serial":374,"width":320,"height":240,"monotonicNs":281277405379485,"modalSerial":389,"modalCommits":30}
{"event":"modal-configured","sequence":511,"controlSequence":126,"rootCommits":23,"childCommits":33,"serial":374,"width":320,"height":240,"monotonicNs":281277417727235,"modalSerial":392,"modalCommits":30}
{"event":"popup-destroyed","sequence":512,"controlSequence":127,"rootCommits":23,"childCommits":33,"serial":374,"width":320,"height":240,"monotonicNs":281277974635145}
{"event":"request","sequence":513,"controlSequence":127,"rootCommits":23,"childCommits":33,"serial":374,"width":320,"height":240,"monotonicNs":281277974648718,"command":"popup-destroy"}
{"event":"server-barrier","sequence":514,"controlSequence":127,"rootCommits":23,"childCommits":33,"serial":374,"width":320,"height":240,"monotonicNs":281277975021548,"command":"popup-destroy","barrierControl":127}
{"event":"modal-destroyed","sequence":515,"controlSequence":128,"rootCommits":23,"childCommits":33,"serial":374,"width":320,"height":240,"monotonicNs":281278025291947}
{"event":"request","sequence":516,"controlSequence":128,"rootCommits":23,"childCommits":33,"serial":374,"width":320,"height":240,"monotonicNs":281278025303446,"command":"modal-destroy"}
{"event":"server-barrier","sequence":517,"controlSequence":128,"rootCommits":23,"childCommits":33,"serial":374,"width":320,"height":240,"monotonicNs":281278025728980,"command":"modal-destroy","barrierControl":128}
{"event":"ack-configure","sequence":518,"controlSequence":128,"rootCommits":23,"childCommits":33,"serial":394,"width":320,"height":240,"monotonicNs":281278025741326}
{"event":"ack-configure","sequence":519,"controlSequence":128,"rootCommits":23,"childCommits":33,"serial":397,"width":320,"height":240,"monotonicNs":281278057442475}
{"event":"request","sequence":520,"controlSequence":129,"rootCommits":23,"childCommits":33,"serial":397,"width":320,"height":240,"monotonicNs":281278082543483,"command":"modal-create"}
{"event":"server-barrier","sequence":521,"controlSequence":129,"rootCommits":23,"childCommits":33,"serial":397,"width":320,"height":240,"monotonicNs":281278082741742,"command":"modal-create","barrierControl":129}
{"event":"buffercommit","sequence":522,"controlSequence":129,"rootCommits":23,"childCommits":33,"serial":397,"width":320,"height":240,"monotonicNs":281278082777428}
{"event":"modal-buffercommit","sequence":523,"controlSequence":129,"rootCommits":23,"childCommits":33,"serial":397,"width":320,"height":240,"monotonicNs":281278082780523,"modalCommits":32,"modalSerial":398,"modalColor":4294902015,"modalSize":[96,64]}
{"event":"modal-configured","sequence":524,"controlSequence":129,"rootCommits":23,"childCommits":33,"serial":397,"width":320,"height":240,"monotonicNs":281278082782187,"modalSerial":398,"modalCommits":32}
{"event":"buffer-release","sequence":525,"controlSequence":129,"rootCommits":23,"childCommits":33,"serial":397,"width":320,"height":240,"monotonicNs":281278083149082}
{"event":"modal-configured","sequence":526,"controlSequence":129,"rootCommits":23,"childCommits":33,"serial":397,"width":320,"height":240,"monotonicNs":281278083368258,"modalSerial":399,"modalCommits":32}
{"event":"ack-configure","sequence":527,"controlSequence":129,"rootCommits":23,"childCommits":33,"serial":400,"width":320,"height":240,"monotonicNs":281278083370973}
{"event":"buffercommit","sequence":528,"controlSequence":130,"rootCommits":23,"childCommits":33,"serial":400,"width":320,"height":240,"monotonicNs":281278108788082}
{"event":"modal-buffercommit","sequence":529,"controlSequence":130,"rootCommits":23,"childCommits":33,"serial":400,"width":320,"height":240,"monotonicNs":281278108804654,"modalCommits":33,"modalSerial":399,"modalColor":4294967040,"modalSize":[96,64]}
{"event":"request","sequence":530,"controlSequence":130,"rootCommits":23,"childCommits":33,"serial":400,"width":320,"height":240,"monotonicNs":281278108810024,"command":"modal-yellow"}
{"event":"buffer-release","sequence":531,"controlSequence":130,"rootCommits":23,"childCommits":33,"serial":400,"width":320,"height":240,"monotonicNs":281278108927293}
{"event":"server-barrier","sequence":532,"controlSequence":130,"rootCommits":23,"childCommits":33,"serial":400,"width":320,"height":240,"monotonicNs":281278108934599,"command":"modal-yellow","barrierControl":130}
{"event":"request","sequence":533,"controlSequence":131,"rootCommits":23,"childCommits":33,"serial":400,"width":320,"height":240,"monotonicNs":281278159637960,"command":"popup-create"}
{"event":"server-barrier","sequence":534,"controlSequence":131,"rootCommits":23,"childCommits":33,"serial":400,"width":320,"height":240,"monotonicNs":281278159860374,"command":"popup-create","barrierControl":131}
{"event":"buffercommit","sequence":535,"controlSequence":131,"rootCommits":23,"childCommits":33,"serial":400,"width":320,"height":240,"monotonicNs":281278159907409}
{"event":"popup-buffercommit","sequence":536,"controlSequence":131,"rootCommits":23,"childCommits":33,"serial":400,"width":320,"height":240,"monotonicNs":281278159910871,"popupCommits":27,"popupSerial":401,"popupColor":4278255615}
{"event":"popup-configured","sequence":537,"controlSequence":131,"rootCommits":23,"childCommits":33,"serial":400,"width":320,"height":240,"monotonicNs":281278159912753,"popupSerial":401,"popupCommits":27,"popupGeometry":[291,211,64,48]}
{"event":"buffer-release","sequence":538,"controlSequence":131,"rootCommits":23,"childCommits":33,"serial":400,"width":320,"height":240,"monotonicNs":281278160358518}
{"event":"modal-configured","sequence":539,"controlSequence":131,"rootCommits":23,"childCommits":33,"serial":400,"width":320,"height":240,"monotonicNs":281279259369740,"modalSerial":416,"modalCommits":33}
{"event":"popup-destroyed","sequence":540,"controlSequence":132,"rootCommits":23,"childCommits":33,"serial":400,"width":320,"height":240,"monotonicNs":281279435040155}
{"event":"request","sequence":541,"controlSequence":132,"rootCommits":23,"childCommits":33,"serial":400,"width":320,"height":240,"monotonicNs":281279435063561,"command":"popup-destroy"}
{"event":"server-barrier","sequence":542,"controlSequence":132,"rootCommits":23,"childCommits":33,"serial":400,"width":320,"height":240,"monotonicNs":281279435384093,"command":"popup-destroy","barrierControl":132}
{"event":"ack-configure","sequence":543,"controlSequence":132,"rootCommits":23,"childCommits":33,"serial":419,"width":320,"height":240,"monotonicNs":281279467824708}
{"event":"modal-configured","sequence":544,"controlSequence":132,"rootCommits":23,"childCommits":33,"serial":419,"width":320,"height":240,"monotonicNs":281279467851210,"modalSerial":420,"modalCommits":33}
{"event":"ack-configure","sequence":545,"controlSequence":132,"rootCommits":23,"childCommits":33,"serial":444,"width":320,"height":240,"monotonicNs":281284603641359}
{"event":"modal-configured","sequence":546,"controlSequence":132,"rootCommits":23,"childCommits":33,"serial":444,"width":320,"height":240,"monotonicNs":281284603670155,"modalSerial":445,"modalCommits":33}
{"event":"modal-destroyed","sequence":547,"controlSequence":133,"rootCommits":23,"childCommits":33,"serial":444,"width":320,"height":240,"monotonicNs":281284628756126}
{"event":"request","sequence":548,"controlSequence":133,"rootCommits":23,"childCommits":33,"serial":444,"width":320,"height":240,"monotonicNs":281284628765789,"command":"modal-destroy"}
{"event":"server-barrier","sequence":549,"controlSequence":133,"rootCommits":23,"childCommits":33,"serial":444,"width":320,"height":240,"monotonicNs":281284629146615,"command":"modal-destroy","barrierControl":133}
{"event":"ack-configure","sequence":550,"controlSequence":133,"rootCommits":23,"childCommits":33,"serial":454,"width":320,"height":240,"monotonicNs":281284629151437}
{"event":"ack-configure","sequence":551,"controlSequence":133,"rootCommits":23,"childCommits":33,"serial":458,"width":320,"height":240,"monotonicNs":281284652798145}
{"event":"ack-configure","sequence":552,"controlSequence":133,"rootCommits":23,"childCommits":33,"serial":474,"width":320,"height":240,"monotonicNs":281285933514647}
{"event":"ack-configure","sequence":553,"controlSequence":133,"rootCommits":23,"childCommits":33,"serial":488,"width":320,"height":240,"monotonicNs":281290742404761}
{"event":"ack-configure","sequence":554,"controlSequence":133,"rootCommits":23,"childCommits":33,"serial":491,"width":320,"height":240,"monotonicNs":281290755333957}
{"event":"ack-configure","sequence":555,"controlSequence":133,"rootCommits":23,"childCommits":33,"serial":493,"width":320,"height":240,"monotonicNs":281291528423877}
{"event":"request","sequence":556,"controlSequence":134,"rootCommits":23,"childCommits":33,"serial":493,"width":320,"height":240,"monotonicNs":281291929817159,"command":"background-create"}
{"event":"server-barrier","sequence":557,"controlSequence":134,"rootCommits":23,"childCommits":33,"serial":493,"width":320,"height":240,"monotonicNs":281291929903246,"command":"background-create","barrierControl":134}
{"event":"request","sequence":558,"controlSequence":135,"rootCommits":23,"childCommits":33,"serial":493,"width":320,"height":240,"monotonicNs":281291955059240,"command":"background-region-pending"}
{"event":"server-barrier","sequence":559,"controlSequence":135,"rootCommits":23,"childCommits":33,"serial":493,"width":320,"height":240,"monotonicNs":281291955133693,"command":"background-region-pending","barrierControl":135}
{"event":"request","sequence":560,"controlSequence":136,"rootCommits":24,"childCommits":33,"serial":493,"width":320,"height":240,"monotonicNs":281292005382902,"command":"root-commit"}
{"event":"server-barrier","sequence":561,"controlSequence":136,"rootCommits":24,"childCommits":33,"serial":493,"width":320,"height":240,"monotonicNs":281292005607322,"command":"root-commit","barrierControl":136}
{"event":"request","sequence":562,"controlSequence":137,"rootCommits":24,"childCommits":33,"serial":493,"width":320,"height":240,"monotonicNs":281292055974908,"command":"background-region-pending-two"}
{"event":"server-barrier","sequence":563,"controlSequence":137,"rootCommits":24,"childCommits":33,"serial":493,"width":320,"height":240,"monotonicNs":281292056137355,"command":"background-region-pending-two","barrierControl":137}
{"event":"request","sequence":564,"controlSequence":138,"rootCommits":25,"childCommits":33,"serial":493,"width":320,"height":240,"monotonicNs":281292106508233,"command":"root-commit"}
{"event":"server-barrier","sequence":565,"controlSequence":138,"rootCommits":25,"childCommits":33,"serial":493,"width":320,"height":240,"monotonicNs":281292106711067,"command":"root-commit","barrierControl":138}
{"event":"request","sequence":566,"controlSequence":139,"rootCommits":25,"childCommits":33,"serial":493,"width":320,"height":240,"monotonicNs":281292131788451,"command":"background-clear-pending"}
{"event":"server-barrier","sequence":567,"controlSequence":139,"rootCommits":25,"childCommits":33,"serial":493,"width":320,"height":240,"monotonicNs":281292131913161,"command":"background-clear-pending","barrierControl":139}
{"event":"request","sequence":568,"controlSequence":140,"rootCommits":26,"childCommits":33,"serial":493,"width":320,"height":240,"monotonicNs":281292182174050,"command":"root-commit"}
{"event":"server-barrier","sequence":569,"controlSequence":140,"rootCommits":26,"childCommits":33,"serial":493,"width":320,"height":240,"monotonicNs":281292182407271,"command":"root-commit","barrierControl":140}
{"event":"request","sequence":570,"controlSequence":141,"rootCommits":26,"childCommits":33,"serial":493,"width":320,"height":240,"monotonicNs":281292232738323,"command":"background-destroy"}
{"event":"server-barrier","sequence":571,"controlSequence":141,"rootCommits":26,"childCommits":33,"serial":493,"width":320,"height":240,"monotonicNs":281292232848672,"command":"background-destroy","barrierControl":141}
{"event":"request","sequence":572,"controlSequence":142,"rootCommits":27,"childCommits":33,"serial":493,"width":320,"height":240,"monotonicNs":281292283071833,"command":"root-commit"}
{"event":"server-barrier","sequence":573,"controlSequence":142,"rootCommits":27,"childCommits":33,"serial":493,"width":320,"height":240,"monotonicNs":281292283219933,"command":"root-commit","barrierControl":142}
{"event":"request","sequence":574,"controlSequence":143,"rootCommits":27,"childCommits":33,"serial":493,"width":320,"height":240,"monotonicNs":281292308302155,"command":"child-desync"}
{"event":"server-barrier","sequence":575,"controlSequence":143,"rootCommits":27,"childCommits":33,"serial":493,"width":320,"height":240,"monotonicNs":281292308404781,"command":"child-desync","barrierControl":143}
{"event":"request","sequence":576,"controlSequence":144,"rootCommits":27,"childCommits":33,"serial":493,"width":320,"height":240,"monotonicNs":281292358735788,"command":"background-child-create"}
{"event":"server-barrier","sequence":577,"controlSequence":144,"rootCommits":27,"childCommits":33,"serial":493,"width":320,"height":240,"monotonicNs":281292358850898,"command":"background-child-create","barrierControl":144}
{"event":"request","sequence":578,"controlSequence":145,"rootCommits":27,"childCommits":33,"serial":493,"width":320,"height":240,"monotonicNs":281292409136807,"command":"background-child-region-pending"}
{"event":"server-barrier","sequence":579,"controlSequence":145,"rootCommits":27,"childCommits":33,"serial":493,"width":320,"height":240,"monotonicNs":281292409219686,"command":"background-child-region-pending","barrierControl":145}
{"event":"background-commit","sequence":580,"controlSequence":146,"rootCommits":27,"childCommits":34,"serial":493,"width":320,"height":240,"monotonicNs":281292459470535,"popupCommits":27}
{"event":"request","sequence":581,"controlSequence":146,"rootCommits":27,"childCommits":34,"serial":493,"width":320,"height":240,"monotonicNs":281292459479254,"command":"background-child-apply"}
{"event":"server-barrier","sequence":582,"controlSequence":146,"rootCommits":27,"childCommits":34,"serial":493,"width":320,"height":240,"monotonicNs":281292459701805,"command":"background-child-apply","barrierControl":146}
{"event":"request","sequence":583,"controlSequence":147,"rootCommits":27,"childCommits":34,"serial":493,"width":320,"height":240,"monotonicNs":281292510018804,"command":"background-child-region-two"}
{"event":"server-barrier","sequence":584,"controlSequence":147,"rootCommits":27,"childCommits":34,"serial":493,"width":320,"height":240,"monotonicNs":281292510142371,"command":"background-child-region-two","barrierControl":147}
{"event":"background-commit","sequence":585,"controlSequence":148,"rootCommits":27,"childCommits":35,"serial":493,"width":320,"height":240,"monotonicNs":281292535225256,"popupCommits":27}
{"event":"request","sequence":586,"controlSequence":148,"rootCommits":27,"childCommits":35,"serial":493,"width":320,"height":240,"monotonicNs":281292535234383,"command":"background-child-apply"}
{"event":"server-barrier","sequence":587,"controlSequence":148,"rootCommits":27,"childCommits":35,"serial":493,"width":320,"height":240,"monotonicNs":281292535460556,"command":"background-child-apply","barrierControl":148}
{"event":"request","sequence":588,"controlSequence":149,"rootCommits":27,"childCommits":35,"serial":493,"width":320,"height":240,"monotonicNs":281292585888296,"command":"background-child-clear-pending"}
{"event":"server-barrier","sequence":589,"controlSequence":149,"rootCommits":27,"childCommits":35,"serial":493,"width":320,"height":240,"monotonicNs":281292586128030,"command":"background-child-clear-pending","barrierControl":149}
{"event":"background-commit","sequence":590,"controlSequence":150,"rootCommits":27,"childCommits":36,"serial":493,"width":320,"height":240,"monotonicNs":281292636288511,"popupCommits":27}
{"event":"request","sequence":591,"controlSequence":150,"rootCommits":27,"childCommits":36,"serial":493,"width":320,"height":240,"monotonicNs":281292636300388,"command":"background-child-apply"}
{"event":"server-barrier","sequence":592,"controlSequence":150,"rootCommits":27,"childCommits":36,"serial":493,"width":320,"height":240,"monotonicNs":281292636504950,"command":"background-child-apply","barrierControl":150}
{"event":"request","sequence":593,"controlSequence":151,"rootCommits":27,"childCommits":36,"serial":493,"width":320,"height":240,"monotonicNs":281292686807299,"command":"background-child-destroy"}
{"event":"server-barrier","sequence":594,"controlSequence":151,"rootCommits":27,"childCommits":36,"serial":493,"width":320,"height":240,"monotonicNs":281292686930318,"command":"background-child-destroy","barrierControl":151}
{"event":"background-commit","sequence":595,"controlSequence":152,"rootCommits":27,"childCommits":37,"serial":493,"width":320,"height":240,"monotonicNs":281292712045575,"popupCommits":27}
{"event":"request","sequence":596,"controlSequence":152,"rootCommits":27,"childCommits":37,"serial":493,"width":320,"height":240,"monotonicNs":281292712058723,"command":"background-child-apply"}
{"event":"server-barrier","sequence":597,"controlSequence":152,"rootCommits":27,"childCommits":37,"serial":493,"width":320,"height":240,"monotonicNs":281292712298866,"command":"background-child-apply","barrierControl":152}
{"event":"request","sequence":598,"controlSequence":153,"rootCommits":27,"childCommits":37,"serial":493,"width":320,"height":240,"monotonicNs":281292762705859,"command":"popup-create"}
{"event":"server-barrier","sequence":599,"controlSequence":153,"rootCommits":27,"childCommits":37,"serial":493,"width":320,"height":240,"monotonicNs":281292762837906,"command":"popup-create","barrierControl":153}
{"event":"buffercommit","sequence":600,"controlSequence":153,"rootCommits":27,"childCommits":37,"serial":493,"width":320,"height":240,"monotonicNs":281292762871014}
{"event":"popup-buffercommit","sequence":601,"controlSequence":153,"rootCommits":27,"childCommits":37,"serial":493,"width":320,"height":240,"monotonicNs":281292762874462,"popupCommits":29,"popupSerial":494,"popupColor":4278255615}
{"event":"popup-configured","sequence":602,"controlSequence":153,"rootCommits":27,"childCommits":37,"serial":493,"width":320,"height":240,"monotonicNs":281292762880087,"popupSerial":494,"popupCommits":29,"popupGeometry":[291,211,64,48]}
{"event":"buffer-release","sequence":603,"controlSequence":153,"rootCommits":27,"childCommits":37,"serial":493,"width":320,"height":240,"monotonicNs":281292763363340}
{"event":"request","sequence":604,"controlSequence":154,"rootCommits":27,"childCommits":37,"serial":493,"width":320,"height":240,"monotonicNs":281292814488829,"command":"background-popup-create"}
{"event":"server-barrier","sequence":605,"controlSequence":154,"rootCommits":27,"childCommits":37,"serial":493,"width":320,"height":240,"monotonicNs":281292814623663,"command":"background-popup-create","barrierControl":154}
{"event":"request","sequence":606,"controlSequence":155,"rootCommits":27,"childCommits":37,"serial":493,"width":320,"height":240,"monotonicNs":281292864788932,"command":"background-popup-region-pending"}
{"event":"server-barrier","sequence":607,"controlSequence":155,"rootCommits":27,"childCommits":37,"serial":493,"width":320,"height":240,"monotonicNs":281292864933861,"command":"background-popup-region-pending","barrierControl":155}
{"event":"background-commit","sequence":608,"controlSequence":156,"rootCommits":27,"childCommits":37,"serial":493,"width":320,"height":240,"monotonicNs":281292915106144,"popupCommits":30}
{"event":"request","sequence":609,"controlSequence":156,"rootCommits":27,"childCommits":37,"serial":493,"width":320,"height":240,"monotonicNs":281292915122312,"command":"background-popup-apply"}
{"event":"server-barrier","sequence":610,"controlSequence":156,"rootCommits":27,"childCommits":37,"serial":493,"width":320,"height":240,"monotonicNs":281292915201088,"command":"background-popup-apply","barrierControl":156}
{"event":"request","sequence":611,"controlSequence":157,"rootCommits":27,"childCommits":37,"serial":493,"width":320,"height":240,"monotonicNs":281292940354853,"command":"background-popup-region-two"}
{"event":"server-barrier","sequence":612,"controlSequence":157,"rootCommits":27,"childCommits":37,"serial":493,"width":320,"height":240,"monotonicNs":281292940522094,"command":"background-popup-region-two","barrierControl":157}
{"event":"background-commit","sequence":613,"controlSequence":158,"rootCommits":27,"childCommits":37,"serial":493,"width":320,"height":240,"monotonicNs":281292990884644,"popupCommits":31}
{"event":"request","sequence":614,"controlSequence":158,"rootCommits":27,"childCommits":37,"serial":493,"width":320,"height":240,"monotonicNs":281292990899836,"command":"background-popup-apply"}
{"event":"server-barrier","sequence":615,"controlSequence":158,"rootCommits":27,"childCommits":37,"serial":493,"width":320,"height":240,"monotonicNs":281292991037109,"command":"background-popup-apply","barrierControl":158}
{"event":"request","sequence":616,"controlSequence":159,"rootCommits":27,"childCommits":37,"serial":493,"width":320,"height":240,"monotonicNs":281293041155112,"command":"background-popup-clear-pending"}
{"event":"server-barrier","sequence":617,"controlSequence":159,"rootCommits":27,"childCommits":37,"serial":493,"width":320,"height":240,"monotonicNs":281293041238699,"command":"background-popup-clear-pending","barrierControl":159}
{"event":"background-commit","sequence":618,"controlSequence":160,"rootCommits":27,"childCommits":37,"serial":493,"width":320,"height":240,"monotonicNs":281293091581712,"popupCommits":32}
{"event":"request","sequence":619,"controlSequence":160,"rootCommits":27,"childCommits":37,"serial":493,"width":320,"height":240,"monotonicNs":281293091593693,"command":"background-popup-apply"}
{"event":"server-barrier","sequence":620,"controlSequence":160,"rootCommits":27,"childCommits":37,"serial":493,"width":320,"height":240,"monotonicNs":281293091707838,"command":"background-popup-apply","barrierControl":160}
{"event":"request","sequence":621,"controlSequence":161,"rootCommits":27,"childCommits":37,"serial":493,"width":320,"height":240,"monotonicNs":281293116917462,"command":"background-popup-destroy"}
{"event":"server-barrier","sequence":622,"controlSequence":161,"rootCommits":27,"childCommits":37,"serial":493,"width":320,"height":240,"monotonicNs":281293117025884,"command":"background-popup-destroy","barrierControl":161}
{"event":"background-commit","sequence":623,"controlSequence":162,"rootCommits":27,"childCommits":37,"serial":493,"width":320,"height":240,"monotonicNs":281293167283750,"popupCommits":33}
{"event":"request","sequence":624,"controlSequence":162,"rootCommits":27,"childCommits":37,"serial":493,"width":320,"height":240,"monotonicNs":281293167294042,"command":"background-popup-apply"}
{"event":"server-barrier","sequence":625,"controlSequence":162,"rootCommits":27,"childCommits":37,"serial":493,"width":320,"height":240,"monotonicNs":281293167483781,"command":"background-popup-apply","barrierControl":162}
{"event":"popup-destroyed","sequence":626,"controlSequence":163,"rootCommits":27,"childCommits":37,"serial":493,"width":320,"height":240,"monotonicNs":281293217767353}
{"event":"request","sequence":627,"controlSequence":163,"rootCommits":27,"childCommits":37,"serial":493,"width":320,"height":240,"monotonicNs":281293217778543,"command":"popup-destroy"}
{"event":"server-barrier","sequence":628,"controlSequence":163,"rootCommits":27,"childCommits":37,"serial":493,"width":320,"height":240,"monotonicNs":281293218027933,"command":"popup-destroy","barrierControl":163}
{"event":"ack-configure","sequence":629,"controlSequence":163,"rootCommits":27,"childCommits":37,"serial":495,"width":320,"height":240,"monotonicNs":281293463610222}
{"event":"ack-configure","sequence":630,"controlSequence":163,"rootCommits":27,"childCommits":37,"serial":510,"width":320,"height":240,"monotonicNs":281294815143991}
{"event":"ack-configure","sequence":631,"controlSequence":163,"rootCommits":27,"childCommits":37,"serial":524,"width":320,"height":240,"monotonicNs":281299631524720}
{"event":"ack-configure","sequence":632,"controlSequence":163,"rootCommits":27,"childCommits":37,"serial":527,"width":320,"height":240,"monotonicNs":281299646899683}
{"event":"ack-configure","sequence":633,"controlSequence":163,"rootCommits":27,"childCommits":37,"serial":541,"width":320,"height":240,"monotonicNs":281301076048856}
{"event":"ack-configure","sequence":634,"controlSequence":163,"rootCommits":27,"childCommits":37,"serial":544,"width":320,"height":240,"monotonicNs":281301089583133}
{"event":"ack-configure","sequence":635,"controlSequence":163,"rootCommits":27,"childCommits":37,"serial":548,"width":320,"height":240,"monotonicNs":281302066432742}
{"event":"ack-configure","sequence":636,"controlSequence":163,"rootCommits":27,"childCommits":37,"serial":559,"width":320,"height":240,"monotonicNs":281302896173708}
{"event":"ack-configure","sequence":637,"controlSequence":163,"rootCommits":27,"childCommits":37,"serial":564,"width":320,"height":240,"monotonicNs":281302899557731}
{"event":"ack-configure","sequence":638,"controlSequence":163,"rootCommits":27,"childCommits":37,"serial":569,"width":320,"height":240,"monotonicNs":281302917486601}
{"event":"ack-configure","sequence":639,"controlSequence":163,"rootCommits":27,"childCommits":37,"serial":586,"width":320,"height":240,"monotonicNs":281304031859705}
{"event":"ack-configure","sequence":640,"controlSequence":163,"rootCommits":27,"childCommits":37,"serial":591,"width":320,"height":240,"monotonicNs":281304040729349}
{"event":"ack-configure","sequence":641,"controlSequence":163,"rootCommits":27,"childCommits":37,"serial":592,"width":320,"height":240,"monotonicNs":281304141573995}
{"event":"request","sequence":642,"controlSequence":164,"rootCommits":27,"childCommits":37,"serial":592,"width":320,"height":240,"monotonicNs":281305020416948,"command":"quit"}
{"event":"normalexit","sequence":643,"controlSequence":164,"rootCommits":27,"childCommits":37,"serial":592,"width":320,"height":240,"monotonicNs":281305020471860}
