/home/hoskinson/omarchy-windows-parity/implementation/elm-shared-menu-held-key-recovery-v442/fixture.py:11: PyGIWarning: Gdk was imported without specifying a version first. Use gi.require_version('Gdk', '4.0') before import to ensure that the right version gets loaded.
  from gi.repository import Gdk, GLib, Gtk
[16:16:48.967672] {Default Queue}  -> wl_display#1.get_registry(new id wl_registry#2)
[16:16:48.967691] {Default Queue}  -> wl_display#1.sync(new id wl_callback#3)
[16:16:48.967772] {Display Queue} wl_display#1.delete_id(3)
[16:16:48.967775] {Default Queue} wl_registry#2.global(1, "wl_seat", 9)
[16:16:48.967780] {Default Queue} wl_registry#2.global(2, "wl_data_device_manager", 3)
[16:16:48.967783] {Default Queue}  -> wl_registry#2.bind(2, "wl_data_device_manager", 3, new id [unknown]#4)
[16:16:48.967786] {Default Queue} wl_registry#2.global(3, "wl_compositor", 6)
[16:16:48.967789] {Default Queue}  -> wl_registry#2.bind(3, "wl_compositor", 6, new id [unknown]#5)
[16:16:48.967791] {Default Queue} wl_registry#2.global(4, "wl_subcompositor", 1)
[16:16:48.967793] {Default Queue}  -> wl_registry#2.bind(4, "wl_subcompositor", 1, new id [unknown]#6)
[16:16:48.967795] {Default Queue} wl_registry#2.global(5, "wl_shm", 2)
[16:16:48.967797] {Default Queue}  -> wl_registry#2.bind(5, "wl_shm", 1, new id [unknown]#7)
[16:16:48.967800] {Default Queue} wl_registry#2.global(6, "wp_viewporter", 1)
[16:16:48.967802] {Default Queue}  -> wl_registry#2.bind(6, "wp_viewporter", 1, new id [unknown]#8)
[16:16:48.967804] {Default Queue} wl_registry#2.global(7, "wp_tearing_control_manager_v1", 1)
[16:16:48.967807] {Default Queue} wl_registry#2.global(8, "wp_fractional_scale_manager_v1", 1)
[16:16:48.967809] {Default Queue}  -> wl_registry#2.bind(8, "wp_fractional_scale_manager_v1", 1, new id [unknown]#9)
[16:16:48.967812] {Default Queue} wl_registry#2.global(9, "zxdg_output_manager_v1", 3)
[16:16:48.967814] {Default Queue}  -> wl_registry#2.bind(9, "zxdg_output_manager_v1", 3, new id [unknown]#10)
[16:16:48.967818] {Default Queue}  -> wl_display#1.sync(new id wl_callback#11)
[16:16:48.967820] {Default Queue} wl_registry#2.global(10, "wp_cursor_shape_manager_v1", 2)
[16:16:48.967823] {Default Queue}  -> wl_registry#2.bind(10, "wp_cursor_shape_manager_v1", 1, new id [unknown]#12)
[16:16:48.967825] {Default Queue} wl_registry#2.global(11, "zwp_idle_inhibit_manager_v1", 1)
[16:16:48.967827] {Default Queue}  -> wl_registry#2.bind(11, "zwp_idle_inhibit_manager_v1", 1, new id [unknown]#13)
[16:16:48.967829] {Default Queue} wl_registry#2.global(12, "zwp_relative_pointer_manager_v1", 1)
[16:16:48.967831] {Default Queue} wl_registry#2.global(13, "zxdg_decoration_manager_v1", 2)
[16:16:48.967833] {Default Queue} wl_registry#2.global(14, "wp_alpha_modifier_v1", 1)
[16:16:48.967836] {Default Queue} wl_registry#2.global(15, "zwlr_gamma_control_manager_v1", 1)
[16:16:48.967838] {Default Queue} wl_registry#2.global(16, "ext_foreign_toplevel_list_v1", 1)
[16:16:48.967841] {Default Queue} wl_registry#2.global(17, "zwp_pointer_gestures_v1", 3)
[16:16:48.967843] {Default Queue}  -> wl_registry#2.bind(17, "zwp_pointer_gestures_v1", 3, new id [unknown]#14)
[16:16:48.967845] {Default Queue} wl_registry#2.global(18, "zwlr_foreign_toplevel_manager_v1", 3)
[16:16:48.967847] {Default Queue} wl_registry#2.global(19, "zwp_keyboard_shortcuts_inhibit_manager_v1", 1)
[16:16:48.967850] {Default Queue}  -> wl_registry#2.bind(19, "zwp_keyboard_shortcuts_inhibit_manager_v1", 1, new id [unknown]#15)
[16:16:48.967854] {Default Queue} wl_registry#2.global(20, "zwp_text_input_manager_v1", 1)
[16:16:48.967857] {Default Queue} wl_registry#2.global(21, "zwp_text_input_manager_v3", 1)
[16:16:48.967859] {Default Queue} wl_registry#2.global(22, "zwp_pointer_constraints_v1", 1)
[16:16:48.967861] {Default Queue} wl_registry#2.global(23, "zwlr_output_power_manager_v1", 1)
[16:16:48.967863] {Default Queue} wl_registry#2.global(24, "xdg_activation_v1", 1)
[16:16:48.967866] {Default Queue}  -> wl_registry#2.bind(24, "xdg_activation_v1", 1, new id [unknown]#16)
[16:16:48.967868] {Default Queue} wl_registry#2.global(25, "ext_idle_notifier_v1", 2)
[16:16:48.967876] {Default Queue} wl_registry#2.global(26, "hyprland_lock_notifier_v1", 1)
[16:16:48.967880] {Default Queue} wl_registry#2.global(27, "ext_session_lock_manager_v1", 1)
[16:16:48.967882] {Default Queue} wl_registry#2.global(28, "zwp_input_method_manager_v2", 1)
[16:16:48.967885] {Default Queue} wl_registry#2.global(29, "zwp_virtual_keyboard_manager_v1", 1)
[16:16:48.967887] {Default Queue} wl_registry#2.global(30, "zwlr_virtual_pointer_manager_v1", 2)
[16:16:48.967889] {Default Queue} wl_registry#2.global(31, "zwlr_output_manager_v1", 4)
[16:16:48.967892] {Default Queue} wl_registry#2.global(32, "org_kde_kwin_server_decoration_manager", 1)
[16:16:48.967895] {Default Queue}  -> wl_registry#2.bind(32, "org_kde_kwin_server_decoration_manager", 1, new id [unknown]#17)
[16:16:48.967897] {Default Queue} wl_registry#2.global(33, "hyprland_focus_grab_manager_v1", 1)
[16:16:48.967900] {Default Queue} wl_registry#2.global(34, "zwp_tablet_manager_v2", 1)
[16:16:48.967902] {Default Queue}  -> wl_registry#2.bind(34, "zwp_tablet_manager_v2", 1, new id [unknown]#18)
[16:16:48.967904] {Default Queue} wl_registry#2.global(35, "zwlr_layer_shell_v1", 5)
[16:16:48.967906] {Default Queue} wl_registry#2.global(36, "wp_presentation", 2)
[16:16:48.967909] {Default Queue}  -> wl_registry#2.bind(36, "wp_presentation", 1, new id [unknown]#19)
[16:16:48.967911] {Default Queue} wl_registry#2.global(37, "xdg_wm_base", 7)
[16:16:48.967913] {Default Queue} wl_registry#2.global(38, "zwlr_data_control_manager_v1", 2)
[16:16:48.967916] {Default Queue} wl_registry#2.global(39, "zwp_primary_selection_device_manager_v1", 1)
[16:16:48.967918] {Default Queue}  -> wl_registry#2.bind(39, "zwp_primary_selection_device_manager_v1", 1, new id [unknown]#20)
[16:16:48.967920] {Default Queue} wl_registry#2.global(40, "xwayland_shell_v1", 1)
[16:16:48.967922] {Default Queue} wl_registry#2.global(41, "hyprland_toplevel_mapping_manager_v1", 1)
[16:16:48.967924] {Default Queue} wl_registry#2.global(42, "hyprland_global_shortcuts_manager_v1", 1)
[16:16:48.967927] {Default Queue} wl_registry#2.global(43, "xdg_wm_dialog_v1", 1)
[16:16:48.967929] {Default Queue}  -> wl_registry#2.bind(43, "xdg_wm_dialog_v1", 1, new id [unknown]#21)
[16:16:48.967931] {Default Queue} wl_registry#2.global(44, "wp_single_pixel_buffer_manager_v1", 1)
[16:16:48.967933] {Default Queue}  -> wl_registry#2.bind(44, "wp_single_pixel_buffer_manager_v1", 1, new id [unknown]#22)
[16:16:48.967935] {Default Queue} wl_registry#2.global(45, "wp_security_context_manager_v1", 1)
[16:16:48.967937] {Default Queue} wl_registry#2.global(46, "hyprland_ctm_control_manager_v1", 2)
[16:16:48.967940] {Default Queue} wl_registry#2.global(47, "hyprland_input_capture_manager_v1", 1)
[16:16:48.967942] {Default Queue} wl_registry#2.global(48, "hyprland_surface_manager_v1", 2)
[16:16:48.967944] {Default Queue} wl_registry#2.global(49, "wp_content_type_manager_v1", 1)
[16:16:48.967946] {Default Queue} wl_registry#2.global(50, "xdg_toplevel_tag_manager_v1", 1)
[16:16:48.967948] {Default Queue} wl_registry#2.global(51, "xdg_system_bell_v1", 1)
[16:16:48.967951] {Default Queue}  -> wl_registry#2.bind(51, "xdg_system_bell_v1", 1, new id [unknown]#23)
[16:16:48.967953] {Default Queue} wl_registry#2.global(52, "vicinae_hotkey_manager_v1", 1)
[16:16:48.967955] {Default Queue} wl_registry#2.global(53, "ext_workspace_manager_v1", 1)
[16:16:48.967957] {Default Queue} wl_registry#2.global(54, "ext_data_control_manager_v1", 1)
[16:16:48.967959] {Default Queue} wl_registry#2.global(55, "wp_pointer_warp_v1", 1)
[16:16:48.967962] {Default Queue} wl_registry#2.global(56, "wp_fifo_manager_v1", 1)
[16:16:48.967964] {Default Queue} wl_registry#2.global(57, "zxdg_exporter_v2", 1)
[16:16:48.967966] {Default Queue}  -> wl_registry#2.bind(57, "zxdg_exporter_v2", 1, new id [unknown]#24)
[16:16:48.967968] {Default Queue} wl_registry#2.global(58, "zxdg_importer_v2", 1)
[16:16:48.967970] {Default Queue}  -> wl_registry#2.bind(58, "zxdg_importer_v2", 1, new id [unknown]#25)
[16:16:48.967973] {Default Queue} wl_registry#2.global(59, "ext_background_effect_manager_v1", 1)
[16:16:48.967977] {Default Queue} wl_registry#2.global(60, "wp_commit_timing_manager_v1", 1)
[16:16:48.967980] {Default Queue} wl_registry#2.global(61, "zwlr_screencopy_manager_v1", 3)
[16:16:48.967984] {Default Queue} wl_registry#2.global(62, "hyprland_toplevel_export_manager_v1", 2)
[16:16:48.967986] {Default Queue} wl_registry#2.global(63, "ext_output_image_capture_source_manager_v1", 1)
[16:16:48.967988] {Default Queue} wl_registry#2.global(64, "ext_foreign_toplevel_image_capture_source_manager_v1", 1)
[16:16:48.967990] {Default Queue} wl_registry#2.global(65, "ext_image_copy_capture_manager_v1", 1)
[16:16:48.967993] {Default Queue} wl_registry#2.global(66, "wp_color_manager_v1", 3)
[16:16:48.967995] {Default Queue} wl_registry#2.global(67, "wl_drm", 2)
[16:16:48.967997] {Default Queue} wl_registry#2.global(68, "zwp_linux_dmabuf_v1", 5)
[16:16:48.967999] {Default Queue}  -> wl_registry#2.bind(68, "zwp_linux_dmabuf_v1", 5, new id [unknown]#26)
[16:16:48.968002] {Default Queue}  -> zwp_linux_dmabuf_v1#26.get_default_feedback(new id zwp_linux_dmabuf_feedback_v1#27)
[16:16:48.968005] {Default Queue}  -> wl_display#1.sync(new id wl_callback#28)
[16:16:48.968007] {Default Queue} wl_registry#2.global(69, "wl_output", 4)
[16:16:48.968009] {Default Queue}  -> wl_registry#2.bind(69, "wl_output", 4, new id [unknown]#29)
[16:16:48.968051] {Default Queue}  -> zxdg_output_manager_v1#10.get_xdg_output(new id zxdg_output_v1#30, wl_output#29)
[16:16:48.968056] {Default Queue}  -> wl_display#1.sync(new id wl_callback#31)
[16:16:48.968058] {Default Queue} wl_callback#3.done(0)
[16:16:48.968061] {Default Queue}  -> wl_registry#2.bind(1, "wl_seat", 9, new id [unknown]#3)
[16:16:48.969644] {Default Queue}  -> zwp_primary_selection_device_manager_v1#20.get_device(new id zwp_primary_selection_device_v1#32, wl_seat#3)
[16:16:48.969652] {Default Queue}  -> wl_data_device_manager#4.get_data_device(new id wl_data_device#33, wl_seat#3)
[16:16:48.969708] {Default Queue}  -> wl_compositor#5.create_surface(new id wl_surface#34)
[16:16:48.969711] {Default Queue}  -> wp_viewporter#8.get_viewport(new id wp_viewport#35, wl_surface#34)
[16:16:48.969715] {Default Queue}  -> wp_fractional_scale_manager_v1#9.get_fractional_scale(new id wp_fractional_scale_v1#36, wl_surface#34)
[16:16:48.969718] {Default Queue}  -> zwp_tablet_manager_v2#18.get_tablet_seat(new id zwp_tablet_seat_v2#37, wl_seat#3)
[16:16:48.969723] {Default Queue}  -> wl_display#1.sync(new id wl_callback#38)
[16:16:48.969915] {Display Queue} wl_display#1.delete_id(11)
[16:16:48.969917] {Display Queue} wl_display#1.delete_id(28)
[16:16:48.969919] {Display Queue} wl_display#1.delete_id(31)
[16:16:48.969921] {Display Queue} wl_display#1.delete_id(38)
[16:16:48.969922] {Default Queue} wl_shm#7.format(0)
[16:16:48.969924] {Default Queue} wl_shm#7.format(1)
[16:16:48.969925] {Default Queue} wl_shm#7.format(875709016)
[16:16:48.969927] {Default Queue} wl_shm#7.format(875708993)
[16:16:48.969929] {Default Queue} wl_shm#7.format(808669784)
[16:16:48.969930] {Default Queue} wl_shm#7.format(808669761)
[16:16:48.969932] {Default Queue} wl_shm#7.format(808665688)
[16:16:48.969934] {Default Queue} wl_shm#7.format(808665665)
[16:16:48.969935] {Default Queue} wl_callback#11.done(0)
[16:16:48.969937] {Default Queue} org_kde_kwin_server_decoration_manager#17.default_mode(2)
[16:16:48.969939] {Default Queue} discarded wp_presentation#19.clock_id(1)
[16:16:48.969941] {Default Queue} zwp_linux_dmabuf_feedback_v1#27.format_table(fd 8, 2960)
[16:16:48.969946] {Default Queue} zwp_linux_dmabuf_feedback_v1#27.main_device(array[8])
[16:16:48.969948] {Default Queue} zwp_linux_dmabuf_feedback_v1#27.tranche_target_device(array[8])
[16:16:48.969950] {Default Queue} zwp_linux_dmabuf_feedback_v1#27.tranche_flags(0)
[16:16:48.969952] {Default Queue} zwp_linux_dmabuf_feedback_v1#27.tranche_formats(array[370])
[16:16:48.969966] {Default Queue} zwp_linux_dmabuf_feedback_v1#27.tranche_done()
[16:16:48.969968] {Default Queue} zwp_linux_dmabuf_feedback_v1#27.done()
[16:16:48.969973] {Default Queue} wl_callback#28.done(0)
[16:16:48.969977] {Default Queue} wl_output#29.name("WAYLAND-1")
[16:16:48.969980] {Default Queue} wl_output#29.description("")
[16:16:48.969982] {Default Queue} wl_output#29.scale(1)
[16:16:48.969983] {Default Queue} wl_output#29.mode(1, 800, 600, 60000)
[16:16:48.969986] {Default Queue} wl_output#29.geometry(0, 0, 0, 0, 1, "", "", 0)
[16:16:48.969990] {Default Queue} wl_output#29.done()
[16:16:48.969993] {Default Queue} zxdg_output_v1#30.name("WAYLAND-1")
[16:16:48.969994] {Default Queue} zxdg_output_v1#30.logical_position(0, 0)
[16:16:48.969997] {Default Queue} zxdg_output_v1#30.logical_size(800, 600)
[16:16:48.969998] {Default Queue} wl_output#29.done()
[16:16:48.970000] {Default Queue} wl_callback#31.done(0)
[16:16:48.970002] {Default Queue} wl_seat#3.name("Hyprland")
[16:16:48.970004] {Default Queue} wl_seat#3.capabilities(3)
[16:16:48.970006] {Default Queue}  -> wl_seat#3.get_pointer(new id wl_pointer#31)
[16:16:48.970010] {Default Queue}  -> zwp_pointer_gestures_v1#14.get_swipe_gesture(new id zwp_pointer_gesture_swipe_v1#28, wl_pointer#31)
[16:16:48.970014] {Default Queue}  -> zwp_pointer_gestures_v1#14.get_pinch_gesture(new id zwp_pointer_gesture_pinch_v1#11, wl_pointer#31)
[16:16:48.970016] {Default Queue}  -> zwp_pointer_gestures_v1#14.get_hold_gesture(new id zwp_pointer_gesture_hold_v1#39, wl_pointer#31)
[16:16:48.970019] {Default Queue}  -> wp_cursor_shape_manager_v1#12.get_pointer(new id wp_cursor_shape_device_v1#40, wl_pointer#31)
[16:16:48.970022] {Default Queue}  -> wl_seat#3.get_keyboard(new id wl_keyboard#41)
[16:16:48.970026] {Default Queue} wl_callback#38.done(0)
[16:16:48.970028] {Default Queue}  -> wl_registry#2.bind(37, "xdg_wm_base", 7, new id [unknown]#38)
[16:16:48.983955] {Default Queue}  -> wl_compositor#5.create_surface(new id wl_surface#42)
[16:16:48.983966] {Default Queue}  -> wp_fractional_scale_manager_v1#9.get_fractional_scale(new id wp_fractional_scale_v1#43, wl_surface#42)
[16:16:48.983971] {Default Queue}  -> wp_viewporter#8.get_viewport(new id wp_viewport#44, wl_surface#42)
[16:16:49.089625] {Default Queue}  -> wl_display#1.get_registry(new id wl_registry#2)
[16:16:49.089750] {Default Queue} wl_registry#2.global(1, "wl_seat", 9)
[16:16:49.089770] {Default Queue} wl_registry#2.global(2, "wl_data_device_manager", 3)
[16:16:49.089775] {Default Queue} wl_registry#2.global(3, "wl_compositor", 6)
[16:16:49.089779] {Default Queue} wl_registry#2.global(4, "wl_subcompositor", 1)
[16:16:49.089782] {Default Queue} wl_registry#2.global(5, "wl_shm", 2)
[16:16:49.089785] {Default Queue} wl_registry#2.global(6, "wp_viewporter", 1)
[16:16:49.089788] {Default Queue} wl_registry#2.global(7, "wp_tearing_control_manager_v1", 1)
[16:16:49.089792] {Default Queue} wl_registry#2.global(8, "wp_fractional_scale_manager_v1", 1)
[16:16:49.089795] {Default Queue} wl_registry#2.global(9, "zxdg_output_manager_v1", 3)
[16:16:49.089799] {Default Queue} wl_registry#2.global(10, "wp_cursor_shape_manager_v1", 2)
[16:16:49.089802] {Default Queue} wl_registry#2.global(11, "zwp_idle_inhibit_manager_v1", 1)
[16:16:49.089805] {Default Queue} wl_registry#2.global(12, "zwp_relative_pointer_manager_v1", 1)
[16:16:49.089809] {Default Queue} wl_registry#2.global(13, "zxdg_decoration_manager_v1", 2)
[16:16:49.089812] {Default Queue} wl_registry#2.global(14, "wp_alpha_modifier_v1", 1)
[16:16:49.089815] {Default Queue} wl_registry#2.global(15, "zwlr_gamma_control_manager_v1", 1)
[16:16:49.089817] {Default Queue} wl_registry#2.global(16, "ext_foreign_toplevel_list_v1", 1)
[16:16:49.089819] {Default Queue} wl_registry#2.global(17, "zwp_pointer_gestures_v1", 3)
[16:16:49.089821] {Default Queue} wl_registry#2.global(18, "zwlr_foreign_toplevel_manager_v1", 3)
[16:16:49.089823] {Default Queue} wl_registry#2.global(19, "zwp_keyboard_shortcuts_inhibit_manager_v1", 1)
[16:16:49.089825] {Default Queue} wl_registry#2.global(20, "zwp_text_input_manager_v1", 1)
[16:16:49.089828] {Default Queue} wl_registry#2.global(21, "zwp_text_input_manager_v3", 1)
[16:16:49.089830] {Default Queue} wl_registry#2.global(22, "zwp_pointer_constraints_v1", 1)
[16:16:49.089838] {Default Queue} wl_registry#2.global(23, "zwlr_output_power_manager_v1", 1)
[16:16:49.089848] {Default Queue} wl_registry#2.global(24, "xdg_activation_v1", 1)
[16:16:49.089851] {Default Queue} wl_registry#2.global(25, "ext_idle_notifier_v1", 2)
[16:16:49.089853] {Default Queue} wl_registry#2.global(26, "hyprland_lock_notifier_v1", 1)
[16:16:49.089855] {Default Queue} wl_registry#2.global(27, "ext_session_lock_manager_v1", 1)
[16:16:49.089857] {Default Queue} wl_registry#2.global(28, "zwp_input_method_manager_v2", 1)
[16:16:49.089859] {Default Queue} wl_registry#2.global(29, "zwp_virtual_keyboard_manager_v1", 1)
[16:16:49.089861] {Default Queue} wl_registry#2.global(30, "zwlr_virtual_pointer_manager_v1", 2)
[16:16:49.089863] {Default Queue} wl_registry#2.global(31, "zwlr_output_manager_v1", 4)
[16:16:49.089865] {Default Queue} wl_registry#2.global(32, "org_kde_kwin_server_decoration_manager", 1)
[16:16:49.089867] {Default Queue} wl_registry#2.global(33, "hyprland_focus_grab_manager_v1", 1)
[16:16:49.089869] {Default Queue} wl_registry#2.global(34, "zwp_tablet_manager_v2", 1)
[16:16:49.089871] {Default Queue} wl_registry#2.global(35, "zwlr_layer_shell_v1", 5)
[16:16:49.089873] {Default Queue} wl_registry#2.global(36, "wp_presentation", 2)
[16:16:49.089875] {Default Queue} wl_registry#2.global(37, "xdg_wm_base", 7)
[16:16:49.089878] {Default Queue} wl_registry#2.global(38, "zwlr_data_control_manager_v1", 2)
[16:16:49.089880] {Default Queue} wl_registry#2.global(39, "zwp_primary_selection_device_manager_v1", 1)
[16:16:49.089882] {Default Queue} wl_registry#2.global(40, "xwayland_shell_v1", 1)
[16:16:49.089885] {Default Queue} wl_registry#2.global(41, "hyprland_toplevel_mapping_manager_v1", 1)
[16:16:49.089887] {Default Queue} wl_registry#2.global(42, "hyprland_global_shortcuts_manager_v1", 1)
[16:16:49.089889] {Default Queue} wl_registry#2.global(43, "xdg_wm_dialog_v1", 1)
[16:16:49.089891] {Default Queue} wl_registry#2.global(44, "wp_single_pixel_buffer_manager_v1", 1)
[16:16:49.089893] {Default Queue} wl_registry#2.global(45, "wp_security_context_manager_v1", 1)
[16:16:49.089895] {Default Queue} wl_registry#2.global(46, "hyprland_ctm_control_manager_v1", 2)
[16:16:49.089897] {Default Queue} wl_registry#2.global(47, "hyprland_input_capture_manager_v1", 1)
[16:16:49.089899] {Default Queue} wl_registry#2.global(48, "hyprland_surface_manager_v1", 2)
[16:16:49.089901] {Default Queue} wl_registry#2.global(49, "wp_content_type_manager_v1", 1)
[16:16:49.089903] {Default Queue} wl_registry#2.global(50, "xdg_toplevel_tag_manager_v1", 1)
[16:16:49.089905] {Default Queue} wl_registry#2.global(51, "xdg_system_bell_v1", 1)
[16:16:49.089907] {Default Queue} wl_registry#2.global(52, "vicinae_hotkey_manager_v1", 1)
[16:16:49.089909] {Default Queue} wl_registry#2.global(53, "ext_workspace_manager_v1", 1)
[16:16:49.089911] {Default Queue} wl_registry#2.global(54, "ext_data_control_manager_v1", 1)
[16:16:49.089913] {Default Queue} wl_registry#2.global(55, "wp_pointer_warp_v1", 1)
[16:16:49.089916] {Default Queue} wl_registry#2.global(56, "wp_fifo_manager_v1", 1)
[16:16:49.089918] {Default Queue} wl_registry#2.global(57, "zxdg_exporter_v2", 1)
[16:16:49.089920] {Default Queue} wl_registry#2.global(58, "zxdg_importer_v2", 1)
[16:16:49.089922] {Default Queue} wl_registry#2.global(59, "ext_background_effect_manager_v1", 1)
[16:16:49.089924] {Default Queue} wl_registry#2.global(60, "wp_commit_timing_manager_v1", 1)
[16:16:49.089926] {Default Queue} wl_registry#2.global(61, "zwlr_screencopy_manager_v1", 3)
[16:16:49.089928] {Default Queue} wl_registry#2.global(62, "hyprland_toplevel_export_manager_v1", 2)
[16:16:49.089930] {Default Queue} wl_registry#2.global(63, "ext_output_image_capture_source_manager_v1", 1)
[16:16:49.089933] {Default Queue} wl_registry#2.global(64, "ext_foreign_toplevel_image_capture_source_manager_v1", 1)
[16:16:49.089935] {Default Queue} wl_registry#2.global(65, "ext_image_copy_capture_manager_v1", 1)
[16:16:49.089937] {Default Queue} wl_registry#2.global(66, "wp_color_manager_v1", 3)
[16:16:49.089977] {Default Queue} wl_registry#2.global(67, "wl_drm", 2)
[16:16:49.089981] {Default Queue} wl_registry#2.global(68, "zwp_linux_dmabuf_v1", 5)
[16:16:49.089984] {Default Queue}  -> wl_registry#2.bind(68, "zwp_linux_dmabuf_v1", 4, new id [unknown]#3)
[16:16:49.089988] {Default Queue}  -> zwp_linux_dmabuf_v1#3.get_default_feedback(new id zwp_linux_dmabuf_feedback_v1#4)
[16:16:49.089991] {Default Queue} wl_registry#2.global(69, "wl_output", 4)
[16:16:49.089994] {Default Queue}  -> wl_display#1.sync(new id wl_callback#5)
[16:16:49.090048] {Display Queue} wl_display#1.delete_id(5)
[16:16:49.090050] {Default Queue} zwp_linux_dmabuf_feedback_v1#4.format_table(fd 10, 2960)
[16:16:49.090053] {Default Queue} zwp_linux_dmabuf_feedback_v1#4.main_device(array[8])
[16:16:49.090234] {Default Queue} zwp_linux_dmabuf_feedback_v1#4.tranche_target_device(array[8])
[16:16:49.090237] {Default Queue} zwp_linux_dmabuf_feedback_v1#4.tranche_flags(0)
[16:16:49.090238] {Default Queue} zwp_linux_dmabuf_feedback_v1#4.tranche_formats(array[370])
[16:16:49.090240] {Default Queue} zwp_linux_dmabuf_feedback_v1#4.tranche_done()
[16:16:49.090242] {Default Queue} zwp_linux_dmabuf_feedback_v1#4.done()
[16:16:49.090244] {Default Queue} wl_callback#5.done(0)
[16:16:49.090246] {Default Queue}  -> zwp_linux_dmabuf_feedback_v1#4.destroy()
[16:16:49.090252] {Default Queue}  -> zwp_linux_dmabuf_v1#3.destroy()
[16:16:49.090371] {Default Queue}  -> wl_display#1.get_registry(new id wl_registry#2)
[16:16:49.090428] {Default Queue} wl_registry#2.global(1, "wl_seat", 9)
[16:16:49.090430] {Default Queue} wl_registry#2.global(2, "wl_data_device_manager", 3)
[16:16:49.090432] {Default Queue} wl_registry#2.global(3, "wl_compositor", 6)
[16:16:49.090434] {Default Queue} wl_registry#2.global(4, "wl_subcompositor", 1)
[16:16:49.090436] {Default Queue} wl_registry#2.global(5, "wl_shm", 2)
[16:16:49.090438] {Default Queue} wl_registry#2.global(6, "wp_viewporter", 1)
[16:16:49.090440] {Default Queue} wl_registry#2.global(7, "wp_tearing_control_manager_v1", 1)
[16:16:49.090441] {Default Queue} wl_registry#2.global(8, "wp_fractional_scale_manager_v1", 1)
[16:16:49.090443] {Default Queue} wl_registry#2.global(9, "zxdg_output_manager_v1", 3)
[16:16:49.090445] {Default Queue} wl_registry#2.global(10, "wp_cursor_shape_manager_v1", 2)
[16:16:49.090447] {Default Queue} wl_registry#2.global(11, "zwp_idle_inhibit_manager_v1", 1)
[16:16:49.090449] {Default Queue} wl_registry#2.global(12, "zwp_relative_pointer_manager_v1", 1)
[16:16:49.090451] {Default Queue} wl_registry#2.global(13, "zxdg_decoration_manager_v1", 2)
[16:16:49.090452] {Default Queue} wl_registry#2.global(14, "wp_alpha_modifier_v1", 1)
[16:16:49.090454] {Default Queue} wl_registry#2.global(15, "zwlr_gamma_control_manager_v1", 1)
[16:16:49.090456] {Default Queue} wl_registry#2.global(16, "ext_foreign_toplevel_list_v1", 1)
[16:16:49.090458] {Default Queue} wl_registry#2.global(17, "zwp_pointer_gestures_v1", 3)
[16:16:49.090460] {Default Queue} wl_registry#2.global(18, "zwlr_foreign_toplevel_manager_v1", 3)
[16:16:49.090461] {Default Queue} wl_registry#2.global(19, "zwp_keyboard_shortcuts_inhibit_manager_v1", 1)
[16:16:49.090463] {Default Queue} wl_registry#2.global(20, "zwp_text_input_manager_v1", 1)
[16:16:49.090465] {Default Queue} wl_registry#2.global(21, "zwp_text_input_manager_v3", 1)
[16:16:49.090467] {Default Queue} wl_registry#2.global(22, "zwp_pointer_constraints_v1", 1)
[16:16:49.090468] {Default Queue} wl_registry#2.global(23, "zwlr_output_power_manager_v1", 1)
[16:16:49.090470] {Default Queue} wl_registry#2.global(24, "xdg_activation_v1", 1)
[16:16:49.090472] {Default Queue} wl_registry#2.global(25, "ext_idle_notifier_v1", 2)
[16:16:49.090474] {Default Queue} wl_registry#2.global(26, "hyprland_lock_notifier_v1", 1)
[16:16:49.090476] {Default Queue} wl_registry#2.global(27, "ext_session_lock_manager_v1", 1)
[16:16:49.090477] {Default Queue} wl_registry#2.global(28, "zwp_input_method_manager_v2", 1)
[16:16:49.090479] {Default Queue} wl_registry#2.global(29, "zwp_virtual_keyboard_manager_v1", 1)
[16:16:49.090483] {Default Queue} wl_registry#2.global(30, "zwlr_virtual_pointer_manager_v1", 2)
[16:16:49.090487] {Default Queue} wl_registry#2.global(31, "zwlr_output_manager_v1", 4)
[16:16:49.090489] {Default Queue} wl_registry#2.global(32, "org_kde_kwin_server_decoration_manager", 1)
[16:16:49.090490] {Default Queue} wl_registry#2.global(33, "hyprland_focus_grab_manager_v1", 1)
[16:16:49.090492] {Default Queue} wl_registry#2.global(34, "zwp_tablet_manager_v2", 1)
[16:16:49.090494] {Default Queue} wl_registry#2.global(35, "zwlr_layer_shell_v1", 5)
[16:16:49.090496] {Default Queue} wl_registry#2.global(36, "wp_presentation", 2)
[16:16:49.090498] {Default Queue} wl_registry#2.global(37, "xdg_wm_base", 7)
[16:16:49.090499] {Default Queue} wl_registry#2.global(38, "zwlr_data_control_manager_v1", 2)
[16:16:49.090501] {Default Queue} wl_registry#2.global(39, "zwp_primary_selection_device_manager_v1", 1)
[16:16:49.090503] {Default Queue} wl_registry#2.global(40, "xwayland_shell_v1", 1)
[16:16:49.090505] {Default Queue} wl_registry#2.global(41, "hyprland_toplevel_mapping_manager_v1", 1)
[16:16:49.090507] {Default Queue} wl_registry#2.global(42, "hyprland_global_shortcuts_manager_v1", 1)
[16:16:49.090509] {Default Queue} wl_registry#2.global(43, "xdg_wm_dialog_v1", 1)
[16:16:49.090510] {Default Queue} wl_registry#2.global(44, "wp_single_pixel_buffer_manager_v1", 1)
[16:16:49.090512] {Default Queue} wl_registry#2.global(45, "wp_security_context_manager_v1", 1)
[16:16:49.090514] {Default Queue} wl_registry#2.global(46, "hyprland_ctm_control_manager_v1", 2)
[16:16:49.090516] {Default Queue} wl_registry#2.global(47, "hyprland_input_capture_manager_v1", 1)
[16:16:49.090518] {Default Queue} wl_registry#2.global(48, "hyprland_surface_manager_v1", 2)
[16:16:49.090520] {Default Queue} wl_registry#2.global(49, "wp_content_type_manager_v1", 1)
[16:16:49.090521] {Default Queue} wl_registry#2.global(50, "xdg_toplevel_tag_manager_v1", 1)
[16:16:49.090523] {Default Queue} wl_registry#2.global(51, "xdg_system_bell_v1", 1)
[16:16:49.090525] {Default Queue} wl_registry#2.global(52, "vicinae_hotkey_manager_v1", 1)
[16:16:49.090527] {Default Queue} wl_registry#2.global(53, "ext_workspace_manager_v1", 1)
[16:16:49.090529] {Default Queue} wl_registry#2.global(54, "ext_data_control_manager_v1", 1)
[16:16:49.090530] {Default Queue} wl_registry#2.global(55, "wp_pointer_warp_v1", 1)
[16:16:49.090532] {Default Queue} wl_registry#2.global(56, "wp_fifo_manager_v1", 1)
[16:16:49.090534] {Default Queue} wl_registry#2.global(57, "zxdg_exporter_v2", 1)
[16:16:49.090536] {Default Queue} wl_registry#2.global(58, "zxdg_importer_v2", 1)
[16:16:49.090538] {Default Queue} wl_registry#2.global(59, "ext_background_effect_manager_v1", 1)
[16:16:49.090539] {Default Queue} wl_registry#2.global(60, "wp_commit_timing_manager_v1", 1)
[16:16:49.090541] {Default Queue} wl_registry#2.global(61, "zwlr_screencopy_manager_v1", 3)
[16:16:49.090543] {Default Queue} wl_registry#2.global(62, "hyprland_toplevel_export_manager_v1", 2)
[16:16:49.090545] {Default Queue} wl_registry#2.global(63, "ext_output_image_capture_source_manager_v1", 1)
[16:16:49.090547] {Default Queue} wl_registry#2.global(64, "ext_foreign_toplevel_image_capture_source_manager_v1", 1)
[16:16:49.090549] {Default Queue} wl_registry#2.global(65, "ext_image_copy_capture_manager_v1", 1)
[16:16:49.090551] {Default Queue} wl_registry#2.global(66, "wp_color_manager_v1", 3)
[16:16:49.090552] {Default Queue} wl_registry#2.global(67, "wl_drm", 2)
[16:16:49.090554] {Default Queue} wl_registry#2.global(68, "zwp_linux_dmabuf_v1", 5)
[16:16:49.090556] {Default Queue}  -> wl_registry#2.bind(68, "zwp_linux_dmabuf_v1", 4, new id [unknown]#3)
[16:16:49.090559] {Default Queue}  -> zwp_linux_dmabuf_v1#3.get_default_feedback(new id zwp_linux_dmabuf_feedback_v1#4)
[16:16:49.090561] {Default Queue} wl_registry#2.global(69, "wl_output", 4)
[16:16:49.090563] {Default Queue}  -> wl_display#1.sync(new id wl_callback#5)
[16:16:49.090595] {Display Queue} wl_display#1.delete_id(5)
[16:16:49.090597] {Default Queue} zwp_linux_dmabuf_feedback_v1#4.format_table(fd 10, 2960)
[16:16:49.090602] {Default Queue} zwp_linux_dmabuf_feedback_v1#4.main_device(array[8])
[16:16:49.090741] {Default Queue} zwp_linux_dmabuf_feedback_v1#4.tranche_target_device(array[8])
[16:16:49.090743] {Default Queue} zwp_linux_dmabuf_feedback_v1#4.tranche_flags(0)
[16:16:49.090745] {Default Queue} zwp_linux_dmabuf_feedback_v1#4.tranche_formats(array[370])
[16:16:49.090747] {Default Queue} zwp_linux_dmabuf_feedback_v1#4.tranche_done()
[16:16:49.090748] {Default Queue} zwp_linux_dmabuf_feedback_v1#4.done()
[16:16:49.090750] {Default Queue} wl_callback#5.done(0)
[16:16:49.090752] {Default Queue}  -> zwp_linux_dmabuf_feedback_v1#4.destroy()
[16:16:49.090754] {Default Queue}  -> zwp_linux_dmabuf_v1#3.destroy()
[16:16:49.094402] {mesa formats query}  -> wl_display#1.get_registry(new id wl_registry#45)
[16:16:49.094412] {mesa formats query}  -> wl_display#1.sync(new id wl_callback#46)
[16:16:49.094679] {Display Queue} wl_display#1.delete_id(46)
[16:16:49.094682] {mesa formats query} wl_registry#45.global(1, "wl_seat", 9)
[16:16:49.094685] {mesa formats query} wl_registry#45.global(2, "wl_data_device_manager", 3)
[16:16:49.094687] {mesa formats query} wl_registry#45.global(3, "wl_compositor", 6)
[16:16:49.094690] {mesa formats query} wl_registry#45.global(4, "wl_subcompositor", 1)
[16:16:49.094692] {mesa formats query} wl_registry#45.global(5, "wl_shm", 2)
[16:16:49.094693] {mesa formats query} wl_registry#45.global(6, "wp_viewporter", 1)
[16:16:49.094695] {mesa formats query} wl_registry#45.global(7, "wp_tearing_control_manager_v1", 1)
[16:16:49.094698] {mesa formats query}  -> wl_registry#45.bind(7, "wp_tearing_control_manager_v1", 1, new id [unknown]#47)
[16:16:49.094700] {mesa formats query} wl_registry#45.global(8, "wp_fractional_scale_manager_v1", 1)
[16:16:49.094702] {mesa formats query} wl_registry#45.global(9, "zxdg_output_manager_v1", 3)
[16:16:49.094705] {mesa formats query} wl_registry#45.global(10, "wp_cursor_shape_manager_v1", 2)
[16:16:49.094707] {mesa formats query} wl_registry#45.global(11, "zwp_idle_inhibit_manager_v1", 1)
[16:16:49.094708] {mesa formats query} wl_registry#45.global(12, "zwp_relative_pointer_manager_v1", 1)
[16:16:49.094710] {mesa formats query} wl_registry#45.global(13, "zxdg_decoration_manager_v1", 2)
[16:16:49.094712] {mesa formats query} wl_registry#45.global(14, "wp_alpha_modifier_v1", 1)
[16:16:49.094714] {mesa formats query} wl_registry#45.global(15, "zwlr_gamma_control_manager_v1", 1)
[16:16:49.094716] {mesa formats query} wl_registry#45.global(16, "ext_foreign_toplevel_list_v1", 1)
[16:16:49.094718] {mesa formats query} wl_registry#45.global(17, "zwp_pointer_gestures_v1", 3)
[16:16:49.094719] {mesa formats query} wl_registry#45.global(18, "zwlr_foreign_toplevel_manager_v1", 3)
[16:16:49.094721] {mesa formats query} wl_registry#45.global(19, "zwp_keyboard_shortcuts_inhibit_manager_v1", 1)
[16:16:49.094723] {mesa formats query} wl_registry#45.global(20, "zwp_text_input_manager_v1", 1)
[16:16:49.094725] {mesa formats query} wl_registry#45.global(21, "zwp_text_input_manager_v3", 1)
[16:16:49.094727] {mesa formats query} wl_registry#45.global(22, "zwp_pointer_constraints_v1", 1)
[16:16:49.094729] {mesa formats query} wl_registry#45.global(23, "zwlr_output_power_manager_v1", 1)
[16:16:49.094731] {mesa formats query} wl_registry#45.global(24, "xdg_activation_v1", 1)
[16:16:49.094732] {mesa formats query} wl_registry#45.global(25, "ext_idle_notifier_v1", 2)
[16:16:49.094734] {mesa formats query} wl_registry#45.global(26, "hyprland_lock_notifier_v1", 1)
[16:16:49.094736] {mesa formats query} wl_registry#45.global(27, "ext_session_lock_manager_v1", 1)
[16:16:49.094738] {mesa formats query} wl_registry#45.global(28, "zwp_input_method_manager_v2", 1)
[16:16:49.094740] {mesa formats query} wl_registry#45.global(29, "zwp_virtual_keyboard_manager_v1", 1)
[16:16:49.094742] {mesa formats query} wl_registry#45.global(30, "zwlr_virtual_pointer_manager_v1", 2)
[16:16:49.094744] {mesa formats query} wl_registry#45.global(31, "zwlr_output_manager_v1", 4)
[16:16:49.094749] {mesa formats query} wl_registry#45.global(32, "org_kde_kwin_server_decoration_manager", 1)
[16:16:49.094755] {mesa formats query} wl_registry#45.global(33, "hyprland_focus_grab_manager_v1", 1)
[16:16:49.094757] {mesa formats query} wl_registry#45.global(34, "zwp_tablet_manager_v2", 1)
[16:16:49.094759] {mesa formats query} wl_registry#45.global(35, "zwlr_layer_shell_v1", 5)
[16:16:49.094760] {mesa formats query} wl_registry#45.global(36, "wp_presentation", 2)
[16:16:49.094762] {mesa formats query}  -> wl_registry#45.bind(36, "wp_presentation", 2, new id [unknown]#48)
[16:16:49.094764] {mesa formats query} wl_registry#45.global(37, "xdg_wm_base", 7)
[16:16:49.094767] {mesa formats query} wl_registry#45.global(38, "zwlr_data_control_manager_v1", 2)
[16:16:49.094768] {mesa formats query} wl_registry#45.global(39, "zwp_primary_selection_device_manager_v1", 1)
[16:16:49.094770] {mesa formats query} wl_registry#45.global(40, "xwayland_shell_v1", 1)
[16:16:49.094772] {mesa formats query} wl_registry#45.global(41, "hyprland_toplevel_mapping_manager_v1", 1)
[16:16:49.094774] {mesa formats query} wl_registry#45.global(42, "hyprland_global_shortcuts_manager_v1", 1)
[16:16:49.094776] {mesa formats query} wl_registry#45.global(43, "xdg_wm_dialog_v1", 1)
[16:16:49.094777] {mesa formats query} wl_registry#45.global(44, "wp_single_pixel_buffer_manager_v1", 1)
[16:16:49.094779] {mesa formats query} wl_registry#45.global(45, "wp_security_context_manager_v1", 1)
[16:16:49.094781] {mesa formats query} wl_registry#45.global(46, "hyprland_ctm_control_manager_v1", 2)
[16:16:49.094783] {mesa formats query} wl_registry#45.global(47, "hyprland_input_capture_manager_v1", 1)
[16:16:49.094785] {mesa formats query} wl_registry#45.global(48, "hyprland_surface_manager_v1", 2)
[16:16:49.094786] {mesa formats query} wl_registry#45.global(49, "wp_content_type_manager_v1", 1)
[16:16:49.094788] {mesa formats query} wl_registry#45.global(50, "xdg_toplevel_tag_manager_v1", 1)
[16:16:49.094790] {mesa formats query} wl_registry#45.global(51, "xdg_system_bell_v1", 1)
[16:16:49.094792] {mesa formats query} wl_registry#45.global(52, "vicinae_hotkey_manager_v1", 1)
[16:16:49.094794] {mesa formats query} wl_registry#45.global(53, "ext_workspace_manager_v1", 1)
[16:16:49.094795] {mesa formats query} wl_registry#45.global(54, "ext_data_control_manager_v1", 1)
[16:16:49.094797] {mesa formats query} wl_registry#45.global(55, "wp_pointer_warp_v1", 1)
[16:16:49.094799] {mesa formats query} wl_registry#45.global(56, "wp_fifo_manager_v1", 1)
[16:16:49.094801] {mesa formats query}  -> wl_registry#45.bind(56, "wp_fifo_manager_v1", 1, new id [unknown]#49)
[16:16:49.094803] {mesa formats query} wl_registry#45.global(57, "zxdg_exporter_v2", 1)
[16:16:49.094805] {mesa formats query} wl_registry#45.global(58, "zxdg_importer_v2", 1)
[16:16:49.094807] {mesa formats query} wl_registry#45.global(59, "ext_background_effect_manager_v1", 1)
[16:16:49.094808] {mesa formats query} wl_registry#45.global(60, "wp_commit_timing_manager_v1", 1)
[16:16:49.094810] {mesa formats query}  -> wl_registry#45.bind(60, "wp_commit_timing_manager_v1", 1, new id [unknown]#50)
[16:16:49.094812] {mesa formats query} wl_registry#45.global(61, "zwlr_screencopy_manager_v1", 3)
[16:16:49.094814] {mesa formats query} wl_registry#45.global(62, "hyprland_toplevel_export_manager_v1", 2)
[16:16:49.094816] {mesa formats query} wl_registry#45.global(63, "ext_output_image_capture_source_manager_v1", 1)
[16:16:49.094818] {mesa formats query} wl_registry#45.global(64, "ext_foreign_toplevel_image_capture_source_manager_v1", 1)
[16:16:49.094820] {mesa formats query} wl_registry#45.global(65, "ext_image_copy_capture_manager_v1", 1)
[16:16:49.094822] {mesa formats query} wl_registry#45.global(66, "wp_color_manager_v1", 3)
[16:16:49.094823] {mesa formats query}  -> wl_registry#45.bind(66, "wp_color_manager_v1", 1, new id [unknown]#51)
[16:16:49.094825] {mesa formats query} wl_registry#45.global(67, "wl_drm", 2)
[16:16:49.094827] {mesa formats query} wl_registry#45.global(68, "zwp_linux_dmabuf_v1", 5)
[16:16:49.094831] {mesa formats query}  -> wl_registry#45.bind(68, "zwp_linux_dmabuf_v1", 4, new id [unknown]#52)
[16:16:49.094834] {mesa formats query} wl_registry#45.global(69, "wl_output", 4)
[16:16:49.094836] {mesa formats query} wl_callback#46.done(0)
[16:16:49.094838] {mesa formats query}  -> zwp_linux_dmabuf_v1#52.get_default_feedback(new id zwp_linux_dmabuf_feedback_v1#46)
[16:16:49.094840] {mesa formats query}  -> wl_display#1.sync(new id wl_callback#53)
[16:16:49.094893] {Display Queue} wl_display#1.delete_id(53)
[16:16:49.094895] {mesa formats query} wp_presentation#48.clock_id(1)
[16:16:49.094897] {mesa formats query} wp_color_manager_v1#51.supported_feature(1)
[16:16:49.094899] {mesa formats query} wp_color_manager_v1#51.supported_feature(2)
[16:16:49.094900] {mesa formats query} wp_color_manager_v1#51.supported_feature(4)
[16:16:49.094902] {mesa formats query} wp_color_manager_v1#51.supported_feature(7)
[16:16:49.094903] {mesa formats query} wp_color_manager_v1#51.supported_feature(5)
[16:16:49.094905] {mesa formats query} wp_color_manager_v1#51.supported_feature(6)
[16:16:49.094907] {mesa formats query} wp_color_manager_v1#51.supported_primaries_named(1)
[16:16:49.094908] {mesa formats query} wp_color_manager_v1#51.supported_primaries_named(6)
[16:16:49.094910] {mesa formats query} wp_color_manager_v1#51.supported_primaries_named(2)
[16:16:49.094911] {mesa formats query} wp_color_manager_v1#51.supported_primaries_named(3)
[16:16:49.094913] {mesa formats query} wp_color_manager_v1#51.supported_primaries_named(4)
[16:16:49.094915] {mesa formats query} wp_color_manager_v1#51.supported_primaries_named(5)
[16:16:49.094916] {mesa formats query} wp_color_manager_v1#51.supported_primaries_named(8)
[16:16:49.094918] {mesa formats query} wp_color_manager_v1#51.supported_primaries_named(9)
[16:16:49.094919] {mesa formats query} wp_color_manager_v1#51.supported_primaries_named(10)
[16:16:49.094921] {mesa formats query} wp_color_manager_v1#51.supported_primaries_named(7)
[16:16:49.094922] {mesa formats query} wp_color_manager_v1#51.supported_tf_named(9)
[16:16:49.094924] {mesa formats query} wp_color_manager_v1#51.supported_tf_named(10)
[16:16:49.094926] {mesa formats query} wp_color_manager_v1#51.supported_tf_named(2)
[16:16:49.094927] {mesa formats query} wp_color_manager_v1#51.supported_tf_named(3)
[16:16:49.094929] {mesa formats query} wp_color_manager_v1#51.supported_tf_named(5)
[16:16:49.094930] {mesa formats query} wp_color_manager_v1#51.supported_tf_named(11)
[16:16:49.094932] {mesa formats query} wp_color_manager_v1#51.supported_tf_named(13)
[16:16:49.094933] {mesa formats query} wp_color_manager_v1#51.supported_tf_named(1)
[16:16:49.094935] {mesa formats query} wp_color_manager_v1#51.supported_tf_named(4)
[16:16:49.094936] {mesa formats query} wp_color_manager_v1#51.supported_tf_named(6)
[16:16:49.094938] {mesa formats query} wp_color_manager_v1#51.supported_tf_named(7)
[16:16:49.094940] {mesa formats query} wp_color_manager_v1#51.supported_tf_named(8)
[16:16:49.094941] {mesa formats query} wp_color_manager_v1#51.supported_tf_named(12)
[16:16:49.094943] {mesa formats query} wp_color_manager_v1#51.supported_intent(0)
[16:16:49.094944] {mesa formats query} wp_color_manager_v1#51.done()
[16:16:49.094946] {mesa formats query} zwp_linux_dmabuf_feedback_v1#46.format_table(fd 17, 2960)
[16:16:49.094954] {mesa formats query} zwp_linux_dmabuf_feedback_v1#46.main_device(array[8])
[16:16:49.094956] {mesa formats query} zwp_linux_dmabuf_feedback_v1#46.tranche_target_device(array[8])
[16:16:49.094957] {mesa formats query} zwp_linux_dmabuf_feedback_v1#46.tranche_flags(0)
[16:16:49.094959] {mesa formats query} zwp_linux_dmabuf_feedback_v1#46.tranche_formats(array[370])
[16:16:49.094971] {mesa formats query} zwp_linux_dmabuf_feedback_v1#46.tranche_done()
[16:16:49.094973] {mesa formats query} zwp_linux_dmabuf_feedback_v1#46.done()
[16:16:49.094975] {mesa formats query} wl_callback#53.done(0)
[16:16:49.094977] {mesa formats query}  -> wl_display#1.sync(new id wl_callback#53)
[16:16:49.094988] {Display Queue} wl_display#1.delete_id(53)
[16:16:49.094992] {mesa formats query} wl_callback#53.done(0)
[16:16:49.094995] {mesa formats query}  -> zwp_linux_dmabuf_feedback_v1#46.destroy()
[16:16:49.095003] {mesa formats query}  -> zwp_linux_dmabuf_v1#52.destroy()
[16:16:49.095005] {mesa formats query}  -> wp_presentation#48.destroy()
[16:16:49.095007] {mesa formats query}  -> wp_fifo_manager_v1#49.destroy()
[16:16:49.095008] {mesa formats query}  -> wp_commit_timing_manager_v1#50.destroy()
[16:16:49.095010] {mesa formats query}  -> wp_tearing_control_manager_v1#47.destroy()
[16:16:49.095011] {mesa formats query}  -> wp_color_manager_v1#51.destroy()
[16:16:49.095014] {mesa formats query}  -> wl_display#1.get_registry(new id wl_registry#53)
[16:16:49.095016] {mesa formats query}  -> wl_display#1.sync(new id wl_callback#54)
[16:16:49.095059] {Display Queue} wl_display#1.delete_id(46)
[16:16:49.095061] {Display Queue} wl_display#1.delete_id(52)
[16:16:49.095063] {Display Queue} wl_display#1.delete_id(48)
[16:16:49.095065] {Display Queue} wl_display#1.delete_id(49)
[16:16:49.095066] {Display Queue} wl_display#1.delete_id(50)
[16:16:49.095068] {Display Queue} wl_display#1.delete_id(47)
[16:16:49.095070] {Display Queue} wl_display#1.delete_id(54)
[16:16:49.095071] {mesa formats query} wl_registry#53.global(1, "wl_seat", 9)
[16:16:49.095073] {mesa formats query} wl_registry#53.global(2, "wl_data_device_manager", 3)
[16:16:49.095075] {mesa formats query} wl_registry#53.global(3, "wl_compositor", 6)
[16:16:49.095077] {mesa formats query} wl_registry#53.global(4, "wl_subcompositor", 1)
[16:16:49.095079] {mesa formats query} wl_registry#53.global(5, "wl_shm", 2)
[16:16:49.095081] {mesa formats query} wl_registry#53.global(6, "wp_viewporter", 1)
[16:16:49.095083] {mesa formats query} wl_registry#53.global(7, "wp_tearing_control_manager_v1", 1)
[16:16:49.095085] {mesa formats query}  -> wl_registry#53.bind(7, "wp_tearing_control_manager_v1", 1, new id [unknown]#47)
[16:16:49.095087] {mesa formats query} wl_registry#53.global(8, "wp_fractional_scale_manager_v1", 1)
[16:16:49.095089] {mesa formats query} wl_registry#53.global(9, "zxdg_output_manager_v1", 3)
[16:16:49.095090] {mesa formats query} wl_registry#53.global(10, "wp_cursor_shape_manager_v1", 2)
[16:16:49.095092] {mesa formats query} wl_registry#53.global(11, "zwp_idle_inhibit_manager_v1", 1)
[16:16:49.095094] {mesa formats query} wl_registry#53.global(12, "zwp_relative_pointer_manager_v1", 1)
[16:16:49.095096] {mesa formats query} wl_registry#53.global(13, "zxdg_decoration_manager_v1", 2)
[16:16:49.095098] {mesa formats query} wl_registry#53.global(14, "wp_alpha_modifier_v1", 1)
[16:16:49.095099] {mesa formats query} wl_registry#53.global(15, "zwlr_gamma_control_manager_v1", 1)
[16:16:49.095101] {mesa formats query} wl_registry#53.global(16, "ext_foreign_toplevel_list_v1", 1)
[16:16:49.095103] {mesa formats query} wl_registry#53.global(17, "zwp_pointer_gestures_v1", 3)
[16:16:49.095105] {mesa formats query} wl_registry#53.global(18, "zwlr_foreign_toplevel_manager_v1", 3)
[16:16:49.095107] {mesa formats query} wl_registry#53.global(19, "zwp_keyboard_shortcuts_inhibit_manager_v1", 1)
[16:16:49.095108] {mesa formats query} wl_registry#53.global(20, "zwp_text_input_manager_v1", 1)
[16:16:49.095110] {mesa formats query} wl_registry#53.global(21, "zwp_text_input_manager_v3", 1)
[16:16:49.095112] {mesa formats query} wl_registry#53.global(22, "zwp_pointer_constraints_v1", 1)
[16:16:49.095114] {mesa formats query} wl_registry#53.global(23, "zwlr_output_power_manager_v1", 1)
[16:16:49.095115] {mesa formats query} wl_registry#53.global(24, "xdg_activation_v1", 1)
[16:16:49.095117] {mesa formats query} wl_registry#53.global(25, "ext_idle_notifier_v1", 2)
[16:16:49.095119] {mesa formats query} wl_registry#53.global(26, "hyprland_lock_notifier_v1", 1)
[16:16:49.095121] {mesa formats query} wl_registry#53.global(27, "ext_session_lock_manager_v1", 1)
[16:16:49.095123] {mesa formats query} wl_registry#53.global(28, "zwp_input_method_manager_v2", 1)
[16:16:49.095124] {mesa formats query} wl_registry#53.global(29, "zwp_virtual_keyboard_manager_v1", 1)
[16:16:49.095128] {mesa formats query} wl_registry#53.global(30, "zwlr_virtual_pointer_manager_v1", 2)
[16:16:49.095131] {mesa formats query} wl_registry#53.global(31, "zwlr_output_manager_v1", 4)
[16:16:49.095133] {mesa formats query} wl_registry#53.global(32, "org_kde_kwin_server_decoration_manager", 1)
[16:16:49.095134] {mesa formats query} wl_registry#53.global(33, "hyprland_focus_grab_manager_v1", 1)
[16:16:49.095136] {mesa formats query} wl_registry#53.global(34, "zwp_tablet_manager_v2", 1)
[16:16:49.095138] {mesa formats query} wl_registry#53.global(35, "zwlr_layer_shell_v1", 5)
[16:16:49.095140] {mesa formats query} wl_registry#53.global(36, "wp_presentation", 2)
[16:16:49.095142] {mesa formats query}  -> wl_registry#53.bind(36, "wp_presentation", 2, new id [unknown]#50)
[16:16:49.095144] {mesa formats query} wl_registry#53.global(37, "xdg_wm_base", 7)
[16:16:49.095145] {mesa formats query} wl_registry#53.global(38, "zwlr_data_control_manager_v1", 2)
[16:16:49.095147] {mesa formats query} wl_registry#53.global(39, "zwp_primary_selection_device_manager_v1", 1)
[16:16:49.095149] {mesa formats query} wl_registry#53.global(40, "xwayland_shell_v1", 1)
[16:16:49.095151] {mesa formats query} wl_registry#53.global(41, "hyprland_toplevel_mapping_manager_v1", 1)
[16:16:49.095153] {mesa formats query} wl_registry#53.global(42, "hyprland_global_shortcuts_manager_v1", 1)
[16:16:49.095155] {mesa formats query} wl_registry#53.global(43, "xdg_wm_dialog_v1", 1)
[16:16:49.095156] {mesa formats query} wl_registry#53.global(44, "wp_single_pixel_buffer_manager_v1", 1)
[16:16:49.095158] {mesa formats query} wl_registry#53.global(45, "wp_security_context_manager_v1", 1)
[16:16:49.095160] {mesa formats query} wl_registry#53.global(46, "hyprland_ctm_control_manager_v1", 2)
[16:16:49.095162] {mesa formats query} wl_registry#53.global(47, "hyprland_input_capture_manager_v1", 1)
[16:16:49.095164] {mesa formats query} wl_registry#53.global(48, "hyprland_surface_manager_v1", 2)
[16:16:49.095165] {mesa formats query} wl_registry#53.global(49, "wp_content_type_manager_v1", 1)
[16:16:49.095167] {mesa formats query} wl_registry#53.global(50, "xdg_toplevel_tag_manager_v1", 1)
[16:16:49.095169] {mesa formats query} wl_registry#53.global(51, "xdg_system_bell_v1", 1)
[16:16:49.095171] {mesa formats query} wl_registry#53.global(52, "vicinae_hotkey_manager_v1", 1)
[16:16:49.095173] {mesa formats query} wl_registry#53.global(53, "ext_workspace_manager_v1", 1)
[16:16:49.095174] {mesa formats query} wl_registry#53.global(54, "ext_data_control_manager_v1", 1)
[16:16:49.095176] {mesa formats query} wl_registry#53.global(55, "wp_pointer_warp_v1", 1)
[16:16:49.095178] {mesa formats query} wl_registry#53.global(56, "wp_fifo_manager_v1", 1)
[16:16:49.095180] {mesa formats query}  -> wl_registry#53.bind(56, "wp_fifo_manager_v1", 1, new id [unknown]#49)
[16:16:49.095182] {mesa formats query} wl_registry#53.global(57, "zxdg_exporter_v2", 1)
[16:16:49.095183] {mesa formats query} wl_registry#53.global(58, "zxdg_importer_v2", 1)
[16:16:49.095185] {mesa formats query} wl_registry#53.global(59, "ext_background_effect_manager_v1", 1)
[16:16:49.095187] {mesa formats query} wl_registry#53.global(60, "wp_commit_timing_manager_v1", 1)
[16:16:49.095189] {mesa formats query}  -> wl_registry#53.bind(60, "wp_commit_timing_manager_v1", 1, new id [unknown]#48)
[16:16:49.095191] {mesa formats query} wl_registry#53.global(61, "zwlr_screencopy_manager_v1", 3)
[16:16:49.095193] {mesa formats query} wl_registry#53.global(62, "hyprland_toplevel_export_manager_v1", 2)
[16:16:49.095194] {mesa formats query} wl_registry#53.global(63, "ext_output_image_capture_source_manager_v1", 1)
[16:16:49.095196] {mesa formats query} wl_registry#53.global(64, "ext_foreign_toplevel_image_capture_source_manager_v1", 1)
[16:16:49.095198] {mesa formats query} wl_registry#53.global(65, "ext_image_copy_capture_manager_v1", 1)
[16:16:49.095200] {mesa formats query} wl_registry#53.global(66, "wp_color_manager_v1", 3)
[16:16:49.095202] {mesa formats query}  -> wl_registry#53.bind(66, "wp_color_manager_v1", 1, new id [unknown]#52)
[16:16:49.095206] {mesa formats query} wl_registry#53.global(67, "wl_drm", 2)
[16:16:49.095209] {mesa formats query} wl_registry#53.global(68, "zwp_linux_dmabuf_v1", 5)
[16:16:49.095211] {mesa formats query}  -> wl_registry#53.bind(68, "zwp_linux_dmabuf_v1", 4, new id [unknown]#46)
[16:16:49.095214] {mesa formats query} wl_registry#53.global(69, "wl_output", 4)
[16:16:49.095216] {mesa formats query} wl_callback#54.done(0)
[16:16:49.095218] {mesa formats query}  -> zwp_linux_dmabuf_v1#46.get_default_feedback(new id zwp_linux_dmabuf_feedback_v1#54)
[16:16:49.095220] {mesa formats query}  -> wl_display#1.sync(new id wl_callback#55)
[16:16:49.095246] {Display Queue} wl_display#1.delete_id(55)
[16:16:49.095252] {mesa formats query} wp_presentation#50.clock_id(1)
[16:16:49.095254] {mesa formats query} wp_color_manager_v1#52.supported_feature(1)
[16:16:49.095256] {mesa formats query} wp_color_manager_v1#52.supported_feature(2)
[16:16:49.095257] {mesa formats query} wp_color_manager_v1#52.supported_feature(4)
[16:16:49.095259] {mesa formats query} wp_color_manager_v1#52.supported_feature(7)
[16:16:49.095260] {mesa formats query} wp_color_manager_v1#52.supported_feature(5)
[16:16:49.095262] {mesa formats query} wp_color_manager_v1#52.supported_feature(6)
[16:16:49.095264] {mesa formats query} wp_color_manager_v1#52.supported_primaries_named(1)
[16:16:49.095265] {mesa formats query} wp_color_manager_v1#52.supported_primaries_named(6)
[16:16:49.095267] {mesa formats query} wp_color_manager_v1#52.supported_primaries_named(2)
[16:16:49.095268] {mesa formats query} wp_color_manager_v1#52.supported_primaries_named(3)
[16:16:49.095270] {mesa formats query} wp_color_manager_v1#52.supported_primaries_named(4)
[16:16:49.095271] {mesa formats query} wp_color_manager_v1#52.supported_primaries_named(5)
[16:16:49.095273] {mesa formats query} wp_color_manager_v1#52.supported_primaries_named(8)
[16:16:49.095274] {mesa formats query} wp_color_manager_v1#52.supported_primaries_named(9)
[16:16:49.095276] {mesa formats query} wp_color_manager_v1#52.supported_primaries_named(10)
[16:16:49.095278] {mesa formats query} wp_color_manager_v1#52.supported_primaries_named(7)
[16:16:49.095279] {mesa formats query} wp_color_manager_v1#52.supported_tf_named(9)
[16:16:49.095281] {mesa formats query} wp_color_manager_v1#52.supported_tf_named(10)
[16:16:49.095282] {mesa formats query} wp_color_manager_v1#52.supported_tf_named(2)
[16:16:49.095284] {mesa formats query} wp_color_manager_v1#52.supported_tf_named(3)
[16:16:49.095285] {mesa formats query} wp_color_manager_v1#52.supported_tf_named(5)
[16:16:49.095287] {mesa formats query} wp_color_manager_v1#52.supported_tf_named(11)
[16:16:49.095289] {mesa formats query} wp_color_manager_v1#52.supported_tf_named(13)
[16:16:49.095290] {mesa formats query} wp_color_manager_v1#52.supported_tf_named(1)
[16:16:49.095292] {mesa formats query} wp_color_manager_v1#52.supported_tf_named(4)
[16:16:49.095293] {mesa formats query} wp_color_manager_v1#52.supported_tf_named(6)
[16:16:49.095295] {mesa formats query} wp_color_manager_v1#52.supported_tf_named(7)
[16:16:49.095296] {mesa formats query} wp_color_manager_v1#52.supported_tf_named(8)
[16:16:49.095298] {mesa formats query} wp_color_manager_v1#52.supported_tf_named(12)
[16:16:49.095300] {mesa formats query} wp_color_manager_v1#52.supported_intent(0)
[16:16:49.095301] {mesa formats query} wp_color_manager_v1#52.done()
[16:16:49.095303] {mesa formats query} zwp_linux_dmabuf_feedback_v1#54.format_table(fd 17, 2960)
[16:16:49.095307] {mesa formats query} zwp_linux_dmabuf_feedback_v1#54.main_device(array[8])
[16:16:49.095308] {mesa formats query} zwp_linux_dmabuf_feedback_v1#54.tranche_target_device(array[8])
[16:16:49.095310] {mesa formats query} zwp_linux_dmabuf_feedback_v1#54.tranche_flags(0)
[16:16:49.095312] {mesa formats query} zwp_linux_dmabuf_feedback_v1#54.tranche_formats(array[370])
[16:16:49.095321] {mesa formats query} zwp_linux_dmabuf_feedback_v1#54.tranche_done()
[16:16:49.095323] {mesa formats query} zwp_linux_dmabuf_feedback_v1#54.done()
[16:16:49.095326] {mesa formats query} wl_callback#55.done(0)
[16:16:49.095329] {mesa formats query}  -> wl_display#1.sync(new id wl_callback#55)
[16:16:49.095414] {Display Queue} wl_display#1.delete_id(55)
[16:16:49.095416] {mesa formats query} wl_callback#55.done(0)
[16:16:49.095418] {mesa formats query}  -> zwp_linux_dmabuf_feedback_v1#54.destroy()
[16:16:49.095422] {mesa formats query}  -> zwp_linux_dmabuf_v1#46.destroy()
[16:16:49.095424] {mesa formats query}  -> wp_presentation#50.destroy()
[16:16:49.095426] {mesa formats query}  -> wp_fifo_manager_v1#49.destroy()
[16:16:49.095428] {mesa formats query}  -> wp_commit_timing_manager_v1#48.destroy()
[16:16:49.095429] {mesa formats query}  -> wp_tearing_control_manager_v1#47.destroy()
[16:16:49.095431] {mesa formats query}  -> wp_color_manager_v1#52.destroy()
[16:16:49.095443] {mesa image count query}  -> wl_display#1.get_registry(new id wl_registry#55)
[16:16:49.095445] {mesa image count query}  -> wl_display#1.sync(new id wl_callback#56)
[16:16:49.095711] {Display Queue} wl_display#1.delete_id(54)
[16:16:49.095713] {Display Queue} wl_display#1.delete_id(46)
[16:16:49.095715] {Display Queue} wl_display#1.delete_id(50)
[16:16:49.095716] {Display Queue} wl_display#1.delete_id(49)
[16:16:49.095718] {Display Queue} wl_display#1.delete_id(48)
[16:16:49.095720] {Display Queue} wl_display#1.delete_id(47)
[16:16:49.095721] {Display Queue} wl_display#1.delete_id(56)
[16:16:49.095723] {mesa image count query} wl_registry#55.global(1, "wl_seat", 9)
[16:16:49.095725] {mesa image count query} wl_registry#55.global(2, "wl_data_device_manager", 3)
[16:16:49.095727] {mesa image count query} wl_registry#55.global(3, "wl_compositor", 6)
[16:16:49.095728] {mesa image count query} wl_registry#55.global(4, "wl_subcompositor", 1)
[16:16:49.095730] {mesa image count query} wl_registry#55.global(5, "wl_shm", 2)
[16:16:49.095732] {mesa image count query} wl_registry#55.global(6, "wp_viewporter", 1)
[16:16:49.095734] {mesa image count query} wl_registry#55.global(7, "wp_tearing_control_manager_v1", 1)
[16:16:49.095736] {mesa image count query}  -> wl_registry#55.bind(7, "wp_tearing_control_manager_v1", 1, new id [unknown]#47)
[16:16:49.095738] {mesa image count query} wl_registry#55.global(8, "wp_fractional_scale_manager_v1", 1)
[16:16:49.095740] {mesa image count query} wl_registry#55.global(9, "zxdg_output_manager_v1", 3)
[16:16:49.095742] {mesa image count query} wl_registry#55.global(10, "wp_cursor_shape_manager_v1", 2)
[16:16:49.095743] {mesa image count query} wl_registry#55.global(11, "zwp_idle_inhibit_manager_v1", 1)
[16:16:49.095745] {mesa image count query} wl_registry#55.global(12, "zwp_relative_pointer_manager_v1", 1)
[16:16:49.095747] {mesa image count query} wl_registry#55.global(13, "zxdg_decoration_manager_v1", 2)
[16:16:49.095749] {mesa image count query} wl_registry#55.global(14, "wp_alpha_modifier_v1", 1)
[16:16:49.095751] {mesa image count query} wl_registry#55.global(15, "zwlr_gamma_control_manager_v1", 1)
[16:16:49.095752] {mesa image count query} wl_registry#55.global(16, "ext_foreign_toplevel_list_v1", 1)
[16:16:49.095754] {mesa image count query} wl_registry#55.global(17, "zwp_pointer_gestures_v1", 3)
[16:16:49.095756] {mesa image count query} wl_registry#55.global(18, "zwlr_foreign_toplevel_manager_v1", 3)
[16:16:49.095758] {mesa image count query} wl_registry#55.global(19, "zwp_keyboard_shortcuts_inhibit_manager_v1", 1)
[16:16:49.095759] {mesa image count query} wl_registry#55.global(20, "zwp_text_input_manager_v1", 1)
[16:16:49.095761] {mesa image count query} wl_registry#55.global(21, "zwp_text_input_manager_v3", 1)
[16:16:49.095763] {mesa image count query} wl_registry#55.global(22, "zwp_pointer_constraints_v1", 1)
[16:16:49.095765] {mesa image count query} wl_registry#55.global(23, "zwlr_output_power_manager_v1", 1)
[16:16:49.095766] {mesa image count query} wl_registry#55.global(24, "xdg_activation_v1", 1)
[16:16:49.095768] {mesa image count query} wl_registry#55.global(25, "ext_idle_notifier_v1", 2)
[16:16:49.095770] {mesa image count query} wl_registry#55.global(26, "hyprland_lock_notifier_v1", 1)
[16:16:49.095774] {mesa image count query} wl_registry#55.global(27, "ext_session_lock_manager_v1", 1)
[16:16:49.095776] {mesa image count query} wl_registry#55.global(28, "zwp_input_method_manager_v2", 1)
[16:16:49.095778] {mesa image count query} wl_registry#55.global(29, "zwp_virtual_keyboard_manager_v1", 1)
[16:16:49.095780] {mesa image count query} wl_registry#55.global(30, "zwlr_virtual_pointer_manager_v1", 2)
[16:16:49.095782] {mesa image count query} wl_registry#55.global(31, "zwlr_output_manager_v1", 4)
[16:16:49.095783] {mesa image count query} wl_registry#55.global(32, "org_kde_kwin_server_decoration_manager", 1)
[16:16:49.095785] {mesa image count query} wl_registry#55.global(33, "hyprland_focus_grab_manager_v1", 1)
[16:16:49.095787] {mesa image count query} wl_registry#55.global(34, "zwp_tablet_manager_v2", 1)
[16:16:49.095789] {mesa image count query} wl_registry#55.global(35, "zwlr_layer_shell_v1", 5)
[16:16:49.095791] {mesa image count query} wl_registry#55.global(36, "wp_presentation", 2)
[16:16:49.095793] {mesa image count query}  -> wl_registry#55.bind(36, "wp_presentation", 2, new id [unknown]#48)
[16:16:49.095794] {mesa image count query} wl_registry#55.global(37, "xdg_wm_base", 7)
[16:16:49.095796] {mesa image count query} wl_registry#55.global(38, "zwlr_data_control_manager_v1", 2)
[16:16:49.095798] {mesa image count query} wl_registry#55.global(39, "zwp_primary_selection_device_manager_v1", 1)
[16:16:49.095800] {mesa image count query} wl_registry#55.global(40, "xwayland_shell_v1", 1)
[16:16:49.095802] {mesa image count query} wl_registry#55.global(41, "hyprland_toplevel_mapping_manager_v1", 1)
[16:16:49.095803] {mesa image count query} wl_registry#55.global(42, "hyprland_global_shortcuts_manager_v1", 1)
[16:16:49.095805] {mesa image count query} wl_registry#55.global(43, "xdg_wm_dialog_v1", 1)
[16:16:49.095807] {mesa image count query} wl_registry#55.global(44, "wp_single_pixel_buffer_manager_v1", 1)
[16:16:49.095809] {mesa image count query} wl_registry#55.global(45, "wp_security_context_manager_v1", 1)
[16:16:49.095810] {mesa image count query} wl_registry#55.global(46, "hyprland_ctm_control_manager_v1", 2)
[16:16:49.095812] {mesa image count query} wl_registry#55.global(47, "hyprland_input_capture_manager_v1", 1)
[16:16:49.095814] {mesa image count query} wl_registry#55.global(48, "hyprland_surface_manager_v1", 2)
[16:16:49.095816] {mesa image count query} wl_registry#55.global(49, "wp_content_type_manager_v1", 1)
[16:16:49.095818] {mesa image count query} wl_registry#55.global(50, "xdg_toplevel_tag_manager_v1", 1)
[16:16:49.095819] {mesa image count query} wl_registry#55.global(51, "xdg_system_bell_v1", 1)
[16:16:49.095821] {mesa image count query} wl_registry#55.global(52, "vicinae_hotkey_manager_v1", 1)
[16:16:49.095823] {mesa image count query} wl_registry#55.global(53, "ext_workspace_manager_v1", 1)
[16:16:49.095825] {mesa image count query} wl_registry#55.global(54, "ext_data_control_manager_v1", 1)
[16:16:49.095827] {mesa image count query} wl_registry#55.global(55, "wp_pointer_warp_v1", 1)
[16:16:49.095828] {mesa image count query} wl_registry#55.global(56, "wp_fifo_manager_v1", 1)
[16:16:49.095830] {mesa image count query}  -> wl_registry#55.bind(56, "wp_fifo_manager_v1", 1, new id [unknown]#49)
[16:16:49.095832] {mesa image count query} wl_registry#55.global(57, "zxdg_exporter_v2", 1)
[16:16:49.095834] {mesa image count query} wl_registry#55.global(58, "zxdg_importer_v2", 1)
[16:16:49.095836] {mesa image count query} wl_registry#55.global(59, "ext_background_effect_manager_v1", 1)
[16:16:49.095838] {mesa image count query} wl_registry#55.global(60, "wp_commit_timing_manager_v1", 1)
[16:16:49.095840] {mesa image count query}  -> wl_registry#55.bind(60, "wp_commit_timing_manager_v1", 1, new id [unknown]#50)
[16:16:49.095841] {mesa image count query} wl_registry#55.global(61, "zwlr_screencopy_manager_v1", 3)
[16:16:49.095843] {mesa image count query} wl_registry#55.global(62, "hyprland_toplevel_export_manager_v1", 2)
[16:16:49.095845] {mesa image count query} wl_registry#55.global(63, "ext_output_image_capture_source_manager_v1", 1)
[16:16:49.095848] {mesa image count query} wl_registry#55.global(64, "ext_foreign_toplevel_image_capture_source_manager_v1", 1)
[16:16:49.095850] {mesa image count query} wl_registry#55.global(65, "ext_image_copy_capture_manager_v1", 1)
[16:16:49.095852] {mesa image count query} wl_registry#55.global(66, "wp_color_manager_v1", 3)
[16:16:49.095854] {mesa image count query}  -> wl_registry#55.bind(66, "wp_color_manager_v1", 1, new id [unknown]#46)
[16:16:49.095856] {mesa image count query} wl_registry#55.global(67, "wl_drm", 2)
[16:16:49.095858] {mesa image count query} wl_registry#55.global(68, "zwp_linux_dmabuf_v1", 5)
[16:16:49.095860] {mesa image count query}  -> wl_registry#55.bind(68, "zwp_linux_dmabuf_v1", 4, new id [unknown]#54)
[16:16:49.095862] {mesa image count query} wl_registry#55.global(69, "wl_output", 4)
[16:16:49.095864] {mesa image count query} wl_callback#56.done(0)
[16:16:49.095866] {mesa image count query}  -> zwp_linux_dmabuf_v1#54.get_default_feedback(new id zwp_linux_dmabuf_feedback_v1#56)
[16:16:49.095868] {mesa image count query}  -> wl_display#1.sync(new id wl_callback#57)
[16:16:49.095903] {Display Queue} wl_display#1.delete_id(57)
[16:16:49.095905] {mesa image count query} wp_presentation#48.clock_id(1)
[16:16:49.095907] {mesa image count query} wp_color_manager_v1#46.supported_feature(1)
[16:16:49.095908] {mesa image count query} wp_color_manager_v1#46.supported_feature(2)
[16:16:49.095910] {mesa image count query} wp_color_manager_v1#46.supported_feature(4)
[16:16:49.095911] {mesa image count query} wp_color_manager_v1#46.supported_feature(7)
[16:16:49.095913] {mesa image count query} wp_color_manager_v1#46.supported_feature(5)
[16:16:49.095914] {mesa image count query} wp_color_manager_v1#46.supported_feature(6)
[16:16:49.095916] {mesa image count query} wp_color_manager_v1#46.supported_primaries_named(1)
[16:16:49.095918] {mesa image count query} wp_color_manager_v1#46.supported_primaries_named(6)
[16:16:49.095919] {mesa image count query} wp_color_manager_v1#46.supported_primaries_named(2)
[16:16:49.095921] {mesa image count query} wp_color_manager_v1#46.supported_primaries_named(3)
[16:16:49.095922] {mesa image count query} wp_color_manager_v1#46.supported_primaries_named(4)
[16:16:49.095924] {mesa image count query} wp_color_manager_v1#46.supported_primaries_named(5)
[16:16:49.095925] {mesa image count query} wp_color_manager_v1#46.supported_primaries_named(8)
[16:16:49.095927] {mesa image count query} wp_color_manager_v1#46.supported_primaries_named(9)
[16:16:49.095928] {mesa image count query} wp_color_manager_v1#46.supported_primaries_named(10)
[16:16:49.095930] {mesa image count query} wp_color_manager_v1#46.supported_primaries_named(7)
[16:16:49.095932] {mesa image count query} wp_color_manager_v1#46.supported_tf_named(9)
[16:16:49.095933] {mesa image count query} wp_color_manager_v1#46.supported_tf_named(10)
[16:16:49.095935] {mesa image count query} wp_color_manager_v1#46.supported_tf_named(2)
[16:16:49.095936] {mesa image count query} wp_color_manager_v1#46.supported_tf_named(3)
[16:16:49.095938] {mesa image count query} wp_color_manager_v1#46.supported_tf_named(5)
[16:16:49.095939] {mesa image count query} wp_color_manager_v1#46.supported_tf_named(11)
[16:16:49.095941] {mesa image count query} wp_color_manager_v1#46.supported_tf_named(13)
[16:16:49.095943] {mesa image count query} wp_color_manager_v1#46.supported_tf_named(1)
[16:16:49.095944] {mesa image count query} wp_color_manager_v1#46.supported_tf_named(4)
[16:16:49.095946] {mesa image count query} wp_color_manager_v1#46.supported_tf_named(6)
[16:16:49.095947] {mesa image count query} wp_color_manager_v1#46.supported_tf_named(7)
[16:16:49.095949] {mesa image count query} wp_color_manager_v1#46.supported_tf_named(8)
[16:16:49.095950] {mesa image count query} wp_color_manager_v1#46.supported_tf_named(12)
[16:16:49.095952] {mesa image count query} wp_color_manager_v1#46.supported_intent(0)
[16:16:49.095954] {mesa image count query} wp_color_manager_v1#46.done()
[16:16:49.095957] {mesa image count query} zwp_linux_dmabuf_feedback_v1#56.format_table(fd 17, 2960)
[16:16:49.095961] {mesa image count query} zwp_linux_dmabuf_feedback_v1#56.main_device(array[8])
[16:16:49.095962] {mesa image count query} zwp_linux_dmabuf_feedback_v1#56.tranche_target_device(array[8])
[16:16:49.095964] {mesa image count query} zwp_linux_dmabuf_feedback_v1#56.tranche_flags(0)
[16:16:49.095966] {mesa image count query} zwp_linux_dmabuf_feedback_v1#56.tranche_formats(array[370])
[16:16:49.095974] {mesa image count query} zwp_linux_dmabuf_feedback_v1#56.tranche_done()
[16:16:49.095976] {mesa image count query} zwp_linux_dmabuf_feedback_v1#56.done()
[16:16:49.095978] {mesa image count query} wl_callback#57.done(0)
[16:16:49.095980] {mesa image count query}  -> wl_display#1.sync(new id wl_callback#57)
[16:16:49.095993] {Display Queue} wl_display#1.delete_id(57)
[16:16:49.095995] {mesa image count query} wl_callback#57.done(0)
[16:16:49.095997] {mesa image count query}  -> zwp_linux_dmabuf_feedback_v1#56.destroy()
[16:16:49.096001] {mesa image count query}  -> zwp_linux_dmabuf_v1#54.destroy()
[16:16:49.096003] {mesa image count query}  -> wp_presentation#48.destroy()
[16:16:49.096005] {mesa image count query}  -> wp_fifo_manager_v1#49.destroy()
[16:16:49.096006] {mesa image count query}  -> wp_commit_timing_manager_v1#50.destroy()
[16:16:49.096008] {mesa image count query}  -> wp_tearing_control_manager_v1#47.destroy()
[16:16:49.096010] {mesa image count query}  -> wp_color_manager_v1#46.destroy()
[16:16:49.096012] {mesa present modes query}  -> wl_display#1.get_registry(new id wl_registry#57)
[16:16:49.096014] {mesa present modes query}  -> wl_display#1.sync(new id wl_callback#58)
[16:16:49.096051] {Display Queue} wl_display#1.delete_id(56)
[16:16:49.096053] {Display Queue} wl_display#1.delete_id(54)
[16:16:49.096055] {Display Queue} wl_display#1.delete_id(48)
[16:16:49.096056] {Display Queue} wl_display#1.delete_id(49)
[16:16:49.096058] {Display Queue} wl_display#1.delete_id(50)
[16:16:49.096059] {Display Queue} wl_display#1.delete_id(47)
[16:16:49.096061] {Display Queue} wl_display#1.delete_id(58)
[16:16:49.096063] {mesa present modes query} wl_registry#57.global(1, "wl_seat", 9)
[16:16:49.096065] {mesa present modes query} wl_registry#57.global(2, "wl_data_device_manager", 3)
[16:16:49.096067] {mesa present modes query} wl_registry#57.global(3, "wl_compositor", 6)
[16:16:49.096069] {mesa present modes query} wl_registry#57.global(4, "wl_subcompositor", 1)
[16:16:49.096071] {mesa present modes query} wl_registry#57.global(5, "wl_shm", 2)
[16:16:49.096073] {mesa present modes query} wl_registry#57.global(6, "wp_viewporter", 1)
[16:16:49.096075] {mesa present modes query} wl_registry#57.global(7, "wp_tearing_control_manager_v1", 1)
[16:16:49.096077] {mesa present modes query}  -> wl_registry#57.bind(7, "wp_tearing_control_manager_v1", 1, new id [unknown]#47)
[16:16:49.096079] {mesa present modes query} wl_registry#57.global(8, "wp_fractional_scale_manager_v1", 1)
[16:16:49.096081] {mesa present modes query} wl_registry#57.global(9, "zxdg_output_manager_v1", 3)
[16:16:49.096083] {mesa present modes query} wl_registry#57.global(10, "wp_cursor_shape_manager_v1", 2)
[16:16:49.096085] {mesa present modes query} wl_registry#57.global(11, "zwp_idle_inhibit_manager_v1", 1)
[16:16:49.096087] {mesa present modes query} wl_registry#57.global(12, "zwp_relative_pointer_manager_v1", 1)
[16:16:49.096089] {mesa present modes query} wl_registry#57.global(13, "zxdg_decoration_manager_v1", 2)
[16:16:49.096091] {mesa present modes query} wl_registry#57.global(14, "wp_alpha_modifier_v1", 1)
[16:16:49.096093] {mesa present modes query} wl_registry#57.global(15, "zwlr_gamma_control_manager_v1", 1)
[16:16:49.096095] {mesa present modes query} wl_registry#57.global(16, "ext_foreign_toplevel_list_v1", 1)
[16:16:49.096098] {mesa present modes query} wl_registry#57.global(17, "zwp_pointer_gestures_v1", 3)
[16:16:49.096100] {mesa present modes query} wl_registry#57.global(18, "zwlr_foreign_toplevel_manager_v1", 3)
[16:16:49.096104] {mesa present modes query} wl_registry#57.global(19, "zwp_keyboard_shortcuts_inhibit_manager_v1", 1)
[16:16:49.096107] {mesa present modes query} wl_registry#57.global(20, "zwp_text_input_manager_v1", 1)
[16:16:49.096109] {mesa present modes query} wl_registry#57.global(21, "zwp_text_input_manager_v3", 1)
[16:16:49.096111] {mesa present modes query} wl_registry#57.global(22, "zwp_pointer_constraints_v1", 1)
[16:16:49.096113] {mesa present modes query} wl_registry#57.global(23, "zwlr_output_power_manager_v1", 1)
[16:16:49.096115] {mesa present modes query} wl_registry#57.global(24, "xdg_activation_v1", 1)
[16:16:49.096117] {mesa present modes query} wl_registry#57.global(25, "ext_idle_notifier_v1", 2)
[16:16:49.096118] {mesa present modes query} wl_registry#57.global(26, "hyprland_lock_notifier_v1", 1)
[16:16:49.096120] {mesa present modes query} wl_registry#57.global(27, "ext_session_lock_manager_v1", 1)
[16:16:49.096122] {mesa present modes query} wl_registry#57.global(28, "zwp_input_method_manager_v2", 1)
[16:16:49.096124] {mesa present modes query} wl_registry#57.global(29, "zwp_virtual_keyboard_manager_v1", 1)
[16:16:49.096126] {mesa present modes query} wl_registry#57.global(30, "zwlr_virtual_pointer_manager_v1", 2)
[16:16:49.096128] {mesa present modes query} wl_registry#57.global(31, "zwlr_output_manager_v1", 4)
[16:16:49.096130] {mesa present modes query} wl_registry#57.global(32, "org_kde_kwin_server_decoration_manager", 1)
[16:16:49.096131] {mesa present modes query} wl_registry#57.global(33, "hyprland_focus_grab_manager_v1", 1)
[16:16:49.096133] {mesa present modes query} wl_registry#57.global(34, "zwp_tablet_manager_v2", 1)
[16:16:49.096135] {mesa present modes query} wl_registry#57.global(35, "zwlr_layer_shell_v1", 5)
[16:16:49.096137] {mesa present modes query} wl_registry#57.global(36, "wp_presentation", 2)
[16:16:49.096139] {mesa present modes query}  -> wl_registry#57.bind(36, "wp_presentation", 2, new id [unknown]#50)
[16:16:49.096141] {mesa present modes query} wl_registry#57.global(37, "xdg_wm_base", 7)
[16:16:49.096143] {mesa present modes query} wl_registry#57.global(38, "zwlr_data_control_manager_v1", 2)
[16:16:49.096145] {mesa present modes query} wl_registry#57.global(39, "zwp_primary_selection_device_manager_v1", 1)
[16:16:49.096147] {mesa present modes query} wl_registry#57.global(40, "xwayland_shell_v1", 1)
[16:16:49.096148] {mesa present modes query} wl_registry#57.global(41, "hyprland_toplevel_mapping_manager_v1", 1)
[16:16:49.096150] {mesa present modes query} wl_registry#57.global(42, "hyprland_global_shortcuts_manager_v1", 1)
[16:16:49.096152] {mesa present modes query} wl_registry#57.global(43, "xdg_wm_dialog_v1", 1)
[16:16:49.096154] {mesa present modes query} wl_registry#57.global(44, "wp_single_pixel_buffer_manager_v1", 1)
[16:16:49.096156] {mesa present modes query} wl_registry#57.global(45, "wp_security_context_manager_v1", 1)
[16:16:49.096158] {mesa present modes query} wl_registry#57.global(46, "hyprland_ctm_control_manager_v1", 2)
[16:16:49.096159] {mesa present modes query} wl_registry#57.global(47, "hyprland_input_capture_manager_v1", 1)
[16:16:49.096161] {mesa present modes query} wl_registry#57.global(48, "hyprland_surface_manager_v1", 2)
[16:16:49.096163] {mesa present modes query} wl_registry#57.global(49, "wp_content_type_manager_v1", 1)
[16:16:49.096165] {mesa present modes query} wl_registry#57.global(50, "xdg_toplevel_tag_manager_v1", 1)
[16:16:49.096167] {mesa present modes query} wl_registry#57.global(51, "xdg_system_bell_v1", 1)
[16:16:49.096169] {mesa present modes query} wl_registry#57.global(52, "vicinae_hotkey_manager_v1", 1)
[16:16:49.096170] {mesa present modes query} wl_registry#57.global(53, "ext_workspace_manager_v1", 1)
[16:16:49.096172] {mesa present modes query} wl_registry#57.global(54, "ext_data_control_manager_v1", 1)
[16:16:49.096174] {mesa present modes query} wl_registry#57.global(55, "wp_pointer_warp_v1", 1)
[16:16:49.096176] {mesa present modes query} wl_registry#57.global(56, "wp_fifo_manager_v1", 1)
[16:16:49.096179] {mesa present modes query}  -> wl_registry#57.bind(56, "wp_fifo_manager_v1", 1, new id [unknown]#49)
[16:16:49.096182] {mesa present modes query} wl_registry#57.global(57, "zxdg_exporter_v2", 1)
[16:16:49.096184] {mesa present modes query} wl_registry#57.global(58, "zxdg_importer_v2", 1)
[16:16:49.096186] {mesa present modes query} wl_registry#57.global(59, "ext_background_effect_manager_v1", 1)
[16:16:49.096188] {mesa present modes query} wl_registry#57.global(60, "wp_commit_timing_manager_v1", 1)
[16:16:49.096190] {mesa present modes query}  -> wl_registry#57.bind(60, "wp_commit_timing_manager_v1", 1, new id [unknown]#48)
[16:16:49.096192] {mesa present modes query} wl_registry#57.global(61, "zwlr_screencopy_manager_v1", 3)
[16:16:49.096194] {mesa present modes query} wl_registry#57.global(62, "hyprland_toplevel_export_manager_v1", 2)
[16:16:49.096195] {mesa present modes query} wl_registry#57.global(63, "ext_output_image_capture_source_manager_v1", 1)
[16:16:49.096197] {mesa present modes query} wl_registry#57.global(64, "ext_foreign_toplevel_image_capture_source_manager_v1", 1)
[16:16:49.096200] {mesa present modes query} wl_registry#57.global(65, "ext_image_copy_capture_manager_v1", 1)
[16:16:49.096202] {mesa present modes query} wl_registry#57.global(66, "wp_color_manager_v1", 3)
[16:16:49.096204] {mesa present modes query}  -> wl_registry#57.bind(66, "wp_color_manager_v1", 1, new id [unknown]#54)
[16:16:49.096206] {mesa present modes query} wl_registry#57.global(67, "wl_drm", 2)
[16:16:49.096208] {mesa present modes query} wl_registry#57.global(68, "zwp_linux_dmabuf_v1", 5)
[16:16:49.096210] {mesa present modes query}  -> wl_registry#57.bind(68, "zwp_linux_dmabuf_v1", 4, new id [unknown]#56)
[16:16:49.096212] {mesa present modes query} wl_registry#57.global(69, "wl_output", 4)
[16:16:49.096214] {mesa present modes query} wl_callback#58.done(0)
[16:16:49.096215] {mesa present modes query}  -> zwp_linux_dmabuf_v1#56.get_default_feedback(new id zwp_linux_dmabuf_feedback_v1#58)
[16:16:49.096218] {mesa present modes query}  -> wl_display#1.sync(new id wl_callback#59)
[16:16:49.096244] {Display Queue} wl_display#1.delete_id(59)
[16:16:49.096246] {mesa present modes query} wp_presentation#50.clock_id(1)
[16:16:49.096250] {mesa present modes query} wp_color_manager_v1#54.supported_feature(1)
[16:16:49.096252] {mesa present modes query} wp_color_manager_v1#54.supported_feature(2)
[16:16:49.096254] {mesa present modes query} wp_color_manager_v1#54.supported_feature(4)
[16:16:49.096255] {mesa present modes query} wp_color_manager_v1#54.supported_feature(7)
[16:16:49.096257] {mesa present modes query} wp_color_manager_v1#54.supported_feature(5)
[16:16:49.096259] {mesa present modes query} wp_color_manager_v1#54.supported_feature(6)
[16:16:49.096260] {mesa present modes query} wp_color_manager_v1#54.supported_primaries_named(1)
[16:16:49.096262] {mesa present modes query} wp_color_manager_v1#54.supported_primaries_named(6)
[16:16:49.096263] {mesa present modes query} wp_color_manager_v1#54.supported_primaries_named(2)
[16:16:49.096265] {mesa present modes query} wp_color_manager_v1#54.supported_primaries_named(3)
[16:16:49.096266] {mesa present modes query} wp_color_manager_v1#54.supported_primaries_named(4)
[16:16:49.096268] {mesa present modes query} wp_color_manager_v1#54.supported_primaries_named(5)
[16:16:49.096270] {mesa present modes query} wp_color_manager_v1#54.supported_primaries_named(8)
[16:16:49.096271] {mesa present modes query} wp_color_manager_v1#54.supported_primaries_named(9)
[16:16:49.096273] {mesa present modes query} wp_color_manager_v1#54.supported_primaries_named(10)
[16:16:49.096274] {mesa present modes query} wp_color_manager_v1#54.supported_primaries_named(7)
[16:16:49.096276] {mesa present modes query} wp_color_manager_v1#54.supported_tf_named(9)
[16:16:49.096277] {mesa present modes query} wp_color_manager_v1#54.supported_tf_named(10)
[16:16:49.096279] {mesa present modes query} wp_color_manager_v1#54.supported_tf_named(2)
[16:16:49.096281] {mesa present modes query} wp_color_manager_v1#54.supported_tf_named(3)
[16:16:49.096284] {mesa present modes query} wp_color_manager_v1#54.supported_tf_named(5)
[16:16:49.096286] {mesa present modes query} wp_color_manager_v1#54.supported_tf_named(11)
[16:16:49.096288] {mesa present modes query} wp_color_manager_v1#54.supported_tf_named(13)
[16:16:49.096289] {mesa present modes query} wp_color_manager_v1#54.supported_tf_named(1)
[16:16:49.096291] {mesa present modes query} wp_color_manager_v1#54.supported_tf_named(4)
[16:16:49.096293] {mesa present modes query} wp_color_manager_v1#54.supported_tf_named(6)
[16:16:49.096294] {mesa present modes query} wp_color_manager_v1#54.supported_tf_named(7)
[16:16:49.096296] {mesa present modes query} wp_color_manager_v1#54.supported_tf_named(8)
[16:16:49.096297] {mesa present modes query} wp_color_manager_v1#54.supported_tf_named(12)
[16:16:49.096299] {mesa present modes query} wp_color_manager_v1#54.supported_intent(0)
[16:16:49.096301] {mesa present modes query} wp_color_manager_v1#54.done()
[16:16:49.096302] {mesa present modes query} zwp_linux_dmabuf_feedback_v1#58.format_table(fd 17, 2960)
[16:16:49.096305] {mesa present modes query} zwp_linux_dmabuf_feedback_v1#58.main_device(array[8])
[16:16:49.096307] {mesa present modes query} zwp_linux_dmabuf_feedback_v1#58.tranche_target_device(array[8])
[16:16:49.096309] {mesa present modes query} zwp_linux_dmabuf_feedback_v1#58.tranche_flags(0)
[16:16:49.096310] {mesa present modes query} zwp_linux_dmabuf_feedback_v1#58.tranche_formats(array[370])
[16:16:49.096319] {mesa present modes query} zwp_linux_dmabuf_feedback_v1#58.tranche_done()
[16:16:49.096320] {mesa present modes query} zwp_linux_dmabuf_feedback_v1#58.done()
[16:16:49.096322] {mesa present modes query} wl_callback#59.done(0)
[16:16:49.096324] {mesa present modes query}  -> wl_display#1.sync(new id wl_callback#59)
[16:16:49.096514] {Display Queue} wl_display#1.delete_id(59)
[16:16:49.096516] {mesa present modes query} wl_callback#59.done(0)
[16:16:49.096518] {mesa present modes query}  -> zwp_linux_dmabuf_feedback_v1#58.destroy()
[16:16:49.096521] {mesa present modes query}  -> zwp_linux_dmabuf_v1#56.destroy()
[16:16:49.096523] {mesa present modes query}  -> wp_presentation#50.destroy()
[16:16:49.096524] {mesa present modes query}  -> wp_fifo_manager_v1#49.destroy()
[16:16:49.096526] {mesa present modes query}  -> wp_commit_timing_manager_v1#48.destroy()
[16:16:49.096527] {mesa present modes query}  -> wp_tearing_control_manager_v1#47.destroy()
[16:16:49.096529] {mesa present modes query}  -> wp_color_manager_v1#54.destroy()
[16:16:49.096531] {mesa present modes query}  -> wl_display#1.get_registry(new id wl_registry#59)
[16:16:49.096533] {mesa present modes query}  -> wl_display#1.sync(new id wl_callback#60)
[16:16:49.096582] {Display Queue} wl_display#1.delete_id(58)
[16:16:49.096586] {Display Queue} wl_display#1.delete_id(56)
[16:16:49.096588] {Display Queue} wl_display#1.delete_id(50)
[16:16:49.096590] {Display Queue} wl_display#1.delete_id(49)
[16:16:49.096591] {Display Queue} wl_display#1.delete_id(48)
[16:16:49.096593] {Display Queue} wl_display#1.delete_id(47)
[16:16:49.096594] {Display Queue} wl_display#1.delete_id(60)
[16:16:49.096596] {mesa present modes query} wl_registry#59.global(1, "wl_seat", 9)
[16:16:49.096598] {mesa present modes query} wl_registry#59.global(2, "wl_data_device_manager", 3)
[16:16:49.096599] {mesa present modes query} wl_registry#59.global(3, "wl_compositor", 6)
[16:16:49.096601] {mesa present modes query} wl_registry#59.global(4, "wl_subcompositor", 1)
[16:16:49.096603] {mesa present modes query} wl_registry#59.global(5, "wl_shm", 2)
[16:16:49.096605] {mesa present modes query} wl_registry#59.global(6, "wp_viewporter", 1)
[16:16:49.096607] {mesa present modes query} wl_registry#59.global(7, "wp_tearing_control_manager_v1", 1)
[16:16:49.096609] {mesa present modes query}  -> wl_registry#59.bind(7, "wp_tearing_control_manager_v1", 1, new id [unknown]#47)
[16:16:49.096612] {mesa present modes query} wl_registry#59.global(8, "wp_fractional_scale_manager_v1", 1)
[16:16:49.096613] {mesa present modes query} wl_registry#59.global(9, "zxdg_output_manager_v1", 3)
[16:16:49.096618] {mesa present modes query} wl_registry#59.global(10, "wp_cursor_shape_manager_v1", 2)
[16:16:49.096620] {mesa present modes query} wl_registry#59.global(11, "zwp_idle_inhibit_manager_v1", 1)
[16:16:49.096622] {mesa present modes query} wl_registry#59.global(12, "zwp_relative_pointer_manager_v1", 1)
[16:16:49.096624] {mesa present modes query} wl_registry#59.global(13, "zxdg_decoration_manager_v1", 2)
[16:16:49.096626] {mesa present modes query} wl_registry#59.global(14, "wp_alpha_modifier_v1", 1)
[16:16:49.096628] {mesa present modes query} wl_registry#59.global(15, "zwlr_gamma_control_manager_v1", 1)
[16:16:49.096630] {mesa present modes query} wl_registry#59.global(16, "ext_foreign_toplevel_list_v1", 1)
[16:16:49.096631] {mesa present modes query} wl_registry#59.global(17, "zwp_pointer_gestures_v1", 3)
[16:16:49.096633] {mesa present modes query} wl_registry#59.global(18, "zwlr_foreign_toplevel_manager_v1", 3)
[16:16:49.096635] {mesa present modes query} wl_registry#59.global(19, "zwp_keyboard_shortcuts_inhibit_manager_v1", 1)
[16:16:49.096637] {mesa present modes query} wl_registry#59.global(20, "zwp_text_input_manager_v1", 1)
[16:16:49.096639] {mesa present modes query} wl_registry#59.global(21, "zwp_text_input_manager_v3", 1)
[16:16:49.096641] {mesa present modes query} wl_registry#59.global(22, "zwp_pointer_constraints_v1", 1)
[16:16:49.096642] {mesa present modes query} wl_registry#59.global(23, "zwlr_output_power_manager_v1", 1)
[16:16:49.096644] {mesa present modes query} wl_registry#59.global(24, "xdg_activation_v1", 1)
[16:16:49.096646] {mesa present modes query} wl_registry#59.global(25, "ext_idle_notifier_v1", 2)
[16:16:49.096648] {mesa present modes query} wl_registry#59.global(26, "hyprland_lock_notifier_v1", 1)
[16:16:49.096650] {mesa present modes query} wl_registry#59.global(27, "ext_session_lock_manager_v1", 1)
[16:16:49.096651] {mesa present modes query} wl_registry#59.global(28, "zwp_input_method_manager_v2", 1)
[16:16:49.096653] {mesa present modes query} wl_registry#59.global(29, "zwp_virtual_keyboard_manager_v1", 1)
[16:16:49.096655] {mesa present modes query} wl_registry#59.global(30, "zwlr_virtual_pointer_manager_v1", 2)
[16:16:49.096657] {mesa present modes query} wl_registry#59.global(31, "zwlr_output_manager_v1", 4)
[16:16:49.096658] {mesa present modes query} wl_registry#59.global(32, "org_kde_kwin_server_decoration_manager", 1)
[16:16:49.096660] {mesa present modes query} wl_registry#59.global(33, "hyprland_focus_grab_manager_v1", 1)
[16:16:49.096662] {mesa present modes query} wl_registry#59.global(34, "zwp_tablet_manager_v2", 1)
[16:16:49.096664] {mesa present modes query} wl_registry#59.global(35, "zwlr_layer_shell_v1", 5)
[16:16:49.096666] {mesa present modes query} wl_registry#59.global(36, "wp_presentation", 2)
[16:16:49.096667] {mesa present modes query}  -> wl_registry#59.bind(36, "wp_presentation", 2, new id [unknown]#48)
[16:16:49.096669] {mesa present modes query} wl_registry#59.global(37, "xdg_wm_base", 7)
[16:16:49.096671] {mesa present modes query} wl_registry#59.global(38, "zwlr_data_control_manager_v1", 2)
[16:16:49.096673] {mesa present modes query} wl_registry#59.global(39, "zwp_primary_selection_device_manager_v1", 1)
[16:16:49.096675] {mesa present modes query} wl_registry#59.global(40, "xwayland_shell_v1", 1)
[16:16:49.096677] {mesa present modes query} wl_registry#59.global(41, "hyprland_toplevel_mapping_manager_v1", 1)
[16:16:49.096678] {mesa present modes query} wl_registry#59.global(42, "hyprland_global_shortcuts_manager_v1", 1)
[16:16:49.096680] {mesa present modes query} wl_registry#59.global(43, "xdg_wm_dialog_v1", 1)
[16:16:49.096682] {mesa present modes query} wl_registry#59.global(44, "wp_single_pixel_buffer_manager_v1", 1)
[16:16:49.096684] {mesa present modes query} wl_registry#59.global(45, "wp_security_context_manager_v1", 1)
[16:16:49.096686] {mesa present modes query} wl_registry#59.global(46, "hyprland_ctm_control_manager_v1", 2)
[16:16:49.096687] {mesa present modes query} wl_registry#59.global(47, "hyprland_input_capture_manager_v1", 1)
[16:16:49.096691] {mesa present modes query} wl_registry#59.global(48, "hyprland_surface_manager_v1", 2)
[16:16:49.096693] {mesa present modes query} wl_registry#59.global(49, "wp_content_type_manager_v1", 1)
[16:16:49.096695] {mesa present modes query} wl_registry#59.global(50, "xdg_toplevel_tag_manager_v1", 1)
[16:16:49.096697] {mesa present modes query} wl_registry#59.global(51, "xdg_system_bell_v1", 1)
[16:16:49.096699] {mesa present modes query} wl_registry#59.global(52, "vicinae_hotkey_manager_v1", 1)
[16:16:49.096701] {mesa present modes query} wl_registry#59.global(53, "ext_workspace_manager_v1", 1)
[16:16:49.096702] {mesa present modes query} wl_registry#59.global(54, "ext_data_control_manager_v1", 1)
[16:16:49.096704] {mesa present modes query} wl_registry#59.global(55, "wp_pointer_warp_v1", 1)
[16:16:49.096706] {mesa present modes query} wl_registry#59.global(56, "wp_fifo_manager_v1", 1)
[16:16:49.096708] {mesa present modes query}  -> wl_registry#59.bind(56, "wp_fifo_manager_v1", 1, new id [unknown]#49)
[16:16:49.096710] {mesa present modes query} wl_registry#59.global(57, "zxdg_exporter_v2", 1)
[16:16:49.096712] {mesa present modes query} wl_registry#59.global(58, "zxdg_importer_v2", 1)
[16:16:49.096713] {mesa present modes query} wl_registry#59.global(59, "ext_background_effect_manager_v1", 1)
[16:16:49.096715] {mesa present modes query} wl_registry#59.global(60, "wp_commit_timing_manager_v1", 1)
[16:16:49.096717] {mesa present modes query}  -> wl_registry#59.bind(60, "wp_commit_timing_manager_v1", 1, new id [unknown]#50)
[16:16:49.096719] {mesa present modes query} wl_registry#59.global(61, "zwlr_screencopy_manager_v1", 3)
[16:16:49.096721] {mesa present modes query} wl_registry#59.global(62, "hyprland_toplevel_export_manager_v1", 2)
[16:16:49.096723] {mesa present modes query} wl_registry#59.global(63, "ext_output_image_capture_source_manager_v1", 1)
[16:16:49.096725] {mesa present modes query} wl_registry#59.global(64, "ext_foreign_toplevel_image_capture_source_manager_v1", 1)
[16:16:49.096727] {mesa present modes query} wl_registry#59.global(65, "ext_image_copy_capture_manager_v1", 1)
[16:16:49.096729] {mesa present modes query} wl_registry#59.global(66, "wp_color_manager_v1", 3)
[16:16:49.096731] {mesa present modes query}  -> wl_registry#59.bind(66, "wp_color_manager_v1", 1, new id [unknown]#56)
[16:16:49.096733] {mesa present modes query} wl_registry#59.global(67, "wl_drm", 2)
[16:16:49.096735] {mesa present modes query} wl_registry#59.global(68, "zwp_linux_dmabuf_v1", 5)
[16:16:49.096737] {mesa present modes query}  -> wl_registry#59.bind(68, "zwp_linux_dmabuf_v1", 4, new id [unknown]#58)
[16:16:49.096738] {mesa present modes query} wl_registry#59.global(69, "wl_output", 4)
[16:16:49.096740] {mesa present modes query} wl_callback#60.done(0)
[16:16:49.096742] {mesa present modes query}  -> zwp_linux_dmabuf_v1#58.get_default_feedback(new id zwp_linux_dmabuf_feedback_v1#60)
[16:16:49.096745] {mesa present modes query}  -> wl_display#1.sync(new id wl_callback#61)
[16:16:49.096776] {Display Queue} wl_display#1.delete_id(61)
[16:16:49.096778] {mesa present modes query} wp_presentation#48.clock_id(1)
[16:16:49.096780] {mesa present modes query} wp_color_manager_v1#56.supported_feature(1)
[16:16:49.096781] {mesa present modes query} wp_color_manager_v1#56.supported_feature(2)
[16:16:49.096783] {mesa present modes query} wp_color_manager_v1#56.supported_feature(4)
[16:16:49.096785] {mesa present modes query} wp_color_manager_v1#56.supported_feature(7)
[16:16:49.096786] {mesa present modes query} wp_color_manager_v1#56.supported_feature(5)
[16:16:49.096788] {mesa present modes query} wp_color_manager_v1#56.supported_feature(6)
[16:16:49.096789] {mesa present modes query} wp_color_manager_v1#56.supported_primaries_named(1)
[16:16:49.096791] {mesa present modes query} wp_color_manager_v1#56.supported_primaries_named(6)
[16:16:49.096792] {mesa present modes query} wp_color_manager_v1#56.supported_primaries_named(2)
[16:16:49.096794] {mesa present modes query} wp_color_manager_v1#56.supported_primaries_named(3)
[16:16:49.096797] {mesa present modes query} wp_color_manager_v1#56.supported_primaries_named(4)
[16:16:49.096799] {mesa present modes query} wp_color_manager_v1#56.supported_primaries_named(5)
[16:16:49.096801] {mesa present modes query} wp_color_manager_v1#56.supported_primaries_named(8)
[16:16:49.096802] {mesa present modes query} wp_color_manager_v1#56.supported_primaries_named(9)
[16:16:49.096804] {mesa present modes query} wp_color_manager_v1#56.supported_primaries_named(10)
[16:16:49.096806] {mesa present modes query} wp_color_manager_v1#56.supported_primaries_named(7)
[16:16:49.096807] {mesa present modes query} wp_color_manager_v1#56.supported_tf_named(9)
[16:16:49.096809] {mesa present modes query} wp_color_manager_v1#56.supported_tf_named(10)
[16:16:49.096810] {mesa present modes query} wp_color_manager_v1#56.supported_tf_named(2)
[16:16:49.096812] {mesa present modes query} wp_color_manager_v1#56.supported_tf_named(3)
[16:16:49.096814] {mesa present modes query} wp_color_manager_v1#56.supported_tf_named(5)
[16:16:49.096815] {mesa present modes query} wp_color_manager_v1#56.supported_tf_named(11)
[16:16:49.096817] {mesa present modes query} wp_color_manager_v1#56.supported_tf_named(13)
[16:16:49.096818] {mesa present modes query} wp_color_manager_v1#56.supported_tf_named(1)
[16:16:49.096820] {mesa present modes query} wp_color_manager_v1#56.supported_tf_named(4)
[16:16:49.096821] {mesa present modes query} wp_color_manager_v1#56.supported_tf_named(6)
[16:16:49.096823] {mesa present modes query} wp_color_manager_v1#56.supported_tf_named(7)
[16:16:49.096824] {mesa present modes query} wp_color_manager_v1#56.supported_tf_named(8)
[16:16:49.096826] {mesa present modes query} wp_color_manager_v1#56.supported_tf_named(12)
[16:16:49.096828] {mesa present modes query} wp_color_manager_v1#56.supported_intent(0)
[16:16:49.096829] {mesa present modes query} wp_color_manager_v1#56.done()
[16:16:49.096831] {mesa present modes query} zwp_linux_dmabuf_feedback_v1#60.format_table(fd 17, 2960)
[16:16:49.096834] {mesa present modes query} zwp_linux_dmabuf_feedback_v1#60.main_device(array[8])
[16:16:49.096836] {mesa present modes query} zwp_linux_dmabuf_feedback_v1#60.tranche_target_device(array[8])
[16:16:49.096837] {mesa present modes query} zwp_linux_dmabuf_feedback_v1#60.tranche_flags(0)
[16:16:49.096839] {mesa present modes query} zwp_linux_dmabuf_feedback_v1#60.tranche_formats(array[370])
[16:16:49.096846] {mesa present modes query} zwp_linux_dmabuf_feedback_v1#60.tranche_done()
[16:16:49.096848] {mesa present modes query} zwp_linux_dmabuf_feedback_v1#60.done()
[16:16:49.096850] {mesa present modes query} wl_callback#61.done(0)
[16:16:49.096851] {mesa present modes query}  -> wl_display#1.sync(new id wl_callback#61)
[16:16:49.096862] {Display Queue} wl_display#1.delete_id(61)
[16:16:49.096864] {mesa present modes query} wl_callback#61.done(0)
[16:16:49.096866] {mesa present modes query}  -> zwp_linux_dmabuf_feedback_v1#60.destroy()
[16:16:49.096870] {mesa present modes query}  -> zwp_linux_dmabuf_v1#58.destroy()
[16:16:49.096872] {mesa present modes query}  -> wp_presentation#48.destroy()
[16:16:49.096874] {mesa present modes query}  -> wp_fifo_manager_v1#49.destroy()
[16:16:49.096875] {mesa present modes query}  -> wp_commit_timing_manager_v1#50.destroy()
[16:16:49.096877] {mesa present modes query}  -> wp_tearing_control_manager_v1#47.destroy()
[16:16:49.096878] {mesa present modes query}  -> wp_color_manager_v1#56.destroy()
[16:16:49.096882] {mesa vk display queue}  -> wl_display#1.get_registry(new id wl_registry#61)
[16:16:49.096884] {mesa vk display queue}  -> wl_display#1.sync(new id wl_callback#62)
[16:16:49.096917] {Display Queue} wl_display#1.delete_id(60)
[16:16:49.096919] {Display Queue} wl_display#1.delete_id(58)
[16:16:49.096921] {Display Queue} wl_display#1.delete_id(48)
[16:16:49.096922] {Display Queue} wl_display#1.delete_id(49)
[16:16:49.096924] {Display Queue} wl_display#1.delete_id(50)
[16:16:49.096926] {Display Queue} wl_display#1.delete_id(47)
[16:16:49.096929] {Display Queue} wl_display#1.delete_id(62)
[16:16:49.096931] {mesa vk display queue} wl_registry#61.global(1, "wl_seat", 9)
[16:16:49.096933] {mesa vk display queue} wl_registry#61.global(2, "wl_data_device_manager", 3)
[16:16:49.096935] {mesa vk display queue} wl_registry#61.global(3, "wl_compositor", 6)
[16:16:49.096937] {mesa vk display queue} wl_registry#61.global(4, "wl_subcompositor", 1)
[16:16:49.096939] {mesa vk display queue} wl_registry#61.global(5, "wl_shm", 2)
[16:16:49.096940] {mesa vk display queue} wl_registry#61.global(6, "wp_viewporter", 1)
[16:16:49.096942] {mesa vk display queue} wl_registry#61.global(7, "wp_tearing_control_manager_v1", 1)
[16:16:49.096944] {mesa vk display queue}  -> wl_registry#61.bind(7, "wp_tearing_control_manager_v1", 1, new id [unknown]#47)
[16:16:49.096946] {mesa vk display queue} wl_registry#61.global(8, "wp_fractional_scale_manager_v1", 1)
[16:16:49.096948] {mesa vk display queue} wl_registry#61.global(9, "zxdg_output_manager_v1", 3)
[16:16:49.096950] {mesa vk display queue} wl_registry#61.global(10, "wp_cursor_shape_manager_v1", 2)
[16:16:49.096952] {mesa vk display queue} wl_registry#61.global(11, "zwp_idle_inhibit_manager_v1", 1)
[16:16:49.096953] {mesa vk display queue} wl_registry#61.global(12, "zwp_relative_pointer_manager_v1", 1)
[16:16:49.096955] {mesa vk display queue} wl_registry#61.global(13, "zxdg_decoration_manager_v1", 2)
[16:16:49.096957] {mesa vk display queue} wl_registry#61.global(14, "wp_alpha_modifier_v1", 1)
[16:16:49.096959] {mesa vk display queue} wl_registry#61.global(15, "zwlr_gamma_control_manager_v1", 1)
[16:16:49.096960] {mesa vk display queue} wl_registry#61.global(16, "ext_foreign_toplevel_list_v1", 1)
[16:16:49.096962] {mesa vk display queue} wl_registry#61.global(17, "zwp_pointer_gestures_v1", 3)
[16:16:49.096964] {mesa vk display queue} wl_registry#61.global(18, "zwlr_foreign_toplevel_manager_v1", 3)
[16:16:49.096966] {mesa vk display queue} wl_registry#61.global(19, "zwp_keyboard_shortcuts_inhibit_manager_v1", 1)
[16:16:49.096968] {mesa vk display queue} wl_registry#61.global(20, "zwp_text_input_manager_v1", 1)
[16:16:49.096969] {mesa vk display queue} wl_registry#61.global(21, "zwp_text_input_manager_v3", 1)
[16:16:49.096971] {mesa vk display queue} wl_registry#61.global(22, "zwp_pointer_constraints_v1", 1)
[16:16:49.096973] {mesa vk display queue} wl_registry#61.global(23, "zwlr_output_power_manager_v1", 1)
[16:16:49.096975] {mesa vk display queue} wl_registry#61.global(24, "xdg_activation_v1", 1)
[16:16:49.096976] {mesa vk display queue} wl_registry#61.global(25, "ext_idle_notifier_v1", 2)
[16:16:49.096978] {mesa vk display queue} wl_registry#61.global(26, "hyprland_lock_notifier_v1", 1)
[16:16:49.096980] {mesa vk display queue} wl_registry#61.global(27, "ext_session_lock_manager_v1", 1)
[16:16:49.096982] {mesa vk display queue} wl_registry#61.global(28, "zwp_input_method_manager_v2", 1)
[16:16:49.096983] {mesa vk display queue} wl_registry#61.global(29, "zwp_virtual_keyboard_manager_v1", 1)
[16:16:49.096985] {mesa vk display queue} wl_registry#61.global(30, "zwlr_virtual_pointer_manager_v1", 2)
[16:16:49.096987] {mesa vk display queue} wl_registry#61.global(31, "zwlr_output_manager_v1", 4)
[16:16:49.096989] {mesa vk display queue} wl_registry#61.global(32, "org_kde_kwin_server_decoration_manager", 1)
[16:16:49.096991] {mesa vk display queue} wl_registry#61.global(33, "hyprland_focus_grab_manager_v1", 1)
[16:16:49.096992] {mesa vk display queue} wl_registry#61.global(34, "zwp_tablet_manager_v2", 1)
[16:16:49.096994] {mesa vk display queue} wl_registry#61.global(35, "zwlr_layer_shell_v1", 5)
[16:16:49.096996] {mesa vk display queue} wl_registry#61.global(36, "wp_presentation", 2)
[16:16:49.096998] {mesa vk display queue}  -> wl_registry#61.bind(36, "wp_presentation", 2, new id [unknown]#50)
[16:16:49.097000] {mesa vk display queue} wl_registry#61.global(37, "xdg_wm_base", 7)
[16:16:49.097002] {mesa vk display queue} wl_registry#61.global(38, "zwlr_data_control_manager_v1", 2)
[16:16:49.097003] {mesa vk display queue} wl_registry#61.global(39, "zwp_primary_selection_device_manager_v1", 1)
[16:16:49.097007] {mesa vk display queue} wl_registry#61.global(40, "xwayland_shell_v1", 1)
[16:16:49.097009] {mesa vk display queue} wl_registry#61.global(41, "hyprland_toplevel_mapping_manager_v1", 1)
[16:16:49.097011] {mesa vk display queue} wl_registry#61.global(42, "hyprland_global_shortcuts_manager_v1", 1)
[16:16:49.097013] {mesa vk display queue} wl_registry#61.global(43, "xdg_wm_dialog_v1", 1)
[16:16:49.097015] {mesa vk display queue} wl_registry#61.global(44, "wp_single_pixel_buffer_manager_v1", 1)
[16:16:49.097017] {mesa vk display queue} wl_registry#61.global(45, "wp_security_context_manager_v1", 1)
[16:16:49.097018] {mesa vk display queue} wl_registry#61.global(46, "hyprland_ctm_control_manager_v1", 2)
[16:16:49.097020] {mesa vk display queue} wl_registry#61.global(47, "hyprland_input_capture_manager_v1", 1)
[16:16:49.097022] {mesa vk display queue} wl_registry#61.global(48, "hyprland_surface_manager_v1", 2)
[16:16:49.097024] {mesa vk display queue} wl_registry#61.global(49, "wp_content_type_manager_v1", 1)
[16:16:49.097025] {mesa vk display queue} wl_registry#61.global(50, "xdg_toplevel_tag_manager_v1", 1)
[16:16:49.097027] {mesa vk display queue} wl_registry#61.global(51, "xdg_system_bell_v1", 1)
[16:16:49.097029] {mesa vk display queue} wl_registry#61.global(52, "vicinae_hotkey_manager_v1", 1)
[16:16:49.097031] {mesa vk display queue} wl_registry#61.global(53, "ext_workspace_manager_v1", 1)
[16:16:49.097033] {mesa vk display queue} wl_registry#61.global(54, "ext_data_control_manager_v1", 1)
[16:16:49.097034] {mesa vk display queue} wl_registry#61.global(55, "wp_pointer_warp_v1", 1)
[16:16:49.097036] {mesa vk display queue} wl_registry#61.global(56, "wp_fifo_manager_v1", 1)
[16:16:49.097038] {mesa vk display queue}  -> wl_registry#61.bind(56, "wp_fifo_manager_v1", 1, new id [unknown]#49)
[16:16:49.097040] {mesa vk display queue} wl_registry#61.global(57, "zxdg_exporter_v2", 1)
[16:16:49.097042] {mesa vk display queue} wl_registry#61.global(58, "zxdg_importer_v2", 1)
[16:16:49.097043] {mesa vk display queue} wl_registry#61.global(59, "ext_background_effect_manager_v1", 1)
[16:16:49.097045] {mesa vk display queue} wl_registry#61.global(60, "wp_commit_timing_manager_v1", 1)
[16:16:49.097047] {mesa vk display queue}  -> wl_registry#61.bind(60, "wp_commit_timing_manager_v1", 1, new id [unknown]#48)
[16:16:49.097049] {mesa vk display queue} wl_registry#61.global(61, "zwlr_screencopy_manager_v1", 3)
[16:16:49.097051] {mesa vk display queue} wl_registry#61.global(62, "hyprland_toplevel_export_manager_v1", 2)
[16:16:49.097053] {mesa vk display queue} wl_registry#61.global(63, "ext_output_image_capture_source_manager_v1", 1)
[16:16:49.097054] {mesa vk display queue} wl_registry#61.global(64, "ext_foreign_toplevel_image_capture_source_manager_v1", 1)
[16:16:49.097056] {mesa vk display queue} wl_registry#61.global(65, "ext_image_copy_capture_manager_v1", 1)
[16:16:49.097058] {mesa vk display queue} wl_registry#61.global(66, "wp_color_manager_v1", 3)
[16:16:49.097060] {mesa vk display queue}  -> wl_registry#61.bind(66, "wp_color_manager_v1", 1, new id [unknown]#58)
[16:16:49.097062] {mesa vk display queue} wl_registry#61.global(67, "wl_drm", 2)
[16:16:49.097064] {mesa vk display queue} wl_registry#61.global(68, "zwp_linux_dmabuf_v1", 5)
[16:16:49.097066] {mesa vk display queue}  -> wl_registry#61.bind(68, "zwp_linux_dmabuf_v1", 4, new id [unknown]#60)
[16:16:49.097068] {mesa vk display queue} wl_registry#61.global(69, "wl_output", 4)
[16:16:49.097069] {mesa vk display queue} wl_callback#62.done(0)
[16:16:49.097071] {mesa vk display queue}  -> zwp_linux_dmabuf_v1#60.get_default_feedback(new id zwp_linux_dmabuf_feedback_v1#62)
[16:16:49.097074] {mesa vk display queue}  -> wl_display#1.sync(new id wl_callback#63)
[16:16:49.097112] {Display Queue} wl_display#1.delete_id(63)
[16:16:49.097125] {mesa vk display queue} wp_presentation#50.clock_id(1)
[16:16:49.097129] {mesa vk display queue} wp_color_manager_v1#58.supported_feature(1)
[16:16:49.097131] {mesa vk display queue} wp_color_manager_v1#58.supported_feature(2)
[16:16:49.097138] {mesa vk display queue} wp_color_manager_v1#58.supported_feature(4)
[16:16:49.097144] {mesa vk display queue} wp_color_manager_v1#58.supported_feature(7)
[16:16:49.097146] {mesa vk display queue} wp_color_manager_v1#58.supported_feature(5)
[16:16:49.097148] {mesa vk display queue} wp_color_manager_v1#58.supported_feature(6)
[16:16:49.097150] {mesa vk display queue} wp_color_manager_v1#58.supported_primaries_named(1)
[16:16:49.097152] {mesa vk display queue} wp_color_manager_v1#58.supported_primaries_named(6)
[16:16:49.097154] {mesa vk display queue} wp_color_manager_v1#58.supported_primaries_named(2)
[16:16:49.097155] {mesa vk display queue} wp_color_manager_v1#58.supported_primaries_named(3)
[16:16:49.097157] {mesa vk display queue} wp_color_manager_v1#58.supported_primaries_named(4)
[16:16:49.097159] {mesa vk display queue} wp_color_manager_v1#58.supported_primaries_named(5)
[16:16:49.097160] {mesa vk display queue} wp_color_manager_v1#58.supported_primaries_named(8)
[16:16:49.097162] {mesa vk display queue} wp_color_manager_v1#58.supported_primaries_named(9)
[16:16:49.097164] {mesa vk display queue} wp_color_manager_v1#58.supported_primaries_named(10)
[16:16:49.097166] {mesa vk display queue} wp_color_manager_v1#58.supported_primaries_named(7)
[16:16:49.097167] {mesa vk display queue} wp_color_manager_v1#58.supported_tf_named(9)
[16:16:49.097169] {mesa vk display queue} wp_color_manager_v1#58.supported_tf_named(10)
[16:16:49.097171] {mesa vk display queue} wp_color_manager_v1#58.supported_tf_named(2)
[16:16:49.097173] {mesa vk display queue} wp_color_manager_v1#58.supported_tf_named(3)
[16:16:49.097175] {mesa vk display queue} wp_color_manager_v1#58.supported_tf_named(5)
[16:16:49.097176] {mesa vk display queue} wp_color_manager_v1#58.supported_tf_named(11)
[16:16:49.097178] {mesa vk display queue} wp_color_manager_v1#58.supported_tf_named(13)
[16:16:49.097180] {mesa vk display queue} wp_color_manager_v1#58.supported_tf_named(1)
[16:16:49.097181] {mesa vk display queue} wp_color_manager_v1#58.supported_tf_named(4)
[16:16:49.097183] {mesa vk display queue} wp_color_manager_v1#58.supported_tf_named(6)
[16:16:49.097185] {mesa vk display queue} wp_color_manager_v1#58.supported_tf_named(7)
[16:16:49.097187] {mesa vk display queue} wp_color_manager_v1#58.supported_tf_named(8)
[16:16:49.097188] {mesa vk display queue} wp_color_manager_v1#58.supported_tf_named(12)
[16:16:49.097190] {mesa vk display queue} wp_color_manager_v1#58.supported_intent(0)
[16:16:49.097192] {mesa vk display queue} wp_color_manager_v1#58.done()
[16:16:49.097194] {mesa vk display queue} zwp_linux_dmabuf_feedback_v1#62.format_table(fd 17, 2960)
[16:16:49.097204] {mesa vk display queue} zwp_linux_dmabuf_feedback_v1#62.main_device(array[8])
[16:16:49.097207] {mesa vk display queue} zwp_linux_dmabuf_feedback_v1#62.tranche_target_device(array[8])
[16:16:49.097209] {mesa vk display queue} zwp_linux_dmabuf_feedback_v1#62.tranche_flags(0)
[16:16:49.097210] {mesa vk display queue} zwp_linux_dmabuf_feedback_v1#62.tranche_formats(array[370])
[16:16:49.097226] {mesa vk display queue} zwp_linux_dmabuf_feedback_v1#62.tranche_done()
[16:16:49.097228] {mesa vk display queue} zwp_linux_dmabuf_feedback_v1#62.done()
[16:16:49.097229] {mesa vk display queue} wl_callback#63.done(0)
[16:16:49.097233] {mesa vk display queue}  -> wl_display#1.sync(new id wl_callback#63)
[16:16:49.097250] {Display Queue} wl_display#1.delete_id(63)
[16:16:49.097252] {mesa vk display queue} wl_callback#63.done(0)
[16:16:49.097255] {mesa vk display queue}  -> zwp_linux_dmabuf_feedback_v1#62.destroy()
[16:16:49.097264] {mesa vk display queue}  -> zwp_linux_dmabuf_v1#60.get_surface_feedback(new id zwp_linux_dmabuf_feedback_v1#63, wl_surface#42)
[16:16:49.097269] {mesa vk display queue}  -> wl_display#1.sync(new id wl_callback#64)
[16:16:49.097864] {Display Queue} wl_display#1.delete_id(62)
[16:16:49.097876] {Display Queue} wl_display#1.delete_id(64)
[16:16:49.097879] {mesa vk display queue} zwp_linux_dmabuf_feedback_v1#63.format_table(fd 17, 2960)
[16:16:49.097897] {mesa vk display queue} zwp_linux_dmabuf_feedback_v1#63.main_device(array[8])
[16:16:49.097905] {mesa vk display queue} zwp_linux_dmabuf_feedback_v1#63.tranche_target_device(array[8])
[16:16:49.097908] {mesa vk display queue} zwp_linux_dmabuf_feedback_v1#63.tranche_flags(0)
[16:16:49.097910] {mesa vk display queue} zwp_linux_dmabuf_feedback_v1#63.tranche_formats(array[370])
[16:16:49.097927] {mesa vk display queue} zwp_linux_dmabuf_feedback_v1#63.tranche_done()
[16:16:49.097930] {mesa vk display queue} zwp_linux_dmabuf_feedback_v1#63.done()
[16:16:49.097932] {mesa vk display queue} wl_callback#64.done(0)
[16:16:49.097983] {mesa vk display queue}  -> wp_fifo_manager_v1#49.get_fifo(new id wp_fifo_v1#64, wl_surface#42)
[16:16:49.097988] {mesa vk display queue}  -> wp_commit_timing_manager_v1#48.get_timer(new id wp_commit_timer_v1#62, wl_surface#42)
[16:16:49.098019] {mesa vk display queue}  -> zwp_linux_dmabuf_v1#60.create_params(new id zwp_linux_buffer_params_v1#65)
[16:16:49.098023] {mesa vk display queue}  -> zwp_linux_buffer_params_v1#65.add(fd 18, 0, 0, 512, 16777216, 15)
[16:16:49.098026] {mesa vk display queue}  -> zwp_linux_buffer_params_v1#65.add(fd 19, 1, 16384, 64, 16777216, 15)
[16:16:49.098029] {mesa vk display queue}  -> zwp_linux_buffer_params_v1#65.add(fd 20, 2, 20480, 64, 16777216, 15)
[16:16:49.098032] {mesa vk display queue}  -> zwp_linux_buffer_params_v1#65.create_immed(new id wl_buffer#66, 1, 1, 875713089, 0)
[16:16:49.098036] {mesa vk display queue}  -> zwp_linux_buffer_params_v1#65.destroy()
[16:16:49.098048] {mesa vk display queue}  -> zwp_linux_dmabuf_v1#60.create_params(new id zwp_linux_buffer_params_v1#67)
[16:16:49.098051] {mesa vk display queue}  -> zwp_linux_buffer_params_v1#67.add(fd 22, 0, 0, 512, 16777216, 15)
[16:16:49.098054] {mesa vk display queue}  -> zwp_linux_buffer_params_v1#67.add(fd 23, 1, 16384, 64, 16777216, 15)
[16:16:49.098057] {mesa vk display queue}  -> zwp_linux_buffer_params_v1#67.add(fd 24, 2, 20480, 64, 16777216, 15)
[16:16:49.098060] {mesa vk display queue}  -> zwp_linux_buffer_params_v1#67.create_immed(new id wl_buffer#68, 1, 1, 875713089, 0)
[16:16:49.098063] {mesa vk display queue}  -> zwp_linux_buffer_params_v1#67.destroy()
[16:16:49.098073] {mesa vk display queue}  -> zwp_linux_dmabuf_v1#60.create_params(new id zwp_linux_buffer_params_v1#69)
[16:16:49.098076] {mesa vk display queue}  -> zwp_linux_buffer_params_v1#69.add(fd 26, 0, 0, 512, 16777216, 15)
[16:16:49.098079] {mesa vk display queue}  -> zwp_linux_buffer_params_v1#69.add(fd 27, 1, 16384, 64, 16777216, 15)
[16:16:49.098081] {mesa vk display queue}  -> zwp_linux_buffer_params_v1#69.add(fd 28, 2, 20480, 64, 16777216, 15)
[16:16:49.098084] {mesa vk display queue}  -> zwp_linux_buffer_params_v1#69.create_immed(new id wl_buffer#70, 1, 1, 875713089, 0)
[16:16:49.098087] {mesa vk display queue}  -> zwp_linux_buffer_params_v1#69.destroy()
[16:16:49.098097] {mesa vk display queue}  -> zwp_linux_dmabuf_v1#60.create_params(new id zwp_linux_buffer_params_v1#71)
[16:16:49.098100] {mesa vk display queue}  -> zwp_linux_buffer_params_v1#71.add(fd 30, 0, 0, 512, 16777216, 15)
[16:16:49.098103] {mesa vk display queue}  -> zwp_linux_buffer_params_v1#71.add(fd 31, 1, 16384, 64, 16777216, 15)
[16:16:49.098105] {mesa vk display queue}  -> zwp_linux_buffer_params_v1#71.add(fd 32, 2, 20480, 64, 16777216, 15)
[16:16:49.098108] {mesa vk display queue}  -> zwp_linux_buffer_params_v1#71.create_immed(new id wl_buffer#72, 1, 1, 875713089, 0)
[16:16:49.098111] {mesa vk display queue}  -> zwp_linux_buffer_params_v1#71.destroy()
[16:16:49.098178] {Default Queue}  -> org_kde_kwin_server_decoration_manager#17.create(new id org_kde_kwin_server_decoration#73, wl_surface#42)
[16:16:49.098184] {Default Queue}  -> org_kde_kwin_server_decoration#73.request_mode(2)
[16:16:49.098213] {Default Queue}  -> xdg_wm_base#38.get_xdg_surface(new id xdg_surface#74, wl_surface#42)
[16:16:49.098217]  -> xdg_surface#74.get_toplevel(new id xdg_toplevel#75)
[16:16:49.098221]  -> xdg_toplevel#75.set_parent(nil)
[16:16:49.098226]  -> xdg_toplevel#75.set_title("ELM-AUTHORITY-FIXTURE")
[16:16:49.098232]  -> xdg_toplevel#75.set_app_id("GTK Application")
[16:16:49.098235] {Default Queue}  -> xdg_wm_dialog_v1#21.get_xdg_dialog(new id xdg_dialog_v1#76, xdg_toplevel#75)
[16:16:49.098238] {Default Queue}  -> xdg_dialog_v1#76.unset_modal()
[16:16:49.098240]  -> wl_surface#42.commit()
[16:16:49.102071] {Default Queue}  -> wl_display#1.get_registry(new id wl_registry#77)
[16:16:49.102102] {Default Queue}  -> xdg_activation_v1#16.get_activation_token(new id xdg_activation_token_v1#78)
[16:16:49.102108]  -> xdg_activation_token_v1#78.set_serial(0, wl_seat#3)
[16:16:49.102112]  -> xdg_activation_token_v1#78.commit()
[16:16:49.102523] {Display Queue} wl_display#1.delete_id(65)
[16:16:49.102533] {Display Queue} wl_display#1.delete_id(67)
[16:16:49.102536] {Display Queue} wl_display#1.delete_id(69)
[16:16:49.102538] {Display Queue} wl_display#1.delete_id(71)
[16:16:49.102540] xdg_activation_token_v1#78.done("5f6f112e-9b6a-4e9e-a362-24875bebe23e")
[16:16:49.102544]  -> xdg_activation_token_v1#78.destroy()
[16:16:49.102547] {Default Queue}  -> xdg_activation_v1#16.activate("5f6f112e-9b6a-4e9e-a362-24875bebe23e", wl_surface#42)
[16:16:49.104385] {Default Queue}  -> wl_compositor#5.create_surface(new id wl_surface#71)
[16:16:49.104399] {Default Queue}  -> wp_fractional_scale_manager_v1#9.get_fractional_scale(new id wp_fractional_scale_v1#69, wl_surface#71)
[16:16:49.104404] {Default Queue}  -> wp_viewporter#8.get_viewport(new id wp_viewport#67, wl_surface#71)
[16:16:49.104422] {mesa formats query}  -> wl_display#1.get_registry(new id wl_registry#65)
[16:16:49.104426] {mesa formats query}  -> wl_display#1.sync(new id wl_callback#79)
[16:16:49.104661] {Display Queue} wl_display#1.delete_id(78)
[16:16:49.104671] {Display Queue} wl_display#1.delete_id(79)
[16:16:49.104675] {mesa formats query} wl_registry#65.global(1, "wl_seat", 9)
[16:16:49.104678] {mesa formats query} wl_registry#65.global(2, "wl_data_device_manager", 3)
[16:16:49.104681] {mesa formats query} wl_registry#65.global(3, "wl_compositor", 6)
[16:16:49.104683] {mesa formats query} wl_registry#65.global(4, "wl_subcompositor", 1)
[16:16:49.104686] {mesa formats query} wl_registry#65.global(5, "wl_shm", 2)
[16:16:49.104688] {mesa formats query} wl_registry#65.global(6, "wp_viewporter", 1)
[16:16:49.104690] {mesa formats query} wl_registry#65.global(7, "wp_tearing_control_manager_v1", 1)
[16:16:49.104693] {mesa formats query}  -> wl_registry#65.bind(7, "wp_tearing_control_manager_v1", 1, new id [unknown]#78)
[16:16:49.104696] {mesa formats query} wl_registry#65.global(8, "wp_fractional_scale_manager_v1", 1)
[16:16:49.104698] {mesa formats query} wl_registry#65.global(9, "zxdg_output_manager_v1", 3)
[16:16:49.104700] {mesa formats query} wl_registry#65.global(10, "wp_cursor_shape_manager_v1", 2)
[16:16:49.104702] {mesa formats query} wl_registry#65.global(11, "zwp_idle_inhibit_manager_v1", 1)
[16:16:49.104704] {mesa formats query} wl_registry#65.global(12, "zwp_relative_pointer_manager_v1", 1)
[16:16:49.104707] {mesa formats query} wl_registry#65.global(13, "zxdg_decoration_manager_v1", 2)
[16:16:49.104709] {mesa formats query} wl_registry#65.global(14, "wp_alpha_modifier_v1", 1)
[16:16:49.104711] {mesa formats query} wl_registry#65.global(15, "zwlr_gamma_control_manager_v1", 1)
[16:16:49.104713] {mesa formats query} wl_registry#65.global(16, "ext_foreign_toplevel_list_v1", 1)
[16:16:49.104715] {mesa formats query} wl_registry#65.global(17, "zwp_pointer_gestures_v1", 3)
[16:16:49.104717] {mesa formats query} wl_registry#65.global(18, "zwlr_foreign_toplevel_manager_v1", 3)
[16:16:49.104719] {mesa formats query} wl_registry#65.global(19, "zwp_keyboard_shortcuts_inhibit_manager_v1", 1)
[16:16:49.104721] {mesa formats query} wl_registry#65.global(20, "zwp_text_input_manager_v1", 1)
[16:16:49.104724] {mesa formats query} wl_registry#65.global(21, "zwp_text_input_manager_v3", 1)
[16:16:49.104726] {mesa formats query} wl_registry#65.global(22, "zwp_pointer_constraints_v1", 1)
[16:16:49.104728] {mesa formats query} wl_registry#65.global(23, "zwlr_output_power_manager_v1", 1)
[16:16:49.104736] {mesa formats query} wl_registry#65.global(24, "xdg_activation_v1", 1)
[16:16:49.104745] {mesa formats query} wl_registry#65.global(25, "ext_idle_notifier_v1", 2)
[16:16:49.104747] {mesa formats query} wl_registry#65.global(26, "hyprland_lock_notifier_v1", 1)
[16:16:49.104750] {mesa formats query} wl_registry#65.global(27, "ext_session_lock_manager_v1", 1)
[16:16:49.104752] {mesa formats query} wl_registry#65.global(28, "zwp_input_method_manager_v2", 1)
[16:16:49.104754] {mesa formats query} wl_registry#65.global(29, "zwp_virtual_keyboard_manager_v1", 1)
[16:16:49.104756] {mesa formats query} wl_registry#65.global(30, "zwlr_virtual_pointer_manager_v1", 2)
[16:16:49.104759] {mesa formats query} wl_registry#65.global(31, "zwlr_output_manager_v1", 4)
[16:16:49.104761] {mesa formats query} wl_registry#65.global(32, "org_kde_kwin_server_decoration_manager", 1)
[16:16:49.104763] {mesa formats query} wl_registry#65.global(33, "hyprland_focus_grab_manager_v1", 1)
[16:16:49.104765] {mesa formats query} wl_registry#65.global(34, "zwp_tablet_manager_v2", 1)
[16:16:49.104767] {mesa formats query} wl_registry#65.global(35, "zwlr_layer_shell_v1", 5)
[16:16:49.104769] {mesa formats query} wl_registry#65.global(36, "wp_presentation", 2)
[16:16:49.104772] {mesa formats query}  -> wl_registry#65.bind(36, "wp_presentation", 2, new id [unknown]#80)
[16:16:49.104775] {mesa formats query} wl_registry#65.global(37, "xdg_wm_base", 7)
[16:16:49.104777] {mesa formats query} wl_registry#65.global(38, "zwlr_data_control_manager_v1", 2)
[16:16:49.104779] {mesa formats query} wl_registry#65.global(39, "zwp_primary_selection_device_manager_v1", 1)
[16:16:49.104781] {mesa formats query} wl_registry#65.global(40, "xwayland_shell_v1", 1)
[16:16:49.104783] {mesa formats query} wl_registry#65.global(41, "hyprland_toplevel_mapping_manager_v1", 1)
[16:16:49.104785] {mesa formats query} wl_registry#65.global(42, "hyprland_global_shortcuts_manager_v1", 1)
[16:16:49.104787] {mesa formats query} wl_registry#65.global(43, "xdg_wm_dialog_v1", 1)
[16:16:49.104790] {mesa formats query} wl_registry#65.global(44, "wp_single_pixel_buffer_manager_v1", 1)
[16:16:49.104792] {mesa formats query} wl_registry#65.global(45, "wp_security_context_manager_v1", 1)
[16:16:49.104794] {mesa formats query} wl_registry#65.global(46, "hyprland_ctm_control_manager_v1", 2)
[16:16:49.104796] {mesa formats query} wl_registry#65.global(47, "hyprland_input_capture_manager_v1", 1)
[16:16:49.104798] {mesa formats query} wl_registry#65.global(48, "hyprland_surface_manager_v1", 2)
[16:16:49.104800] {mesa formats query} wl_registry#65.global(49, "wp_content_type_manager_v1", 1)
[16:16:49.104802] {mesa formats query} wl_registry#65.global(50, "xdg_toplevel_tag_manager_v1", 1)
[16:16:49.104805] {mesa formats query} wl_registry#65.global(51, "xdg_system_bell_v1", 1)
[16:16:49.104807] {mesa formats query} wl_registry#65.global(52, "vicinae_hotkey_manager_v1", 1)
[16:16:49.104809] {mesa formats query} wl_registry#65.global(53, "ext_workspace_manager_v1", 1)
[16:16:49.104811] {mesa formats query} wl_registry#65.global(54, "ext_data_control_manager_v1", 1)
[16:16:49.104813] {mesa formats query} wl_registry#65.global(55, "wp_pointer_warp_v1", 1)
[16:16:49.104815] {mesa formats query} wl_registry#65.global(56, "wp_fifo_manager_v1", 1)
[16:16:49.104818] {mesa formats query}  -> wl_registry#65.bind(56, "wp_fifo_manager_v1", 1, new id [unknown]#81)
[16:16:49.104820] {mesa formats query} wl_registry#65.global(57, "zxdg_exporter_v2", 1)
[16:16:49.104822] {mesa formats query} wl_registry#65.global(58, "zxdg_importer_v2", 1)
[16:16:49.104824] {mesa formats query} wl_registry#65.global(59, "ext_background_effect_manager_v1", 1)
[16:16:49.104827] {mesa formats query} wl_registry#65.global(60, "wp_commit_timing_manager_v1", 1)
[16:16:49.104829] {mesa formats query}  -> wl_registry#65.bind(60, "wp_commit_timing_manager_v1", 1, new id [unknown]#82)
[16:16:49.104831] {mesa formats query} wl_registry#65.global(61, "zwlr_screencopy_manager_v1", 3)
[16:16:49.104835] {mesa formats query} wl_registry#65.global(62, "hyprland_toplevel_export_manager_v1", 2)
[16:16:49.104839] {mesa formats query} wl_registry#65.global(63, "ext_output_image_capture_source_manager_v1", 1)
[16:16:49.104842] {mesa formats query} wl_registry#65.global(64, "ext_foreign_toplevel_image_capture_source_manager_v1", 1)
[16:16:49.104844] {mesa formats query} wl_registry#65.global(65, "ext_image_copy_capture_manager_v1", 1)
[16:16:49.104846] {mesa formats query} wl_registry#65.global(66, "wp_color_manager_v1", 3)
[16:16:49.104848] {mesa formats query}  -> wl_registry#65.bind(66, "wp_color_manager_v1", 1, new id [unknown]#83)
[16:16:49.104851] {mesa formats query} wl_registry#65.global(67, "wl_drm", 2)
[16:16:49.104853] {mesa formats query} wl_registry#65.global(68, "zwp_linux_dmabuf_v1", 5)
[16:16:49.104856] {mesa formats query}  -> wl_registry#65.bind(68, "zwp_linux_dmabuf_v1", 4, new id [unknown]#84)
[16:16:49.104858] {mesa formats query} wl_registry#65.global(69, "wl_output", 4)
[16:16:49.104860] {mesa formats query} wl_callback#79.done(1)
[16:16:49.104863] {mesa formats query}  -> zwp_linux_dmabuf_v1#84.get_default_feedback(new id zwp_linux_dmabuf_feedback_v1#79)
[16:16:49.104866] {mesa formats query}  -> wl_display#1.sync(new id wl_callback#85)
[16:16:49.104909] {Display Queue} wl_display#1.delete_id(85)
[16:16:49.104912] {mesa formats query} wp_presentation#80.clock_id(1)
[16:16:49.104915] {mesa formats query} wp_color_manager_v1#83.supported_feature(1)
[16:16:49.104917] {mesa formats query} wp_color_manager_v1#83.supported_feature(2)
[16:16:49.104919] {mesa formats query} wp_color_manager_v1#83.supported_feature(4)
[16:16:49.104920] {mesa formats query} wp_color_manager_v1#83.supported_feature(7)
[16:16:49.104922] {mesa formats query} wp_color_manager_v1#83.supported_feature(5)
[16:16:49.104924] {mesa formats query} wp_color_manager_v1#83.supported_feature(6)
[16:16:49.104926] {mesa formats query} wp_color_manager_v1#83.supported_primaries_named(1)
[16:16:49.104928] {mesa formats query} wp_color_manager_v1#83.supported_primaries_named(6)
[16:16:49.104930] {mesa formats query} wp_color_manager_v1#83.supported_primaries_named(2)
[16:16:49.104932] {mesa formats query} wp_color_manager_v1#83.supported_primaries_named(3)
[16:16:49.104934] {mesa formats query} wp_color_manager_v1#83.supported_primaries_named(4)
[16:16:49.104935] {mesa formats query} wp_color_manager_v1#83.supported_primaries_named(5)
[16:16:49.104937] {mesa formats query} wp_color_manager_v1#83.supported_primaries_named(8)
[16:16:49.104939] {mesa formats query} wp_color_manager_v1#83.supported_primaries_named(9)
[16:16:49.104941] {mesa formats query} wp_color_manager_v1#83.supported_primaries_named(10)
[16:16:49.104943] {mesa formats query} wp_color_manager_v1#83.supported_primaries_named(7)
[16:16:49.104945] {mesa formats query} wp_color_manager_v1#83.supported_tf_named(9)
[16:16:49.104947] {mesa formats query} wp_color_manager_v1#83.supported_tf_named(10)
[16:16:49.104949] {mesa formats query} wp_color_manager_v1#83.supported_tf_named(2)
[16:16:49.104951] {mesa formats query} wp_color_manager_v1#83.supported_tf_named(3)
[16:16:49.104953] {mesa formats query} wp_color_manager_v1#83.supported_tf_named(5)
[16:16:49.104954] {mesa formats query} wp_color_manager_v1#83.supported_tf_named(11)
[16:16:49.104956] {mesa formats query} wp_color_manager_v1#83.supported_tf_named(13)
[16:16:49.104958] {mesa formats query} wp_color_manager_v1#83.supported_tf_named(1)
[16:16:49.104960] {mesa formats query} wp_color_manager_v1#83.supported_tf_named(4)
[16:16:49.104962] {mesa formats query} wp_color_manager_v1#83.supported_tf_named(6)
[16:16:49.104964] {mesa formats query} wp_color_manager_v1#83.supported_tf_named(7)
[16:16:49.104966] {mesa formats query} wp_color_manager_v1#83.supported_tf_named(8)
[16:16:49.104968] {mesa formats query} wp_color_manager_v1#83.supported_tf_named(12)
[16:16:49.104969] {mesa formats query} wp_color_manager_v1#83.supported_intent(0)
[16:16:49.104971] {mesa formats query} wp_color_manager_v1#83.done()
[16:16:49.104976] {mesa formats query} zwp_linux_dmabuf_feedback_v1#79.format_table(fd 18, 2960)
[16:16:49.104990] {mesa formats query} zwp_linux_dmabuf_feedback_v1#79.main_device(array[8])
[16:16:49.104993] {mesa formats query} zwp_linux_dmabuf_feedback_v1#79.tranche_target_device(array[8])
[16:16:49.104995] {mesa formats query} zwp_linux_dmabuf_feedback_v1#79.tranche_flags(0)
[16:16:49.104997] {mesa formats query} zwp_linux_dmabuf_feedback_v1#79.tranche_formats(array[370])
[16:16:49.105014] {mesa formats query} zwp_linux_dmabuf_feedback_v1#79.tranche_done()
[16:16:49.105017] {mesa formats query} zwp_linux_dmabuf_feedback_v1#79.done()
[16:16:49.105019] {mesa formats query} wl_callback#85.done(1)
[16:16:49.105022] {mesa formats query}  -> wl_display#1.sync(new id wl_callback#85)
[16:16:49.105033] {Display Queue} wl_display#1.delete_id(85)
[16:16:49.105036] {mesa formats query} wl_callback#85.done(1)
[16:16:49.105039] {mesa formats query}  -> zwp_linux_dmabuf_feedback_v1#79.destroy()
[16:16:49.105048] {mesa formats query}  -> zwp_linux_dmabuf_v1#84.destroy()
[16:16:49.105051] {mesa formats query}  -> wp_presentation#80.destroy()
[16:16:49.105053] {mesa formats query}  -> wp_fifo_manager_v1#81.destroy()
[16:16:49.105055] {mesa formats query}  -> wp_commit_timing_manager_v1#82.destroy()
[16:16:49.105057] {mesa formats query}  -> wp_tearing_control_manager_v1#78.destroy()
[16:16:49.105059] {mesa formats query}  -> wp_color_manager_v1#83.destroy()
[16:16:49.105063] {mesa formats query}  -> wl_display#1.get_registry(new id wl_registry#85)
[16:16:49.105066] {mesa formats query}  -> wl_display#1.sync(new id wl_callback#86)
[16:16:49.105118] {Display Queue} wl_display#1.delete_id(79)
[16:16:49.105128] {Display Queue} wl_display#1.delete_id(84)
[16:16:49.105131] {Display Queue} wl_display#1.delete_id(80)
[16:16:49.105133] {Display Queue} wl_display#1.delete_id(81)
[16:16:49.105135] {Display Queue} wl_display#1.delete_id(82)
[16:16:49.105137] {Display Queue} wl_display#1.delete_id(78)
[16:16:49.105139] {Display Queue} wl_display#1.delete_id(86)
[16:16:49.105141] {mesa formats query} wl_registry#85.global(1, "wl_seat", 9)
[16:16:49.105144] {mesa formats query} wl_registry#85.global(2, "wl_data_device_manager", 3)
[16:16:49.105147] {mesa formats query} wl_registry#85.global(3, "wl_compositor", 6)
[16:16:49.105149] {mesa formats query} wl_registry#85.global(4, "wl_subcompositor", 1)
[16:16:49.105151] {mesa formats query} wl_registry#85.global(5, "wl_shm", 2)
[16:16:49.105153] {mesa formats query} wl_registry#85.global(6, "wp_viewporter", 1)
[16:16:49.105155] {mesa formats query} wl_registry#85.global(7, "wp_tearing_control_manager_v1", 1)
[16:16:49.105158] {mesa formats query}  -> wl_registry#85.bind(7, "wp_tearing_control_manager_v1", 1, new id [unknown]#78)
[16:16:49.105161] {mesa formats query} wl_registry#85.global(8, "wp_fractional_scale_manager_v1", 1)
[16:16:49.105163] {mesa formats query} wl_registry#85.global(9, "zxdg_output_manager_v1", 3)
[16:16:49.105165] {mesa formats query} wl_registry#85.global(10, "wp_cursor_shape_manager_v1", 2)
[16:16:49.105167] {mesa formats query} wl_registry#85.global(11, "zwp_idle_inhibit_manager_v1", 1)
[16:16:49.105169] {mesa formats query} wl_registry#85.global(12, "zwp_relative_pointer_manager_v1", 1)
[16:16:49.105171] {mesa formats query} wl_registry#85.global(13, "zxdg_decoration_manager_v1", 2)
[16:16:49.105173] {mesa formats query} wl_registry#85.global(14, "wp_alpha_modifier_v1", 1)
[16:16:49.105175] {mesa formats query} wl_registry#85.global(15, "zwlr_gamma_control_manager_v1", 1)
[16:16:49.105177] {mesa formats query} wl_registry#85.global(16, "ext_foreign_toplevel_list_v1", 1)
[16:16:49.105179] {mesa formats query} wl_registry#85.global(17, "zwp_pointer_gestures_v1", 3)
[16:16:49.105181] {mesa formats query} wl_registry#85.global(18, "zwlr_foreign_toplevel_manager_v1", 3)
[16:16:49.105183] {mesa formats query} wl_registry#85.global(19, "zwp_keyboard_shortcuts_inhibit_manager_v1", 1)
[16:16:49.105186] {mesa formats query} wl_registry#85.global(20, "zwp_text_input_manager_v1", 1)
[16:16:49.105192] {mesa formats query} wl_registry#85.global(21, "zwp_text_input_manager_v3", 1)
[16:16:49.105199] {mesa formats query} wl_registry#85.global(22, "zwp_pointer_constraints_v1", 1)
[16:16:49.105202] {mesa formats query} wl_registry#85.global(23, "zwlr_output_power_manager_v1", 1)
[16:16:49.105204] {mesa formats query} wl_registry#85.global(24, "xdg_activation_v1", 1)
[16:16:49.105207] {mesa formats query} wl_registry#85.global(25, "ext_idle_notifier_v1", 2)
[16:16:49.105209] {mesa formats query} wl_registry#85.global(26, "hyprland_lock_notifier_v1", 1)
[16:16:49.105211] {mesa formats query} wl_registry#85.global(27, "ext_session_lock_manager_v1", 1)
[16:16:49.105213] {mesa formats query} wl_registry#85.global(28, "zwp_input_method_manager_v2", 1)
[16:16:49.105215] {mesa formats query} wl_registry#85.global(29, "zwp_virtual_keyboard_manager_v1", 1)
[16:16:49.105218] {mesa formats query} wl_registry#85.global(30, "zwlr_virtual_pointer_manager_v1", 2)
[16:16:49.105220] {mesa formats query} wl_registry#85.global(31, "zwlr_output_manager_v1", 4)
[16:16:49.105222] {mesa formats query} wl_registry#85.global(32, "org_kde_kwin_server_decoration_manager", 1)
[16:16:49.105224] {mesa formats query} wl_registry#85.global(33, "hyprland_focus_grab_manager_v1", 1)
[16:16:49.105226] {mesa formats query} wl_registry#85.global(34, "zwp_tablet_manager_v2", 1)
[16:16:49.105228] {mesa formats query} wl_registry#85.global(35, "zwlr_layer_shell_v1", 5)
[16:16:49.105230] {mesa formats query} wl_registry#85.global(36, "wp_presentation", 2)
[16:16:49.105233] {mesa formats query}  -> wl_registry#85.bind(36, "wp_presentation", 2, new id [unknown]#82)
[16:16:49.105235] {mesa formats query} wl_registry#85.global(37, "xdg_wm_base", 7)
[16:16:49.105237] {mesa formats query} wl_registry#85.global(38, "zwlr_data_control_manager_v1", 2)
[16:16:49.105240] {mesa formats query} wl_registry#85.global(39, "zwp_primary_selection_device_manager_v1", 1)
[16:16:49.105242] {mesa formats query} wl_registry#85.global(40, "xwayland_shell_v1", 1)
[16:16:49.105244] {mesa formats query} wl_registry#85.global(41, "hyprland_toplevel_mapping_manager_v1", 1)
[16:16:49.105246] {mesa formats query} wl_registry#85.global(42, "hyprland_global_shortcuts_manager_v1", 1)
[16:16:49.105251] {mesa formats query} wl_registry#85.global(43, "xdg_wm_dialog_v1", 1)
[16:16:49.105254] {mesa formats query} wl_registry#85.global(44, "wp_single_pixel_buffer_manager_v1", 1)
[16:16:49.105256] {mesa formats query} wl_registry#85.global(45, "wp_security_context_manager_v1", 1)
[16:16:49.105258] {mesa formats query} wl_registry#85.global(46, "hyprland_ctm_control_manager_v1", 2)
[16:16:49.105260] {mesa formats query} wl_registry#85.global(47, "hyprland_input_capture_manager_v1", 1)
[16:16:49.105262] {mesa formats query} wl_registry#85.global(48, "hyprland_surface_manager_v1", 2)
[16:16:49.105265] {mesa formats query} wl_registry#85.global(49, "wp_content_type_manager_v1", 1)
[16:16:49.105267] {mesa formats query} wl_registry#85.global(50, "xdg_toplevel_tag_manager_v1", 1)
[16:16:49.105269] {mesa formats query} wl_registry#85.global(51, "xdg_system_bell_v1", 1)
[16:16:49.105271] {mesa formats query} wl_registry#85.global(52, "vicinae_hotkey_manager_v1", 1)
[16:16:49.105273] {mesa formats query} wl_registry#85.global(53, "ext_workspace_manager_v1", 1)
[16:16:49.105275] {mesa formats query} wl_registry#85.global(54, "ext_data_control_manager_v1", 1)
[16:16:49.105277] {mesa formats query} wl_registry#85.global(55, "wp_pointer_warp_v1", 1)
[16:16:49.105279] {mesa formats query} wl_registry#85.global(56, "wp_fifo_manager_v1", 1)
[16:16:49.105282] {mesa formats query}  -> wl_registry#85.bind(56, "wp_fifo_manager_v1", 1, new id [unknown]#81)
[16:16:49.105284] {mesa formats query} wl_registry#85.global(57, "zxdg_exporter_v2", 1)
[16:16:49.105286] {mesa formats query} wl_registry#85.global(58, "zxdg_importer_v2", 1)
[16:16:49.105288] {mesa formats query} wl_registry#85.global(59, "ext_background_effect_manager_v1", 1)
[16:16:49.105290] {mesa formats query} wl_registry#85.global(60, "wp_commit_timing_manager_v1", 1)
[16:16:49.105295] {mesa formats query}  -> wl_registry#85.bind(60, "wp_commit_timing_manager_v1", 1, new id [unknown]#80)
[16:16:49.105299] {mesa formats query} wl_registry#85.global(61, "zwlr_screencopy_manager_v1", 3)
[16:16:49.105301] {mesa formats query} wl_registry#85.global(62, "hyprland_toplevel_export_manager_v1", 2)
[16:16:49.105303] {mesa formats query} wl_registry#85.global(63, "ext_output_image_capture_source_manager_v1", 1)
[16:16:49.105306] {mesa formats query} wl_registry#85.global(64, "ext_foreign_toplevel_image_capture_source_manager_v1", 1)
[16:16:49.105308] {mesa formats query} wl_registry#85.global(65, "ext_image_copy_capture_manager_v1", 1)
[16:16:49.105310] {mesa formats query} wl_registry#85.global(66, "wp_color_manager_v1", 3)
[16:16:49.105312] {mesa formats query}  -> wl_registry#85.bind(66, "wp_color_manager_v1", 1, new id [unknown]#84)
[16:16:49.105314] {mesa formats query} wl_registry#85.global(67, "wl_drm", 2)
[16:16:49.105317] {mesa formats query} wl_registry#85.global(68, "zwp_linux_dmabuf_v1", 5)
[16:16:49.105319] {mesa formats query}  -> wl_registry#85.bind(68, "zwp_linux_dmabuf_v1", 4, new id [unknown]#79)
[16:16:49.105321] {mesa formats query} wl_registry#85.global(69, "wl_output", 4)
[16:16:49.105323] {mesa formats query} wl_callback#86.done(1)
[16:16:49.105326] {mesa formats query}  -> zwp_linux_dmabuf_v1#79.get_default_feedback(new id zwp_linux_dmabuf_feedback_v1#86)
[16:16:49.105329] {mesa formats query}  -> wl_display#1.sync(new id wl_callback#87)
[16:16:49.105359] {Display Queue} wl_display#1.delete_id(87)
[16:16:49.105362] {mesa formats query} wp_presentation#82.clock_id(1)
[16:16:49.105364] {mesa formats query} wp_color_manager_v1#84.supported_feature(1)
[16:16:49.105366] {mesa formats query} wp_color_manager_v1#84.supported_feature(2)
[16:16:49.105368] {mesa formats query} wp_color_manager_v1#84.supported_feature(4)
[16:16:49.105370] {mesa formats query} wp_color_manager_v1#84.supported_feature(7)
[16:16:49.105371] {mesa formats query} wp_color_manager_v1#84.supported_feature(5)
[16:16:49.105373] {mesa formats query} wp_color_manager_v1#84.supported_feature(6)
[16:16:49.105375] {mesa formats query} wp_color_manager_v1#84.supported_primaries_named(1)
[16:16:49.105377] {mesa formats query} wp_color_manager_v1#84.supported_primaries_named(6)
[16:16:49.105379] {mesa formats query} wp_color_manager_v1#84.supported_primaries_named(2)
[16:16:49.105381] {mesa formats query} wp_color_manager_v1#84.supported_primaries_named(3)
[16:16:49.105383] {mesa formats query} wp_color_manager_v1#84.supported_primaries_named(4)
[16:16:49.105384] {mesa formats query} wp_color_manager_v1#84.supported_primaries_named(5)
[16:16:49.105386] {mesa formats query} wp_color_manager_v1#84.supported_primaries_named(8)
[16:16:49.105388] {mesa formats query} wp_color_manager_v1#84.supported_primaries_named(9)
[16:16:49.105390] {mesa formats query} wp_color_manager_v1#84.supported_primaries_named(10)
[16:16:49.105392] {mesa formats query} wp_color_manager_v1#84.supported_primaries_named(7)
[16:16:49.105394] {mesa formats query} wp_color_manager_v1#84.supported_tf_named(9)
[16:16:49.105396] {mesa formats query} wp_color_manager_v1#84.supported_tf_named(10)
[16:16:49.105397] {mesa formats query} wp_color_manager_v1#84.supported_tf_named(2)
[16:16:49.105399] {mesa formats query} wp_color_manager_v1#84.supported_tf_named(3)
[16:16:49.105401] {mesa formats query} wp_color_manager_v1#84.supported_tf_named(5)
[16:16:49.105403] {mesa formats query} wp_color_manager_v1#84.supported_tf_named(11)
[16:16:49.105405] {mesa formats query} wp_color_manager_v1#84.supported_tf_named(13)
[16:16:49.105407] {mesa formats query} wp_color_manager_v1#84.supported_tf_named(1)
[16:16:49.105408] {mesa formats query} wp_color_manager_v1#84.supported_tf_named(4)
[16:16:49.105410] {mesa formats query} wp_color_manager_v1#84.supported_tf_named(6)
[16:16:49.105412] {mesa formats query} wp_color_manager_v1#84.supported_tf_named(7)
[16:16:49.105414] {mesa formats query} wp_color_manager_v1#84.supported_tf_named(8)
[16:16:49.105416] {mesa formats query} wp_color_manager_v1#84.supported_tf_named(12)
[16:16:49.105420] {mesa formats query} wp_color_manager_v1#84.supported_intent(0)
[16:16:49.105423] {mesa formats query} wp_color_manager_v1#84.done()
[16:16:49.105426] {mesa formats query} zwp_linux_dmabuf_feedback_v1#86.format_table(fd 18, 2960)
[16:16:49.105435] {mesa formats query} zwp_linux_dmabuf_feedback_v1#86.main_device(array[8])
[16:16:49.105438] {mesa formats query} zwp_linux_dmabuf_feedback_v1#86.tranche_target_device(array[8])
[16:16:49.105440] {mesa formats query} zwp_linux_dmabuf_feedback_v1#86.tranche_flags(0)
[16:16:49.105442] {mesa formats query} zwp_linux_dmabuf_feedback_v1#86.tranche_formats(array[370])
[16:16:49.105456] {mesa formats query} zwp_linux_dmabuf_feedback_v1#86.tranche_done()
[16:16:49.105458] {mesa formats query} zwp_linux_dmabuf_feedback_v1#86.done()
[16:16:49.105460] {mesa formats query} wl_callback#87.done(1)
[16:16:49.105463] {mesa formats query}  -> wl_display#1.sync(new id wl_callback#87)
[16:16:49.105474] {Display Queue} wl_display#1.delete_id(87)
[16:16:49.105477] {mesa formats query} wl_callback#87.done(1)
[16:16:49.105480] {mesa formats query}  -> zwp_linux_dmabuf_feedback_v1#86.destroy()
[16:16:49.105487] {mesa formats query}  -> zwp_linux_dmabuf_v1#79.destroy()
[16:16:49.105490] {mesa formats query}  -> wp_presentation#82.destroy()
[16:16:49.105492] {mesa formats query}  -> wp_fifo_manager_v1#81.destroy()
[16:16:49.105494] {mesa formats query}  -> wp_commit_timing_manager_v1#80.destroy()
[16:16:49.105496] {mesa formats query}  -> wp_tearing_control_manager_v1#78.destroy()
[16:16:49.105498] {mesa formats query}  -> wp_color_manager_v1#84.destroy()
[16:16:49.105515] {mesa image count query}  -> wl_display#1.get_registry(new id wl_registry#87)
[16:16:49.105517] {mesa image count query}  -> wl_display#1.sync(new id wl_callback#88)
[16:16:49.105548] {Display Queue} wl_display#1.delete_id(86)
[16:16:49.105551] {Display Queue} wl_display#1.delete_id(79)
[16:16:49.105553] {Display Queue} wl_display#1.delete_id(82)
[16:16:49.105555] {Display Queue} wl_display#1.delete_id(81)
[16:16:49.105557] {Display Queue} wl_display#1.delete_id(80)
[16:16:49.105559] {Display Queue} wl_display#1.delete_id(78)
[16:16:49.105561] {Display Queue} wl_display#1.delete_id(88)
[16:16:49.105563] {mesa image count query} wl_registry#87.global(1, "wl_seat", 9)
[16:16:49.105565] {mesa image count query} wl_registry#87.global(2, "wl_data_device_manager", 3)
[16:16:49.105568] {mesa image count query} wl_registry#87.global(3, "wl_compositor", 6)
[16:16:49.105570] {mesa image count query} wl_registry#87.global(4, "wl_subcompositor", 1)
[16:16:49.105572] {mesa image count query} wl_registry#87.global(5, "wl_shm", 2)
[16:16:49.105574] {mesa image count query} wl_registry#87.global(6, "wp_viewporter", 1)
[16:16:49.105576] {mesa image count query} wl_registry#87.global(7, "wp_tearing_control_manager_v1", 1)
[16:16:49.105579] {mesa image count query}  -> wl_registry#87.bind(7, "wp_tearing_control_manager_v1", 1, new id [unknown]#78)
[16:16:49.105581] {mesa image count query} wl_registry#87.global(8, "wp_fractional_scale_manager_v1", 1)
[16:16:49.105583] {mesa image count query} wl_registry#87.global(9, "zxdg_output_manager_v1", 3)
[16:16:49.105585] {mesa image count query} wl_registry#87.global(10, "wp_cursor_shape_manager_v1", 2)
[16:16:49.105588] {mesa image count query} wl_registry#87.global(11, "zwp_idle_inhibit_manager_v1", 1)
[16:16:49.105590] {mesa image count query} wl_registry#87.global(12, "zwp_relative_pointer_manager_v1", 1)
[16:16:49.105592] {mesa image count query} wl_registry#87.global(13, "zxdg_decoration_manager_v1", 2)
[16:16:49.105594] {mesa image count query} wl_registry#87.global(14, "wp_alpha_modifier_v1", 1)
[16:16:49.105596] {mesa image count query} wl_registry#87.global(15, "zwlr_gamma_control_manager_v1", 1)
[16:16:49.105598] {mesa image count query} wl_registry#87.global(16, "ext_foreign_toplevel_list_v1", 1)
[16:16:49.105600] {mesa image count query} wl_registry#87.global(17, "zwp_pointer_gestures_v1", 3)
[16:16:49.105602] {mesa image count query} wl_registry#87.global(18, "zwlr_foreign_toplevel_manager_v1", 3)
[16:16:49.105613] {mesa image count query} wl_registry#87.global(19, "zwp_keyboard_shortcuts_inhibit_manager_v1", 1)
[16:16:49.105616] {mesa image count query} wl_registry#87.global(20, "zwp_text_input_manager_v1", 1)
[16:16:49.105619] {mesa image count query} wl_registry#87.global(21, "zwp_text_input_manager_v3", 1)
[16:16:49.105621] {mesa image count query} wl_registry#87.global(22, "zwp_pointer_constraints_v1", 1)
[16:16:49.105623] {mesa image count query} wl_registry#87.global(23, "zwlr_output_power_manager_v1", 1)
[16:16:49.105625] {mesa image count query} wl_registry#87.global(24, "xdg_activation_v1", 1)
[16:16:49.105627] {mesa image count query} wl_registry#87.global(25, "ext_idle_notifier_v1", 2)
[16:16:49.105629] {mesa image count query} wl_registry#87.global(26, "hyprland_lock_notifier_v1", 1)
[16:16:49.105631] {mesa image count query} wl_registry#87.global(27, "ext_session_lock_manager_v1", 1)
[16:16:49.105633] {mesa image count query} wl_registry#87.global(28, "zwp_input_method_manager_v2", 1)
[16:16:49.105636] {mesa image count query} wl_registry#87.global(29, "zwp_virtual_keyboard_manager_v1", 1)
[16:16:49.105638] {mesa image count query} wl_registry#87.global(30, "zwlr_virtual_pointer_manager_v1", 2)
[16:16:49.105640] {mesa image count query} wl_registry#87.global(31, "zwlr_output_manager_v1", 4)
[16:16:49.105642] {mesa image count query} wl_registry#87.global(32, "org_kde_kwin_server_decoration_manager", 1)
[16:16:49.105644] {mesa image count query} wl_registry#87.global(33, "hyprland_focus_grab_manager_v1", 1)
[16:16:49.105646] {mesa image count query} wl_registry#87.global(34, "zwp_tablet_manager_v2", 1)
[16:16:49.105648] {mesa image count query} wl_registry#87.global(35, "zwlr_layer_shell_v1", 5)
[16:16:49.105650] {mesa image count query} wl_registry#87.global(36, "wp_presentation", 2)
[16:16:49.105652] {mesa image count query}  -> wl_registry#87.bind(36, "wp_presentation", 2, new id [unknown]#80)
[16:16:49.105654] {mesa image count query} wl_registry#87.global(37, "xdg_wm_base", 7)
[16:16:49.105657] {mesa image count query} wl_registry#87.global(38, "zwlr_data_control_manager_v1", 2)
[16:16:49.105659] {mesa image count query} wl_registry#87.global(39, "zwp_primary_selection_device_manager_v1", 1)
[16:16:49.105661] {mesa image count query} wl_registry#87.global(40, "xwayland_shell_v1", 1)
[16:16:49.105663] {mesa image count query} wl_registry#87.global(41, "hyprland_toplevel_mapping_manager_v1", 1)
[16:16:49.105665] {mesa image count query} wl_registry#87.global(42, "hyprland_global_shortcuts_manager_v1", 1)
[16:16:49.105667] {mesa image count query} wl_registry#87.global(43, "xdg_wm_dialog_v1", 1)
[16:16:49.105669] {mesa image count query} wl_registry#87.global(44, "wp_single_pixel_buffer_manager_v1", 1)
[16:16:49.105671] {mesa image count query} wl_registry#87.global(45, "wp_security_context_manager_v1", 1)
[16:16:49.105673] {mesa image count query} wl_registry#87.global(46, "hyprland_ctm_control_manager_v1", 2)
[16:16:49.105675] {mesa image count query} wl_registry#87.global(47, "hyprland_input_capture_manager_v1", 1)
[16:16:49.105677] {mesa image count query} wl_registry#87.global(48, "hyprland_surface_manager_v1", 2)
[16:16:49.105679] {mesa image count query} wl_registry#87.global(49, "wp_content_type_manager_v1", 1)
[16:16:49.105681] {mesa image count query} wl_registry#87.global(50, "xdg_toplevel_tag_manager_v1", 1)
[16:16:49.105683] {mesa image count query} wl_registry#87.global(51, "xdg_system_bell_v1", 1)
[16:16:49.105685] {mesa image count query} wl_registry#87.global(52, "vicinae_hotkey_manager_v1", 1)
[16:16:49.105687] {mesa image count query} wl_registry#87.global(53, "ext_workspace_manager_v1", 1)
[16:16:49.105689] {mesa image count query} wl_registry#87.global(54, "ext_data_control_manager_v1", 1)
[16:16:49.105691] {mesa image count query} wl_registry#87.global(55, "wp_pointer_warp_v1", 1)
[16:16:49.105694] {mesa image count query} wl_registry#87.global(56, "wp_fifo_manager_v1", 1)
[16:16:49.105696] {mesa image count query}  -> wl_registry#87.bind(56, "wp_fifo_manager_v1", 1, new id [unknown]#81)
[16:16:49.105700] {mesa image count query} wl_registry#87.global(57, "zxdg_exporter_v2", 1)
[16:16:49.105703] {mesa image count query} wl_registry#87.global(58, "zxdg_importer_v2", 1)
[16:16:49.105706] {mesa image count query} wl_registry#87.global(59, "ext_background_effect_manager_v1", 1)
[16:16:49.105708] {mesa image count query} wl_registry#87.global(60, "wp_commit_timing_manager_v1", 1)
[16:16:49.105710] {mesa image count query}  -> wl_registry#87.bind(60, "wp_commit_timing_manager_v1", 1, new id [unknown]#82)
[16:16:49.105712] {mesa image count query} wl_registry#87.global(61, "zwlr_screencopy_manager_v1", 3)
[16:16:49.105714] {mesa image count query} wl_registry#87.global(62, "hyprland_toplevel_export_manager_v1", 2)
[16:16:49.105717] {mesa image count query} wl_registry#87.global(63, "ext_output_image_capture_source_manager_v1", 1)
[16:16:49.105719] {mesa image count query} wl_registry#87.global(64, "ext_foreign_toplevel_image_capture_source_manager_v1", 1)
[16:16:49.105721] {mesa image count query} wl_registry#87.global(65, "ext_image_copy_capture_manager_v1", 1)
[16:16:49.105723] {mesa image count query} wl_registry#87.global(66, "wp_color_manager_v1", 3)
[16:16:49.105725] {mesa image count query}  -> wl_registry#87.bind(66, "wp_color_manager_v1", 1, new id [unknown]#79)
[16:16:49.105728] {mesa image count query} wl_registry#87.global(67, "wl_drm", 2)
[16:16:49.105730] {mesa image count query} wl_registry#87.global(68, "zwp_linux_dmabuf_v1", 5)
[16:16:49.105732] {mesa image count query}  -> wl_registry#87.bind(68, "zwp_linux_dmabuf_v1", 4, new id [unknown]#86)
[16:16:49.105734] {mesa image count query} wl_registry#87.global(69, "wl_output", 4)
[16:16:49.105737] {mesa image count query} wl_callback#88.done(1)
[16:16:49.105739] {mesa image count query}  -> zwp_linux_dmabuf_v1#86.get_default_feedback(new id zwp_linux_dmabuf_feedback_v1#88)
[16:16:49.105742] {mesa image count query}  -> wl_display#1.sync(new id wl_callback#89)
[16:16:49.105766] {Display Queue} wl_display#1.delete_id(89)
[16:16:49.105768] {mesa image count query} wp_presentation#80.clock_id(1)
[16:16:49.105770] {mesa image count query} wp_color_manager_v1#79.supported_feature(1)
[16:16:49.105772] {mesa image count query} wp_color_manager_v1#79.supported_feature(2)
[16:16:49.105774] {mesa image count query} wp_color_manager_v1#79.supported_feature(4)
[16:16:49.105776] {mesa image count query} wp_color_manager_v1#79.supported_feature(7)
[16:16:49.105778] {mesa image count query} wp_color_manager_v1#79.supported_feature(5)
[16:16:49.105780] {mesa image count query} wp_color_manager_v1#79.supported_feature(6)
[16:16:49.105782] {mesa image count query} wp_color_manager_v1#79.supported_primaries_named(1)
[16:16:49.105783] {mesa image count query} wp_color_manager_v1#79.supported_primaries_named(6)
[16:16:49.105785] {mesa image count query} wp_color_manager_v1#79.supported_primaries_named(2)
[16:16:49.105787] {mesa image count query} wp_color_manager_v1#79.supported_primaries_named(3)
[16:16:49.105789] {mesa image count query} wp_color_manager_v1#79.supported_primaries_named(4)
[16:16:49.105791] {mesa image count query} wp_color_manager_v1#79.supported_primaries_named(5)
[16:16:49.105793] {mesa image count query} wp_color_manager_v1#79.supported_primaries_named(8)
[16:16:49.105795] {mesa image count query} wp_color_manager_v1#79.supported_primaries_named(9)
[16:16:49.105796] {mesa image count query} wp_color_manager_v1#79.supported_primaries_named(10)
[16:16:49.105798] {mesa image count query} wp_color_manager_v1#79.supported_primaries_named(7)
[16:16:49.105800] {mesa image count query} wp_color_manager_v1#79.supported_tf_named(9)
[16:16:49.105802] {mesa image count query} wp_color_manager_v1#79.supported_tf_named(10)
[16:16:49.105804] {mesa image count query} wp_color_manager_v1#79.supported_tf_named(2)
[16:16:49.105806] {mesa image count query} wp_color_manager_v1#79.supported_tf_named(3)
[16:16:49.105808] {mesa image count query} wp_color_manager_v1#79.supported_tf_named(5)
[16:16:49.105812] {mesa image count query} wp_color_manager_v1#79.supported_tf_named(11)
[16:16:49.105815] {mesa image count query} wp_color_manager_v1#79.supported_tf_named(13)
[16:16:49.105817] {mesa image count query} wp_color_manager_v1#79.supported_tf_named(1)
[16:16:49.105819] {mesa image count query} wp_color_manager_v1#79.supported_tf_named(4)
[16:16:49.105821] {mesa image count query} wp_color_manager_v1#79.supported_tf_named(6)
[16:16:49.105823] {mesa image count query} wp_color_manager_v1#79.supported_tf_named(7)
[16:16:49.105825] {mesa image count query} wp_color_manager_v1#79.supported_tf_named(8)
[16:16:49.105827] {mesa image count query} wp_color_manager_v1#79.supported_tf_named(12)
[16:16:49.105829] {mesa image count query} wp_color_manager_v1#79.supported_intent(0)
[16:16:49.105830] {mesa image count query} wp_color_manager_v1#79.done()
[16:16:49.105832] {mesa image count query} zwp_linux_dmabuf_feedback_v1#88.format_table(fd 18, 2960)
[16:16:49.105838] {mesa image count query} zwp_linux_dmabuf_feedback_v1#88.main_device(array[8])
[16:16:49.105840] {mesa image count query} zwp_linux_dmabuf_feedback_v1#88.tranche_target_device(array[8])
[16:16:49.105842] {mesa image count query} zwp_linux_dmabuf_feedback_v1#88.tranche_flags(0)
[16:16:49.105844] {mesa image count query} zwp_linux_dmabuf_feedback_v1#88.tranche_formats(array[370])
[16:16:49.105855] {mesa image count query} zwp_linux_dmabuf_feedback_v1#88.tranche_done()
[16:16:49.105857] {mesa image count query} zwp_linux_dmabuf_feedback_v1#88.done()
[16:16:49.105859] {mesa image count query} wl_callback#89.done(1)
[16:16:49.105861] {mesa image count query}  -> wl_display#1.sync(new id wl_callback#89)
[16:16:49.105872] {Display Queue} wl_display#1.delete_id(89)
[16:16:49.105874] {mesa image count query} wl_callback#89.done(1)
[16:16:49.105877] {mesa image count query}  -> zwp_linux_dmabuf_feedback_v1#88.destroy()
[16:16:49.105882] {mesa image count query}  -> zwp_linux_dmabuf_v1#86.destroy()
[16:16:49.105884] {mesa image count query}  -> wp_presentation#80.destroy()
[16:16:49.105886] {mesa image count query}  -> wp_fifo_manager_v1#81.destroy()
[16:16:49.105888] {mesa image count query}  -> wp_commit_timing_manager_v1#82.destroy()
[16:16:49.105890] {mesa image count query}  -> wp_tearing_control_manager_v1#78.destroy()
[16:16:49.105892] {mesa image count query}  -> wp_color_manager_v1#79.destroy()
[16:16:49.105895] {mesa present modes query}  -> wl_display#1.get_registry(new id wl_registry#89)
[16:16:49.105897] {mesa present modes query}  -> wl_display#1.sync(new id wl_callback#90)
[16:16:49.105925] {Display Queue} wl_display#1.delete_id(88)
[16:16:49.105928] {Display Queue} wl_display#1.delete_id(86)
[16:16:49.105930] {Display Queue} wl_display#1.delete_id(80)
[16:16:49.105932] {Display Queue} wl_display#1.delete_id(81)
[16:16:49.105934] {Display Queue} wl_display#1.delete_id(82)
[16:16:49.105936] {Display Queue} wl_display#1.delete_id(78)
[16:16:49.105938] {Display Queue} wl_display#1.delete_id(90)
[16:16:49.105940] {mesa present modes query} wl_registry#89.global(1, "wl_seat", 9)
[16:16:49.105942] {mesa present modes query} wl_registry#89.global(2, "wl_data_device_manager", 3)
[16:16:49.105944] {mesa present modes query} wl_registry#89.global(3, "wl_compositor", 6)
[16:16:49.105947] {mesa present modes query} wl_registry#89.global(4, "wl_subcompositor", 1)
[16:16:49.105949] {mesa present modes query} wl_registry#89.global(5, "wl_shm", 2)
[16:16:49.105951] {mesa present modes query} wl_registry#89.global(6, "wp_viewporter", 1)
[16:16:49.105953] {mesa present modes query} wl_registry#89.global(7, "wp_tearing_control_manager_v1", 1)
[16:16:49.105956] {mesa present modes query}  -> wl_registry#89.bind(7, "wp_tearing_control_manager_v1", 1, new id [unknown]#78)
[16:16:49.105959] {mesa present modes query} wl_registry#89.global(8, "wp_fractional_scale_manager_v1", 1)
[16:16:49.105961] {mesa present modes query} wl_registry#89.global(9, "zxdg_output_manager_v1", 3)
[16:16:49.105963] {mesa present modes query} wl_registry#89.global(10, "wp_cursor_shape_manager_v1", 2)
[16:16:49.105968] {mesa present modes query} wl_registry#89.global(11, "zwp_idle_inhibit_manager_v1", 1)
[16:16:49.105972] {mesa present modes query} wl_registry#89.global(12, "zwp_relative_pointer_manager_v1", 1)
[16:16:49.105974] {mesa present modes query} wl_registry#89.global(13, "zxdg_decoration_manager_v1", 2)
[16:16:49.105976] {mesa present modes query} wl_registry#89.global(14, "wp_alpha_modifier_v1", 1)
[16:16:49.105978] {mesa present modes query} wl_registry#89.global(15, "zwlr_gamma_control_manager_v1", 1)
[16:16:49.105980] {mesa present modes query} wl_registry#89.global(16, "ext_foreign_toplevel_list_v1", 1)
[16:16:49.105982] {mesa present modes query} wl_registry#89.global(17, "zwp_pointer_gestures_v1", 3)
[16:16:49.105984] {mesa present modes query} wl_registry#89.global(18, "zwlr_foreign_toplevel_manager_v1", 3)
[16:16:49.105986] {mesa present modes query} wl_registry#89.global(19, "zwp_keyboard_shortcuts_inhibit_manager_v1", 1)
[16:16:49.105989] {mesa present modes query} wl_registry#89.global(20, "zwp_text_input_manager_v1", 1)
[16:16:49.105991] {mesa present modes query} wl_registry#89.global(21, "zwp_text_input_manager_v3", 1)
[16:16:49.105993] {mesa present modes query} wl_registry#89.global(22, "zwp_pointer_constraints_v1", 1)
[16:16:49.105995] {mesa present modes query} wl_registry#89.global(23, "zwlr_output_power_manager_v1", 1)
[16:16:49.105997] {mesa present modes query} wl_registry#89.global(24, "xdg_activation_v1", 1)
[16:16:49.105999] {mesa present modes query} wl_registry#89.global(25, "ext_idle_notifier_v1", 2)
[16:16:49.106001] {mesa present modes query} wl_registry#89.global(26, "hyprland_lock_notifier_v1", 1)
[16:16:49.106003] {mesa present modes query} wl_registry#89.global(27, "ext_session_lock_manager_v1", 1)
[16:16:49.106005] {mesa present modes query} wl_registry#89.global(28, "zwp_input_method_manager_v2", 1)
[16:16:49.106008] {mesa present modes query} wl_registry#89.global(29, "zwp_virtual_keyboard_manager_v1", 1)
[16:16:49.106010] {mesa present modes query} wl_registry#89.global(30, "zwlr_virtual_pointer_manager_v1", 2)
[16:16:49.106012] {mesa present modes query} wl_registry#89.global(31, "zwlr_output_manager_v1", 4)
[16:16:49.106014] {mesa present modes query} wl_registry#89.global(32, "org_kde_kwin_server_decoration_manager", 1)
[16:16:49.106016] {mesa present modes query} wl_registry#89.global(33, "hyprland_focus_grab_manager_v1", 1)
[16:16:49.106018] {mesa present modes query} wl_registry#89.global(34, "zwp_tablet_manager_v2", 1)
[16:16:49.106020] {mesa present modes query} wl_registry#89.global(35, "zwlr_layer_shell_v1", 5)
[16:16:49.106022] {mesa present modes query} wl_registry#89.global(36, "wp_presentation", 2)
[16:16:49.106025] {mesa present modes query}  -> wl_registry#89.bind(36, "wp_presentation", 2, new id [unknown]#82)
[16:16:49.106027] {mesa present modes query} wl_registry#89.global(37, "xdg_wm_base", 7)
[16:16:49.106029] {mesa present modes query} wl_registry#89.global(38, "zwlr_data_control_manager_v1", 2)
[16:16:49.106031] {mesa present modes query} wl_registry#89.global(39, "zwp_primary_selection_device_manager_v1", 1)
[16:16:49.106033] {mesa present modes query} wl_registry#89.global(40, "xwayland_shell_v1", 1)
[16:16:49.106035] {mesa present modes query} wl_registry#89.global(41, "hyprland_toplevel_mapping_manager_v1", 1)
[16:16:49.106038] {mesa present modes query} wl_registry#89.global(42, "hyprland_global_shortcuts_manager_v1", 1)
[16:16:49.106040] {mesa present modes query} wl_registry#89.global(43, "xdg_wm_dialog_v1", 1)
[16:16:49.106042] {mesa present modes query} wl_registry#89.global(44, "wp_single_pixel_buffer_manager_v1", 1)
[16:16:49.106044] {mesa present modes query} wl_registry#89.global(45, "wp_security_context_manager_v1", 1)
[16:16:49.106046] {mesa present modes query} wl_registry#89.global(46, "hyprland_ctm_control_manager_v1", 2)
[16:16:49.106048] {mesa present modes query} wl_registry#89.global(47, "hyprland_input_capture_manager_v1", 1)
[16:16:49.106050] {mesa present modes query} wl_registry#89.global(48, "hyprland_surface_manager_v1", 2)
[16:16:49.106054] {mesa present modes query} wl_registry#89.global(49, "wp_content_type_manager_v1", 1)
[16:16:49.106057] {mesa present modes query} wl_registry#89.global(50, "xdg_toplevel_tag_manager_v1", 1)
[16:16:49.106060] {mesa present modes query} wl_registry#89.global(51, "xdg_system_bell_v1", 1)
[16:16:49.106062] {mesa present modes query} wl_registry#89.global(52, "vicinae_hotkey_manager_v1", 1)
[16:16:49.106064] {mesa present modes query} wl_registry#89.global(53, "ext_workspace_manager_v1", 1)
[16:16:49.106066] {mesa present modes query} wl_registry#89.global(54, "ext_data_control_manager_v1", 1)
[16:16:49.106068] {mesa present modes query} wl_registry#89.global(55, "wp_pointer_warp_v1", 1)
[16:16:49.106071] {mesa present modes query} wl_registry#89.global(56, "wp_fifo_manager_v1", 1)
[16:16:49.106073] {mesa present modes query}  -> wl_registry#89.bind(56, "wp_fifo_manager_v1", 1, new id [unknown]#81)
[16:16:49.106075] {mesa present modes query} wl_registry#89.global(57, "zxdg_exporter_v2", 1)
[16:16:49.106077] {mesa present modes query} wl_registry#89.global(58, "zxdg_importer_v2", 1)
[16:16:49.106080] {mesa present modes query} wl_registry#89.global(59, "ext_background_effect_manager_v1", 1)
[16:16:49.106082] {mesa present modes query} wl_registry#89.global(60, "wp_commit_timing_manager_v1", 1)
[16:16:49.106084] {mesa present modes query}  -> wl_registry#89.bind(60, "wp_commit_timing_manager_v1", 1, new id [unknown]#80)
[16:16:49.106086] {mesa present modes query} wl_registry#89.global(61, "zwlr_screencopy_manager_v1", 3)
[16:16:49.106089] {mesa present modes query} wl_registry#89.global(62, "hyprland_toplevel_export_manager_v1", 2)
[16:16:49.106091] {mesa present modes query} wl_registry#89.global(63, "ext_output_image_capture_source_manager_v1", 1)
[16:16:49.106093] {mesa present modes query} wl_registry#89.global(64, "ext_foreign_toplevel_image_capture_source_manager_v1", 1)
[16:16:49.106096] {mesa present modes query} wl_registry#89.global(65, "ext_image_copy_capture_manager_v1", 1)
[16:16:49.106098] {mesa present modes query} wl_registry#89.global(66, "wp_color_manager_v1", 3)
[16:16:49.106101] {mesa present modes query}  -> wl_registry#89.bind(66, "wp_color_manager_v1", 1, new id [unknown]#86)
[16:16:49.106103] {mesa present modes query} wl_registry#89.global(67, "wl_drm", 2)
[16:16:49.106105] {mesa present modes query} wl_registry#89.global(68, "zwp_linux_dmabuf_v1", 5)
[16:16:49.106108] {mesa present modes query}  -> wl_registry#89.bind(68, "zwp_linux_dmabuf_v1", 4, new id [unknown]#88)
[16:16:49.106110] {mesa present modes query} wl_registry#89.global(69, "wl_output", 4)
[16:16:49.106112] {mesa present modes query} wl_callback#90.done(1)
[16:16:49.106114] {mesa present modes query}  -> zwp_linux_dmabuf_v1#88.get_default_feedback(new id zwp_linux_dmabuf_feedback_v1#90)
[16:16:49.106118] {mesa present modes query}  -> wl_display#1.sync(new id wl_callback#91)
[16:16:49.106142] {Display Queue} wl_display#1.delete_id(91)
[16:16:49.106145] {mesa present modes query} wp_presentation#82.clock_id(1)
[16:16:49.106147] {mesa present modes query} wp_color_manager_v1#86.supported_feature(1)
[16:16:49.106149] {mesa present modes query} wp_color_manager_v1#86.supported_feature(2)
[16:16:49.106150] {mesa present modes query} wp_color_manager_v1#86.supported_feature(4)
[16:16:49.106152] {mesa present modes query} wp_color_manager_v1#86.supported_feature(7)
[16:16:49.106154] {mesa present modes query} wp_color_manager_v1#86.supported_feature(5)
[16:16:49.106156] {mesa present modes query} wp_color_manager_v1#86.supported_feature(6)
[16:16:49.106158] {mesa present modes query} wp_color_manager_v1#86.supported_primaries_named(1)
[16:16:49.106160] {mesa present modes query} wp_color_manager_v1#86.supported_primaries_named(6)
[16:16:49.106162] {mesa present modes query} wp_color_manager_v1#86.supported_primaries_named(2)
[16:16:49.106164] {mesa present modes query} wp_color_manager_v1#86.supported_primaries_named(3)
[16:16:49.106165] {mesa present modes query} wp_color_manager_v1#86.supported_primaries_named(4)
[16:16:49.106170] {mesa present modes query} wp_color_manager_v1#86.supported_primaries_named(5)
[16:16:49.106173] {mesa present modes query} wp_color_manager_v1#86.supported_primaries_named(8)
[16:16:49.106175] {mesa present modes query} wp_color_manager_v1#86.supported_primaries_named(9)
[16:16:49.106177] {mesa present modes query} wp_color_manager_v1#86.supported_primaries_named(10)
[16:16:49.106179] {mesa present modes query} wp_color_manager_v1#86.supported_primaries_named(7)
[16:16:49.106181] {mesa present modes query} wp_color_manager_v1#86.supported_tf_named(9)
[16:16:49.106183] {mesa present modes query} wp_color_manager_v1#86.supported_tf_named(10)
[16:16:49.106184] {mesa present modes query} wp_color_manager_v1#86.supported_tf_named(2)
[16:16:49.106186] {mesa present modes query} wp_color_manager_v1#86.supported_tf_named(3)
[16:16:49.106188] {mesa present modes query} wp_color_manager_v1#86.supported_tf_named(5)
[16:16:49.106190] {mesa present modes query} wp_color_manager_v1#86.supported_tf_named(11)
[16:16:49.106192] {mesa present modes query} wp_color_manager_v1#86.supported_tf_named(13)
[16:16:49.106194] {mesa present modes query} wp_color_manager_v1#86.supported_tf_named(1)
[16:16:49.106196] {mesa present modes query} wp_color_manager_v1#86.supported_tf_named(4)
[16:16:49.106198] {mesa present modes query} wp_color_manager_v1#86.supported_tf_named(6)
[16:16:49.106200] {mesa present modes query} wp_color_manager_v1#86.supported_tf_named(7)
[16:16:49.106201] {mesa present modes query} wp_color_manager_v1#86.supported_tf_named(8)
[16:16:49.106203] {mesa present modes query} wp_color_manager_v1#86.supported_tf_named(12)
[16:16:49.106205] {mesa present modes query} wp_color_manager_v1#86.supported_intent(0)
[16:16:49.106207] {mesa present modes query} wp_color_manager_v1#86.done()
[16:16:49.106209] {mesa present modes query} zwp_linux_dmabuf_feedback_v1#90.format_table(fd 18, 2960)
[16:16:49.106214] {mesa present modes query} zwp_linux_dmabuf_feedback_v1#90.main_device(array[8])
[16:16:49.106216] {mesa present modes query} zwp_linux_dmabuf_feedback_v1#90.tranche_target_device(array[8])
[16:16:49.106218] {mesa present modes query} zwp_linux_dmabuf_feedback_v1#90.tranche_flags(0)
[16:16:49.106220] {mesa present modes query} zwp_linux_dmabuf_feedback_v1#90.tranche_formats(array[370])
[16:16:49.106230] {mesa present modes query} zwp_linux_dmabuf_feedback_v1#90.tranche_done()
[16:16:49.106232] {mesa present modes query} zwp_linux_dmabuf_feedback_v1#90.done()
[16:16:49.106234] {mesa present modes query} wl_callback#91.done(1)
[16:16:49.106236] {mesa present modes query}  -> wl_display#1.sync(new id wl_callback#91)
[16:16:49.106246] {Display Queue} wl_display#1.delete_id(91)
[16:16:49.106252] {mesa present modes query} wl_callback#91.done(1)
[16:16:49.106254] {mesa present modes query}  -> zwp_linux_dmabuf_feedback_v1#90.destroy()
[16:16:49.106259] {mesa present modes query}  -> zwp_linux_dmabuf_v1#88.destroy()
[16:16:49.106261] {mesa present modes query}  -> wp_presentation#82.destroy()
[16:16:49.106263] {mesa present modes query}  -> wp_fifo_manager_v1#81.destroy()
[16:16:49.106265] {mesa present modes query}  -> wp_commit_timing_manager_v1#80.destroy()
[16:16:49.106267] {mesa present modes query}  -> wp_tearing_control_manager_v1#78.destroy()
[16:16:49.106269] {mesa present modes query}  -> wp_color_manager_v1#86.destroy()
[16:16:49.106272] {mesa present modes query}  -> wl_display#1.get_registry(new id wl_registry#91)
[16:16:49.106274] {mesa present modes query}  -> wl_display#1.sync(new id wl_callback#92)
[16:16:49.106304] {Display Queue} wl_display#1.delete_id(90)
[16:16:49.106306] {Display Queue} wl_display#1.delete_id(88)
[16:16:49.106308] {Display Queue} wl_display#1.delete_id(82)
[16:16:49.106310] {Display Queue} wl_display#1.delete_id(81)
[16:16:49.106312] {Display Queue} wl_display#1.delete_id(80)
[16:16:49.106314] {Display Queue} wl_display#1.delete_id(78)
[16:16:49.106316] {Display Queue} wl_display#1.delete_id(92)
[16:16:49.106318] {mesa present modes query} wl_registry#91.global(1, "wl_seat", 9)
[16:16:49.106322] {mesa present modes query} wl_registry#91.global(2, "wl_data_device_manager", 3)
[16:16:49.106326] {mesa present modes query} wl_registry#91.global(3, "wl_compositor", 6)
[16:16:49.106328] {mesa present modes query} wl_registry#91.global(4, "wl_subcompositor", 1)
[16:16:49.106330] {mesa present modes query} wl_registry#91.global(5, "wl_shm", 2)
[16:16:49.106333] {mesa present modes query} wl_registry#91.global(6, "wp_viewporter", 1)
[16:16:49.106335] {mesa present modes query} wl_registry#91.global(7, "wp_tearing_control_manager_v1", 1)
[16:16:49.106337] {mesa present modes query}  -> wl_registry#91.bind(7, "wp_tearing_control_manager_v1", 1, new id [unknown]#78)
[16:16:49.106340] {mesa present modes query} wl_registry#91.global(8, "wp_fractional_scale_manager_v1", 1)
[16:16:49.106343] {mesa present modes query} wl_registry#91.global(9, "zxdg_output_manager_v1", 3)
[16:16:49.106345] {mesa present modes query} wl_registry#91.global(10, "wp_cursor_shape_manager_v1", 2)
[16:16:49.106347] {mesa present modes query} wl_registry#91.global(11, "zwp_idle_inhibit_manager_v1", 1)
[16:16:49.106349] {mesa present modes query} wl_registry#91.global(12, "zwp_relative_pointer_manager_v1", 1)
[16:16:49.106351] {mesa present modes query} wl_registry#91.global(13, "zxdg_decoration_manager_v1", 2)
[16:16:49.106353] {mesa present modes query} wl_registry#91.global(14, "wp_alpha_modifier_v1", 1)
[16:16:49.106355] {mesa present modes query} wl_registry#91.global(15, "zwlr_gamma_control_manager_v1", 1)
[16:16:49.106357] {mesa present modes query} wl_registry#91.global(16, "ext_foreign_toplevel_list_v1", 1)
[16:16:49.106359] {mesa present modes query} wl_registry#91.global(17, "zwp_pointer_gestures_v1", 3)
[16:16:49.106361] {mesa present modes query} wl_registry#91.global(18, "zwlr_foreign_toplevel_manager_v1", 3)
[16:16:49.106363] {mesa present modes query} wl_registry#91.global(19, "zwp_keyboard_shortcuts_inhibit_manager_v1", 1)
[16:16:49.106366] {mesa present modes query} wl_registry#91.global(20, "zwp_text_input_manager_v1", 1)
[16:16:49.106368] {mesa present modes query} wl_registry#91.global(21, "zwp_text_input_manager_v3", 1)
[16:16:49.106370] {mesa present modes query} wl_registry#91.global(22, "zwp_pointer_constraints_v1", 1)
[16:16:49.106372] {mesa present modes query} wl_registry#91.global(23, "zwlr_output_power_manager_v1", 1)
[16:16:49.106374] {mesa present modes query} wl_registry#91.global(24, "xdg_activation_v1", 1)
[16:16:49.106376] {mesa present modes query} wl_registry#91.global(25, "ext_idle_notifier_v1", 2)
[16:16:49.106378] {mesa present modes query} wl_registry#91.global(26, "hyprland_lock_notifier_v1", 1)
[16:16:49.106380] {mesa present modes query} wl_registry#91.global(27, "ext_session_lock_manager_v1", 1)
[16:16:49.106383] {mesa present modes query} wl_registry#91.global(28, "zwp_input_method_manager_v2", 1)
[16:16:49.106385] {mesa present modes query} wl_registry#91.global(29, "zwp_virtual_keyboard_manager_v1", 1)
[16:16:49.106387] {mesa present modes query} wl_registry#91.global(30, "zwlr_virtual_pointer_manager_v1", 2)
[16:16:49.106389] {mesa present modes query} wl_registry#91.global(31, "zwlr_output_manager_v1", 4)
[16:16:49.106391] {mesa present modes query} wl_registry#91.global(32, "org_kde_kwin_server_decoration_manager", 1)
[16:16:49.106393] {mesa present modes query} wl_registry#91.global(33, "hyprland_focus_grab_manager_v1", 1)
[16:16:49.106395] {mesa present modes query} wl_registry#91.global(34, "zwp_tablet_manager_v2", 1)
[16:16:49.106398] {mesa present modes query} wl_registry#91.global(35, "zwlr_layer_shell_v1", 5)
[16:16:49.106400] {mesa present modes query} wl_registry#91.global(36, "wp_presentation", 2)
[16:16:49.106402] {mesa present modes query}  -> wl_registry#91.bind(36, "wp_presentation", 2, new id [unknown]#80)
[16:16:49.106404] {mesa present modes query} wl_registry#91.global(37, "xdg_wm_base", 7)
[16:16:49.106406] {mesa present modes query} wl_registry#91.global(38, "zwlr_data_control_manager_v1", 2)
[16:16:49.106408] {mesa present modes query} wl_registry#91.global(39, "zwp_primary_selection_device_manager_v1", 1)
[16:16:49.106412] {mesa present modes query} wl_registry#91.global(40, "xwayland_shell_v1", 1)
[16:16:49.106416] {mesa present modes query} wl_registry#91.global(41, "hyprland_toplevel_mapping_manager_v1", 1)
[16:16:49.106418] {mesa present modes query} wl_registry#91.global(42, "hyprland_global_shortcuts_manager_v1", 1)
[16:16:49.106420] {mesa present modes query} wl_registry#91.global(43, "xdg_wm_dialog_v1", 1)
[16:16:49.106422] {mesa present modes query} wl_registry#91.global(44, "wp_single_pixel_buffer_manager_v1", 1)
[16:16:49.106424] {mesa present modes query} wl_registry#91.global(45, "wp_security_context_manager_v1", 1)
[16:16:49.106426] {mesa present modes query} wl_registry#91.global(46, "hyprland_ctm_control_manager_v1", 2)
[16:16:49.106428] {mesa present modes query} wl_registry#91.global(47, "hyprland_input_capture_manager_v1", 1)
[16:16:49.106430] {mesa present modes query} wl_registry#91.global(48, "hyprland_surface_manager_v1", 2)
[16:16:49.106432] {mesa present modes query} wl_registry#91.global(49, "wp_content_type_manager_v1", 1)
[16:16:49.106435] {mesa present modes query} wl_registry#91.global(50, "xdg_toplevel_tag_manager_v1", 1)
[16:16:49.106437] {mesa present modes query} wl_registry#91.global(51, "xdg_system_bell_v1", 1)
[16:16:49.106439] {mesa present modes query} wl_registry#91.global(52, "vicinae_hotkey_manager_v1", 1)
[16:16:49.106441] {mesa present modes query} wl_registry#91.global(53, "ext_workspace_manager_v1", 1)
[16:16:49.106443] {mesa present modes query} wl_registry#91.global(54, "ext_data_control_manager_v1", 1)
[16:16:49.106445] {mesa present modes query} wl_registry#91.global(55, "wp_pointer_warp_v1", 1)
[16:16:49.106447] {mesa present modes query} wl_registry#91.global(56, "wp_fifo_manager_v1", 1)
[16:16:49.106449] {mesa present modes query}  -> wl_registry#91.bind(56, "wp_fifo_manager_v1", 1, new id [unknown]#81)
[16:16:49.106451] {mesa present modes query} wl_registry#91.global(57, "zxdg_exporter_v2", 1)
[16:16:49.106454] {mesa present modes query} wl_registry#91.global(58, "zxdg_importer_v2", 1)
[16:16:49.106456] {mesa present modes query} wl_registry#91.global(59, "ext_background_effect_manager_v1", 1)
[16:16:49.106458] {mesa present modes query} wl_registry#91.global(60, "wp_commit_timing_manager_v1", 1)
[16:16:49.106460] {mesa present modes query}  -> wl_registry#91.bind(60, "wp_commit_timing_manager_v1", 1, new id [unknown]#82)
[16:16:49.106462] {mesa present modes query} wl_registry#91.global(61, "zwlr_screencopy_manager_v1", 3)
[16:16:49.106464] {mesa present modes query} wl_registry#91.global(62, "hyprland_toplevel_export_manager_v1", 2)
[16:16:49.106466] {mesa present modes query} wl_registry#91.global(63, "ext_output_image_capture_source_manager_v1", 1)
[16:16:49.106469] {mesa present modes query} wl_registry#91.global(64, "ext_foreign_toplevel_image_capture_source_manager_v1", 1)
[16:16:49.106472] {mesa present modes query} wl_registry#91.global(65, "ext_image_copy_capture_manager_v1", 1)
[16:16:49.106474] {mesa present modes query} wl_registry#91.global(66, "wp_color_manager_v1", 3)
[16:16:49.106476] {mesa present modes query}  -> wl_registry#91.bind(66, "wp_color_manager_v1", 1, new id [unknown]#88)
[16:16:49.106478] {mesa present modes query} wl_registry#91.global(67, "wl_drm", 2)
[16:16:49.106480] {mesa present modes query} wl_registry#91.global(68, "zwp_linux_dmabuf_v1", 5)
[16:16:49.106482] {mesa present modes query}  -> wl_registry#91.bind(68, "zwp_linux_dmabuf_v1", 4, new id [unknown]#90)
[16:16:49.106485] {mesa present modes query} wl_registry#91.global(69, "wl_output", 4)
[16:16:49.106487] {mesa present modes query} wl_callback#92.done(1)
[16:16:49.106489] {mesa present modes query}  -> zwp_linux_dmabuf_v1#90.get_default_feedback(new id zwp_linux_dmabuf_feedback_v1#92)
[16:16:49.106492] {mesa present modes query}  -> wl_display#1.sync(new id wl_callback#93)
[16:16:49.106514] {Display Queue} wl_display#1.delete_id(93)
[16:16:49.106517] {mesa present modes query} wp_presentation#80.clock_id(1)
[16:16:49.106519] {mesa present modes query} wp_color_manager_v1#88.supported_feature(1)
[16:16:49.106523] {mesa present modes query} wp_color_manager_v1#88.supported_feature(2)
[16:16:49.106526] {mesa present modes query} wp_color_manager_v1#88.supported_feature(4)
[16:16:49.106528] {mesa present modes query} wp_color_manager_v1#88.supported_feature(7)
[16:16:49.106530] {mesa present modes query} wp_color_manager_v1#88.supported_feature(5)
[16:16:49.106532] {mesa present modes query} wp_color_manager_v1#88.supported_feature(6)
[16:16:49.106534] {mesa present modes query} wp_color_manager_v1#88.supported_primaries_named(1)
[16:16:49.106536] {mesa present modes query} wp_color_manager_v1#88.supported_primaries_named(6)
[16:16:49.106537] {mesa present modes query} wp_color_manager_v1#88.supported_primaries_named(2)
[16:16:49.106539] {mesa present modes query} wp_color_manager_v1#88.supported_primaries_named(3)
[16:16:49.106541] {mesa present modes query} wp_color_manager_v1#88.supported_primaries_named(4)
[16:16:49.106543] {mesa present modes query} wp_color_manager_v1#88.supported_primaries_named(5)
[16:16:49.106545] {mesa present modes query} wp_color_manager_v1#88.supported_primaries_named(8)
[16:16:49.106547] {mesa present modes query} wp_color_manager_v1#88.supported_primaries_named(9)
[16:16:49.106549] {mesa present modes query} wp_color_manager_v1#88.supported_primaries_named(10)
[16:16:49.106551] {mesa present modes query} wp_color_manager_v1#88.supported_primaries_named(7)
[16:16:49.106553] {mesa present modes query} wp_color_manager_v1#88.supported_tf_named(9)
[16:16:49.106554] {mesa present modes query} wp_color_manager_v1#88.supported_tf_named(10)
[16:16:49.106556] {mesa present modes query} wp_color_manager_v1#88.supported_tf_named(2)
[16:16:49.106558] {mesa present modes query} wp_color_manager_v1#88.supported_tf_named(3)
[16:16:49.106560] {mesa present modes query} wp_color_manager_v1#88.supported_tf_named(5)
[16:16:49.106562] {mesa present modes query} wp_color_manager_v1#88.supported_tf_named(11)
[16:16:49.106564] {mesa present modes query} wp_color_manager_v1#88.supported_tf_named(13)
[16:16:49.106566] {mesa present modes query} wp_color_manager_v1#88.supported_tf_named(1)
[16:16:49.106568] {mesa present modes query} wp_color_manager_v1#88.supported_tf_named(4)
[16:16:49.106570] {mesa present modes query} wp_color_manager_v1#88.supported_tf_named(6)
[16:16:49.106572] {mesa present modes query} wp_color_manager_v1#88.supported_tf_named(7)
[16:16:49.106574] {mesa present modes query} wp_color_manager_v1#88.supported_tf_named(8)
[16:16:49.106575] {mesa present modes query} wp_color_manager_v1#88.supported_tf_named(12)
[16:16:49.106577] {mesa present modes query} wp_color_manager_v1#88.supported_intent(0)
[16:16:49.106579] {mesa present modes query} wp_color_manager_v1#88.done()
[16:16:49.106581] {mesa present modes query} zwp_linux_dmabuf_feedback_v1#92.format_table(fd 18, 2960)
[16:16:49.106586] {mesa present modes query} zwp_linux_dmabuf_feedback_v1#92.main_device(array[8])
[16:16:49.106588] {mesa present modes query} zwp_linux_dmabuf_feedback_v1#92.tranche_target_device(array[8])
[16:16:49.106590] {mesa present modes query} zwp_linux_dmabuf_feedback_v1#92.tranche_flags(0)
[16:16:49.106592] {mesa present modes query} zwp_linux_dmabuf_feedback_v1#92.tranche_formats(array[370])
[16:16:49.106600] {mesa present modes query} zwp_linux_dmabuf_feedback_v1#92.tranche_done()
[16:16:49.106603] {mesa present modes query} zwp_linux_dmabuf_feedback_v1#92.done()
[16:16:49.106604] {mesa present modes query} wl_callback#93.done(1)
[16:16:49.106607] {mesa present modes query}  -> wl_display#1.sync(new id wl_callback#93)
[16:16:49.106617] {Display Queue} wl_display#1.delete_id(93)
[16:16:49.106619] {mesa present modes query} wl_callback#93.done(1)
[16:16:49.106622] {mesa present modes query}  -> zwp_linux_dmabuf_feedback_v1#92.destroy()
[16:16:49.106626] {mesa present modes query}  -> zwp_linux_dmabuf_v1#90.destroy()
[16:16:49.106629] {mesa present modes query}  -> wp_presentation#80.destroy()
[16:16:49.106631] {mesa present modes query}  -> wp_fifo_manager_v1#81.destroy()
[16:16:49.106635] {mesa present modes query}  -> wp_commit_timing_manager_v1#82.destroy()
[16:16:49.106638] {mesa present modes query}  -> wp_tearing_control_manager_v1#78.destroy()
[16:16:49.106640] {mesa present modes query}  -> wp_color_manager_v1#88.destroy()
[16:16:49.106644] {mesa vk display queue}  -> wl_display#1.get_registry(new id wl_registry#93)
[16:16:49.106646] {mesa vk display queue}  -> wl_display#1.sync(new id wl_callback#94)
[16:16:49.106675] {Display Queue} wl_display#1.delete_id(92)
[16:16:49.106677] {Display Queue} wl_display#1.delete_id(90)
[16:16:49.106679] {Display Queue} wl_display#1.delete_id(80)
[16:16:49.106681] {Display Queue} wl_display#1.delete_id(81)
[16:16:49.106683] {Display Queue} wl_display#1.delete_id(82)
[16:16:49.106685] {Display Queue} wl_display#1.delete_id(78)
[16:16:49.106687] {Display Queue} wl_display#1.delete_id(94)
[16:16:49.106689] {mesa vk display queue} wl_registry#93.global(1, "wl_seat", 9)
[16:16:49.106691] {mesa vk display queue} wl_registry#93.global(2, "wl_data_device_manager", 3)
[16:16:49.106693] {mesa vk display queue} wl_registry#93.global(3, "wl_compositor", 6)
[16:16:49.106695] {mesa vk display queue} wl_registry#93.global(4, "wl_subcompositor", 1)
[16:16:49.106698] {mesa vk display queue} wl_registry#93.global(5, "wl_shm", 2)
[16:16:49.106700] {mesa vk display queue} wl_registry#93.global(6, "wp_viewporter", 1)
[16:16:49.106702] {mesa vk display queue} wl_registry#93.global(7, "wp_tearing_control_manager_v1", 1)
[16:16:49.106704] {mesa vk display queue}  -> wl_registry#93.bind(7, "wp_tearing_control_manager_v1", 1, new id [unknown]#78)
[16:16:49.106706] {mesa vk display queue} wl_registry#93.global(8, "wp_fractional_scale_manager_v1", 1)
[16:16:49.106709] {mesa vk display queue} wl_registry#93.global(9, "zxdg_output_manager_v1", 3)
[16:16:49.106711] {mesa vk display queue} wl_registry#93.global(10, "wp_cursor_shape_manager_v1", 2)
[16:16:49.106713] {mesa vk display queue} wl_registry#93.global(11, "zwp_idle_inhibit_manager_v1", 1)
[16:16:49.106715] {mesa vk display queue} wl_registry#93.global(12, "zwp_relative_pointer_manager_v1", 1)
[16:16:49.106717] {mesa vk display queue} wl_registry#93.global(13, "zxdg_decoration_manager_v1", 2)
[16:16:49.106719] {mesa vk display queue} wl_registry#93.global(14, "wp_alpha_modifier_v1", 1)
[16:16:49.106721] {mesa vk display queue} wl_registry#93.global(15, "zwlr_gamma_control_manager_v1", 1)
[16:16:49.106724] {mesa vk display queue} wl_registry#93.global(16, "ext_foreign_toplevel_list_v1", 1)
[16:16:49.106726] {mesa vk display queue} wl_registry#93.global(17, "zwp_pointer_gestures_v1", 3)
[16:16:49.106728] {mesa vk display queue} wl_registry#93.global(18, "zwlr_foreign_toplevel_manager_v1", 3)
[16:16:49.106730] {mesa vk display queue} wl_registry#93.global(19, "zwp_keyboard_shortcuts_inhibit_manager_v1", 1)
[16:16:49.106732] {mesa vk display queue} wl_registry#93.global(20, "zwp_text_input_manager_v1", 1)
[16:16:49.106734] {mesa vk display queue} wl_registry#93.global(21, "zwp_text_input_manager_v3", 1)
[16:16:49.106736] {mesa vk display queue} wl_registry#93.global(22, "zwp_pointer_constraints_v1", 1)
[16:16:49.106738] {mesa vk display queue} wl_registry#93.global(23, "zwlr_output_power_manager_v1", 1)
[16:16:49.106740] {mesa vk display queue} wl_registry#93.global(24, "xdg_activation_v1", 1)
[16:16:49.106742] {mesa vk display queue} wl_registry#93.global(25, "ext_idle_notifier_v1", 2)
[16:16:49.106745] {mesa vk display queue} wl_registry#93.global(26, "hyprland_lock_notifier_v1", 1)
[16:16:49.106747] {mesa vk display queue} wl_registry#93.global(27, "ext_session_lock_manager_v1", 1)
[16:16:49.106749] {mesa vk display queue} wl_registry#93.global(28, "zwp_input_method_manager_v2", 1)
[16:16:49.106751] {mesa vk display queue} wl_registry#93.global(29, "zwp_virtual_keyboard_manager_v1", 1)
[16:16:49.106753] {mesa vk display queue} wl_registry#93.global(30, "zwlr_virtual_pointer_manager_v1", 2)
[16:16:49.106755] {mesa vk display queue} wl_registry#93.global(31, "zwlr_output_manager_v1", 4)
[16:16:49.106759] {mesa vk display queue} wl_registry#93.global(32, "org_kde_kwin_server_decoration_manager", 1)
[16:16:49.106763] {mesa vk display queue} wl_registry#93.global(33, "hyprland_focus_grab_manager_v1", 1)
[16:16:49.106765] {mesa vk display queue} wl_registry#93.global(34, "zwp_tablet_manager_v2", 1)
[16:16:49.106767] {mesa vk display queue} wl_registry#93.global(35, "zwlr_layer_shell_v1", 5)
[16:16:49.106769] {mesa vk display queue} wl_registry#93.global(36, "wp_presentation", 2)
[16:16:49.106771] {mesa vk display queue}  -> wl_registry#93.bind(36, "wp_presentation", 2, new id [unknown]#82)
[16:16:49.106774] {mesa vk display queue} wl_registry#93.global(37, "xdg_wm_base", 7)
[16:16:49.106776] {mesa vk display queue} wl_registry#93.global(38, "zwlr_data_control_manager_v1", 2)
[16:16:49.106778] {mesa vk display queue} wl_registry#93.global(39, "zwp_primary_selection_device_manager_v1", 1)
[16:16:49.106780] {mesa vk display queue} wl_registry#93.global(40, "xwayland_shell_v1", 1)
[16:16:49.106782] {mesa vk display queue} wl_registry#93.global(41, "hyprland_toplevel_mapping_manager_v1", 1)
[16:16:49.106784] {mesa vk display queue} wl_registry#93.global(42, "hyprland_global_shortcuts_manager_v1", 1)
[16:16:49.106786] {mesa vk display queue} wl_registry#93.global(43, "xdg_wm_dialog_v1", 1)
[16:16:49.106789] {mesa vk display queue} wl_registry#93.global(44, "wp_single_pixel_buffer_manager_v1", 1)
[16:16:49.106791] {mesa vk display queue} wl_registry#93.global(45, "wp_security_context_manager_v1", 1)
[16:16:49.106793] {mesa vk display queue} wl_registry#93.global(46, "hyprland_ctm_control_manager_v1", 2)
[16:16:49.106795] {mesa vk display queue} wl_registry#93.global(47, "hyprland_input_capture_manager_v1", 1)
[16:16:49.106797] {mesa vk display queue} wl_registry#93.global(48, "hyprland_surface_manager_v1", 2)
[16:16:49.106799] {mesa vk display queue} wl_registry#93.global(49, "wp_content_type_manager_v1", 1)
[16:16:49.106801] {mesa vk display queue} wl_registry#93.global(50, "xdg_toplevel_tag_manager_v1", 1)
[16:16:49.106804] {mesa vk display queue} wl_registry#93.global(51, "xdg_system_bell_v1", 1)
[16:16:49.106806] {mesa vk display queue} wl_registry#93.global(52, "vicinae_hotkey_manager_v1", 1)
[16:16:49.106808] {mesa vk display queue} wl_registry#93.global(53, "ext_workspace_manager_v1", 1)
[16:16:49.106810] {mesa vk display queue} wl_registry#93.global(54, "ext_data_control_manager_v1", 1)
[16:16:49.106812] {mesa vk display queue} wl_registry#93.global(55, "wp_pointer_warp_v1", 1)
[16:16:49.106814] {mesa vk display queue} wl_registry#93.global(56, "wp_fifo_manager_v1", 1)
[16:16:49.106816] {mesa vk display queue}  -> wl_registry#93.bind(56, "wp_fifo_manager_v1", 1, new id [unknown]#81)
[16:16:49.106818] {mesa vk display queue} wl_registry#93.global(57, "zxdg_exporter_v2", 1)
[16:16:49.106820] {mesa vk display queue} wl_registry#93.global(58, "zxdg_importer_v2", 1)
[16:16:49.106823] {mesa vk display queue} wl_registry#93.global(59, "ext_background_effect_manager_v1", 1)
[16:16:49.106825] {mesa vk display queue} wl_registry#93.global(60, "wp_commit_timing_manager_v1", 1)
[16:16:49.106827] {mesa vk display queue}  -> wl_registry#93.bind(60, "wp_commit_timing_manager_v1", 1, new id [unknown]#80)
[16:16:49.106829] {mesa vk display queue} wl_registry#93.global(61, "zwlr_screencopy_manager_v1", 3)
[16:16:49.106831] {mesa vk display queue} wl_registry#93.global(62, "hyprland_toplevel_export_manager_v1", 2)
[16:16:49.106834] {mesa vk display queue} wl_registry#93.global(63, "ext_output_image_capture_source_manager_v1", 1)
[16:16:49.106836] {mesa vk display queue} wl_registry#93.global(64, "ext_foreign_toplevel_image_capture_source_manager_v1", 1)
[16:16:49.106838] {mesa vk display queue} wl_registry#93.global(65, "ext_image_copy_capture_manager_v1", 1)
[16:16:49.106840] {mesa vk display queue} wl_registry#93.global(66, "wp_color_manager_v1", 3)
[16:16:49.106842] {mesa vk display queue}  -> wl_registry#93.bind(66, "wp_color_manager_v1", 1, new id [unknown]#90)
[16:16:49.106844] {mesa vk display queue} wl_registry#93.global(67, "wl_drm", 2)
[16:16:49.106849] {mesa vk display queue} wl_registry#93.global(68, "zwp_linux_dmabuf_v1", 5)
[16:16:49.106852] {mesa vk display queue}  -> wl_registry#93.bind(68, "zwp_linux_dmabuf_v1", 4, new id [unknown]#92)
[16:16:49.106854] {mesa vk display queue} wl_registry#93.global(69, "wl_output", 4)
[16:16:49.106856] {mesa vk display queue} wl_callback#94.done(1)
[16:16:49.106859] {mesa vk display queue}  -> zwp_linux_dmabuf_v1#92.get_default_feedback(new id zwp_linux_dmabuf_feedback_v1#94)
[16:16:49.106862] {mesa vk display queue}  -> wl_display#1.sync(new id wl_callback#95)
[16:16:49.106883] {Display Queue} wl_display#1.delete_id(95)
[16:16:49.106886] {mesa vk display queue} wp_presentation#82.clock_id(1)
[16:16:49.106888] {mesa vk display queue} wp_color_manager_v1#90.supported_feature(1)
[16:16:49.106890] {mesa vk display queue} wp_color_manager_v1#90.supported_feature(2)
[16:16:49.106892] {mesa vk display queue} wp_color_manager_v1#90.supported_feature(4)
[16:16:49.106894] {mesa vk display queue} wp_color_manager_v1#90.supported_feature(7)
[16:16:49.106896] {mesa vk display queue} wp_color_manager_v1#90.supported_feature(5)
[16:16:49.106897] {mesa vk display queue} wp_color_manager_v1#90.supported_feature(6)
[16:16:49.106899] {mesa vk display queue} wp_color_manager_v1#90.supported_primaries_named(1)
[16:16:49.106901] {mesa vk display queue} wp_color_manager_v1#90.supported_primaries_named(6)
[16:16:49.106903] {mesa vk display queue} wp_color_manager_v1#90.supported_primaries_named(2)
[16:16:49.106905] {mesa vk display queue} wp_color_manager_v1#90.supported_primaries_named(3)
[16:16:49.106907] {mesa vk display queue} wp_color_manager_v1#90.supported_primaries_named(4)
[16:16:49.106909] {mesa vk display queue} wp_color_manager_v1#90.supported_primaries_named(5)
[16:16:49.106911] {mesa vk display queue} wp_color_manager_v1#90.supported_primaries_named(8)
[16:16:49.106912] {mesa vk display queue} wp_color_manager_v1#90.supported_primaries_named(9)
[16:16:49.106914] {mesa vk display queue} wp_color_manager_v1#90.supported_primaries_named(10)
[16:16:49.106916] {mesa vk display queue} wp_color_manager_v1#90.supported_primaries_named(7)
[16:16:49.106918] {mesa vk display queue} wp_color_manager_v1#90.supported_tf_named(9)
[16:16:49.106920] {mesa vk display queue} wp_color_manager_v1#90.supported_tf_named(10)
[16:16:49.106922] {mesa vk display queue} wp_color_manager_v1#90.supported_tf_named(2)
[16:16:49.106924] {mesa vk display queue} wp_color_manager_v1#90.supported_tf_named(3)
[16:16:49.106926] {mesa vk display queue} wp_color_manager_v1#90.supported_tf_named(5)
[16:16:49.106928] {mesa vk display queue} wp_color_manager_v1#90.supported_tf_named(11)
[16:16:49.106929] {mesa vk display queue} wp_color_manager_v1#90.supported_tf_named(13)
[16:16:49.106931] {mesa vk display queue} wp_color_manager_v1#90.supported_tf_named(1)
[16:16:49.106933] {mesa vk display queue} wp_color_manager_v1#90.supported_tf_named(4)
[16:16:49.106935] {mesa vk display queue} wp_color_manager_v1#90.supported_tf_named(6)
[16:16:49.106937] {mesa vk display queue} wp_color_manager_v1#90.supported_tf_named(7)
[16:16:49.106939] {mesa vk display queue} wp_color_manager_v1#90.supported_tf_named(8)
[16:16:49.106941] {mesa vk display queue} wp_color_manager_v1#90.supported_tf_named(12)
[16:16:49.106943] {mesa vk display queue} wp_color_manager_v1#90.supported_intent(0)
[16:16:49.106945] {mesa vk display queue} wp_color_manager_v1#90.done()
[16:16:49.106947] {mesa vk display queue} zwp_linux_dmabuf_feedback_v1#94.format_table(fd 18, 2960)
[16:16:49.106951] {mesa vk display queue} zwp_linux_dmabuf_feedback_v1#94.main_device(array[8])
[16:16:49.106953] {mesa vk display queue} zwp_linux_dmabuf_feedback_v1#94.tranche_target_device(array[8])
[16:16:49.106955] {mesa vk display queue} zwp_linux_dmabuf_feedback_v1#94.tranche_flags(0)
[16:16:49.106957] {mesa vk display queue} zwp_linux_dmabuf_feedback_v1#94.tranche_formats(array[370])
[16:16:49.106965] {mesa vk display queue} zwp_linux_dmabuf_feedback_v1#94.tranche_done()
[16:16:49.106967] {mesa vk display queue} zwp_linux_dmabuf_feedback_v1#94.done()
[16:16:49.106971] {mesa vk display queue} wl_callback#95.done(1)
[16:16:49.106975] {mesa vk display queue}  -> wl_display#1.sync(new id wl_callback#95)
[16:16:49.106985] {Display Queue} wl_display#1.delete_id(95)
[16:16:49.106988] {mesa vk display queue} wl_callback#95.done(1)
[16:16:49.106990] {mesa vk display queue}  -> zwp_linux_dmabuf_feedback_v1#94.destroy()
[16:16:49.106995] {mesa vk display queue}  -> zwp_linux_dmabuf_v1#92.get_surface_feedback(new id zwp_linux_dmabuf_feedback_v1#95, wl_surface#71)
[16:16:49.107000] {mesa vk display queue}  -> wl_display#1.sync(new id wl_callback#96)
[16:16:49.107012] {Display Queue} wl_display#1.delete_id(94)
[16:16:49.107015] {Display Queue} wl_display#1.delete_id(96)
[16:16:49.107017] {mesa vk display queue} zwp_linux_dmabuf_feedback_v1#95.format_table(fd 18, 2960)
[16:16:49.107021] {mesa vk display queue} zwp_linux_dmabuf_feedback_v1#95.main_device(array[8])
[16:16:49.107023] {mesa vk display queue} zwp_linux_dmabuf_feedback_v1#95.tranche_target_device(array[8])
[16:16:49.107025] {mesa vk display queue} zwp_linux_dmabuf_feedback_v1#95.tranche_flags(0)
[16:16:49.107027] {mesa vk display queue} zwp_linux_dmabuf_feedback_v1#95.tranche_formats(array[370])
[16:16:49.107039] {mesa vk display queue} zwp_linux_dmabuf_feedback_v1#95.tranche_done()
[16:16:49.107041] {mesa vk display queue} zwp_linux_dmabuf_feedback_v1#95.done()
[16:16:49.107043] {mesa vk display queue} wl_callback#96.done(1)
[16:16:49.107061] {mesa vk display queue}  -> wp_fifo_manager_v1#81.get_fifo(new id wp_fifo_v1#96, wl_surface#71)
[16:16:49.107064] {mesa vk display queue}  -> wp_commit_timing_manager_v1#80.get_timer(new id wp_commit_timer_v1#94, wl_surface#71)
[16:16:49.107098] {mesa vk display queue}  -> zwp_linux_dmabuf_v1#92.create_params(new id zwp_linux_buffer_params_v1#97)
[16:16:49.107102] {mesa vk display queue}  -> zwp_linux_buffer_params_v1#97.add(fd 19, 0, 0, 512, 16777216, 15)
[16:16:49.107105] {mesa vk display queue}  -> zwp_linux_buffer_params_v1#97.add(fd 20, 1, 16384, 64, 16777216, 15)
[16:16:49.107108] {mesa vk display queue}  -> zwp_linux_buffer_params_v1#97.add(fd 22, 2, 20480, 64, 16777216, 15)
[16:16:49.107111] {mesa vk display queue}  -> zwp_linux_buffer_params_v1#97.create_immed(new id wl_buffer#98, 1, 1, 875713089, 0)
[16:16:49.107115] {mesa vk display queue}  -> zwp_linux_buffer_params_v1#97.destroy()
[16:16:49.107125] {mesa vk display queue}  -> zwp_linux_dmabuf_v1#92.create_params(new id zwp_linux_buffer_params_v1#99)
[16:16:49.107128] {mesa vk display queue}  -> zwp_linux_buffer_params_v1#99.add(fd 24, 0, 0, 512, 16777216, 15)
[16:16:49.107131] {mesa vk display queue}  -> zwp_linux_buffer_params_v1#99.add(fd 26, 1, 16384, 64, 16777216, 15)
[16:16:49.107134] {mesa vk display queue}  -> zwp_linux_buffer_params_v1#99.add(fd 27, 2, 20480, 64, 16777216, 15)
[16:16:49.107136] {mesa vk display queue}  -> zwp_linux_buffer_params_v1#99.create_immed(new id wl_buffer#100, 1, 1, 875713089, 0)
[16:16:49.107140] {mesa vk display queue}  -> zwp_linux_buffer_params_v1#99.destroy()
[16:16:49.107149] {mesa vk display queue}  -> zwp_linux_dmabuf_v1#92.create_params(new id zwp_linux_buffer_params_v1#101)
[16:16:49.107152] {mesa vk display queue}  -> zwp_linux_buffer_params_v1#101.add(fd 30, 0, 0, 512, 16777216, 15)
[16:16:49.107154] {mesa vk display queue}  -> zwp_linux_buffer_params_v1#101.add(fd 31, 1, 16384, 64, 16777216, 15)
[16:16:49.107157] {mesa vk display queue}  -> zwp_linux_buffer_params_v1#101.add(fd 32, 2, 20480, 64, 16777216, 15)
[16:16:49.107159] {mesa vk display queue}  -> zwp_linux_buffer_params_v1#101.create_immed(new id wl_buffer#102, 1, 1, 875713089, 0)
[16:16:49.107162] {mesa vk display queue}  -> zwp_linux_buffer_params_v1#101.destroy()
[16:16:49.107172] {mesa vk display queue}  -> zwp_linux_dmabuf_v1#92.create_params(new id zwp_linux_buffer_params_v1#103)
[16:16:49.107174] {mesa vk display queue}  -> zwp_linux_buffer_params_v1#103.add(fd 34, 0, 0, 512, 16777216, 15)
[16:16:49.107177] {mesa vk display queue}  -> zwp_linux_buffer_params_v1#103.add(fd 35, 1, 16384, 64, 16777216, 15)
[16:16:49.107183] {mesa vk display queue}  -> zwp_linux_buffer_params_v1#103.add(fd 36, 2, 20480, 64, 16777216, 15)
[16:16:49.107187] {mesa vk display queue}  -> zwp_linux_buffer_params_v1#103.create_immed(new id wl_buffer#104, 1, 1, 875713089, 0)
[16:16:49.107190] {mesa vk display queue}  -> zwp_linux_buffer_params_v1#103.destroy()
[16:16:49.107223] {Default Queue}  -> org_kde_kwin_server_decoration_manager#17.create(new id org_kde_kwin_server_decoration#105, wl_surface#71)
[16:16:49.107229] {Default Queue}  -> org_kde_kwin_server_decoration#105.request_mode(2)
[16:16:49.107252] {Default Queue}  -> xdg_wm_base#38.get_xdg_surface(new id xdg_surface#106, wl_surface#71)
[16:16:49.107256]  -> xdg_surface#106.get_toplevel(new id xdg_toplevel#107)
[16:16:49.107259]  -> xdg_toplevel#107.set_parent(nil)
[16:16:49.107262]  -> xdg_toplevel#107.set_title("ELM-ACTIVATION-PEER")
[16:16:49.107264]  -> xdg_toplevel#107.set_app_id("GTK Application")
[16:16:49.107267] {Default Queue}  -> xdg_wm_dialog_v1#21.get_xdg_dialog(new id xdg_dialog_v1#108, xdg_toplevel#107)
[16:16:49.107270] {Default Queue}  -> xdg_dialog_v1#108.unset_modal()
[16:16:49.107272]  -> wl_surface#71.commit()
[16:16:49.107389] {Default Queue}  -> xdg_activation_v1#16.get_activation_token(new id xdg_activation_token_v1#109)
[16:16:49.107395]  -> xdg_activation_token_v1#109.set_serial(0, wl_seat#3)
[16:16:49.107399]  -> xdg_activation_token_v1#109.commit()
[16:16:49.107571] {Display Queue} wl_display#1.delete_id(97)
[16:16:49.107574] {Display Queue} wl_display#1.delete_id(99)
[16:16:49.107576] {Display Queue} wl_display#1.delete_id(101)
[16:16:49.107578] {Display Queue} wl_display#1.delete_id(103)
[16:16:49.107580] xdg_activation_token_v1#109.done("11289707-21c9-4beb-a178-30f02f7242b5")
[16:16:49.107583]  -> xdg_activation_token_v1#109.destroy()
[16:16:49.107585] {Default Queue}  -> xdg_activation_v1#16.activate("11289707-21c9-4beb-a178-30f02f7242b5", wl_surface#71)
/home/hoskinson/omarchy-windows-parity/implementation/elm-shared-menu-held-key-recovery-v442/fixture.py:129: PyGIDeprecationWarning: GLib.unix_signal_add is deprecated; use GLibUnix.signal_add instead
  GLib.unix_signal_add(GLib.PRIORITY_DEFAULT, signal.SIGTERM, quit_)
[16:16:49.108862] {Default Queue} wl_keyboard#41.keymap(1, fd 16, 35572)
[16:16:49.109642] {Default Queue} wl_keyboard#41.repeat_info(25, 600)
[16:16:49.109649] {Default Queue} discarded org_kde_kwin_server_decoration#73.mode(2)
[16:16:49.109652] {Default Queue} discarded org_kde_kwin_server_decoration#73.mode(2)
[16:16:49.109654] {Default Queue} wl_registry#77.global(1, "wl_seat", 9)
[16:16:49.109658] {Default Queue} wl_registry#77.global(2, "wl_data_device_manager", 3)
[16:16:49.109660] {Default Queue} wl_registry#77.global(3, "wl_compositor", 6)
[16:16:49.109663] {Default Queue} wl_registry#77.global(4, "wl_subcompositor", 1)
[16:16:49.109665] {Default Queue} wl_registry#77.global(5, "wl_shm", 2)
[16:16:49.109667] {Default Queue} wl_registry#77.global(6, "wp_viewporter", 1)
[16:16:49.109669] {Default Queue} wl_registry#77.global(7, "wp_tearing_control_manager_v1", 1)
[16:16:49.109672] {Default Queue} wl_registry#77.global(8, "wp_fractional_scale_manager_v1", 1)
[16:16:49.109674] {Default Queue} wl_registry#77.global(9, "zxdg_output_manager_v1", 3)
[16:16:49.109676] {Default Queue} wl_registry#77.global(10, "wp_cursor_shape_manager_v1", 2)
[16:16:49.109679] {Default Queue} wl_registry#77.global(11, "zwp_idle_inhibit_manager_v1", 1)
[16:16:49.109681] {Default Queue} wl_registry#77.global(12, "zwp_relative_pointer_manager_v1", 1)
[16:16:49.109683] {Default Queue} wl_registry#77.global(13, "zxdg_decoration_manager_v1", 2)
[16:16:49.109686] {Default Queue} wl_registry#77.global(14, "wp_alpha_modifier_v1", 1)
[16:16:49.109688] {Default Queue} wl_registry#77.global(15, "zwlr_gamma_control_manager_v1", 1)
[16:16:49.109690] {Default Queue} wl_registry#77.global(16, "ext_foreign_toplevel_list_v1", 1)
[16:16:49.109693] {Default Queue} wl_registry#77.global(17, "zwp_pointer_gestures_v1", 3)
[16:16:49.109695] {Default Queue} wl_registry#77.global(18, "zwlr_foreign_toplevel_manager_v1", 3)
[16:16:49.109702] {Default Queue} wl_registry#77.global(19, "zwp_keyboard_shortcuts_inhibit_manager_v1", 1)
[16:16:49.109709] {Default Queue} wl_registry#77.global(20, "zwp_text_input_manager_v1", 1)
[16:16:49.109712] {Default Queue} wl_registry#77.global(21, "zwp_text_input_manager_v3", 1)
[16:16:49.109715] {Default Queue}  -> wl_registry#77.bind(21, "zwp_text_input_manager_v3", 1, new id [unknown]#103)
[16:16:49.109719] {Default Queue}  -> zwp_text_input_manager_v3#103.get_text_input(new id zwp_text_input_v3#101, wl_seat#3)
[16:16:49.109722] {Default Queue} wl_registry#77.global(22, "zwp_pointer_constraints_v1", 1)
[16:16:49.109724] {Default Queue} wl_registry#77.global(23, "zwlr_output_power_manager_v1", 1)
[16:16:49.109726] {Default Queue} wl_registry#77.global(24, "xdg_activation_v1", 1)
[16:16:49.109729] {Default Queue} wl_registry#77.global(25, "ext_idle_notifier_v1", 2)
[16:16:49.109731] {Default Queue} wl_registry#77.global(26, "hyprland_lock_notifier_v1", 1)
[16:16:49.109733] {Default Queue} wl_registry#77.global(27, "ext_session_lock_manager_v1", 1)
[16:16:49.109735] {Default Queue} wl_registry#77.global(28, "zwp_input_method_manager_v2", 1)
[16:16:49.109737] {Default Queue} wl_registry#77.global(29, "zwp_virtual_keyboard_manager_v1", 1)
[16:16:49.109739] {Default Queue} wl_registry#77.global(30, "zwlr_virtual_pointer_manager_v1", 2)
[16:16:49.109742] {Default Queue} wl_registry#77.global(31, "zwlr_output_manager_v1", 4)
[16:16:49.109744] {Default Queue} wl_registry#77.global(32, "org_kde_kwin_server_decoration_manager", 1)
[16:16:49.109746] {Default Queue} wl_registry#77.global(33, "hyprland_focus_grab_manager_v1", 1)
[16:16:49.109748] {Default Queue} wl_registry#77.global(34, "zwp_tablet_manager_v2", 1)
[16:16:49.109750] {Default Queue} wl_registry#77.global(35, "zwlr_layer_shell_v1", 5)
[16:16:49.109753] {Default Queue} wl_registry#77.global(36, "wp_presentation", 2)
[16:16:49.109755] {Default Queue} wl_registry#77.global(37, "xdg_wm_base", 7)
[16:16:49.109757] {Default Queue} wl_registry#77.global(38, "zwlr_data_control_manager_v1", 2)
[16:16:49.109759] {Default Queue} wl_registry#77.global(39, "zwp_primary_selection_device_manager_v1", 1)
[16:16:49.109761] {Default Queue} wl_registry#77.global(40, "xwayland_shell_v1", 1)
[16:16:49.109763] {Default Queue} wl_registry#77.global(41, "hyprland_toplevel_mapping_manager_v1", 1)
[16:16:49.109766] {Default Queue} wl_registry#77.global(42, "hyprland_global_shortcuts_manager_v1", 1)
[16:16:49.109768] {Default Queue} wl_registry#77.global(43, "xdg_wm_dialog_v1", 1)
[16:16:49.109770] {Default Queue} wl_registry#77.global(44, "wp_single_pixel_buffer_manager_v1", 1)
[16:16:49.109772] {Default Queue} wl_registry#77.global(45, "wp_security_context_manager_v1", 1)
[16:16:49.109774] {Default Queue} wl_registry#77.global(46, "hyprland_ctm_control_manager_v1", 2)
[16:16:49.109776] {Default Queue} wl_registry#77.global(47, "hyprland_input_capture_manager_v1", 1)
[16:16:49.109778] {Default Queue} wl_registry#77.global(48, "hyprland_surface_manager_v1", 2)
[16:16:49.109780] {Default Queue} wl_registry#77.global(49, "wp_content_type_manager_v1", 1)
[16:16:49.109783] {Default Queue} wl_registry#77.global(50, "xdg_toplevel_tag_manager_v1", 1)
[16:16:49.109785] {Default Queue} wl_registry#77.global(51, "xdg_system_bell_v1", 1)
[16:16:49.109787] {Default Queue} wl_registry#77.global(52, "vicinae_hotkey_manager_v1", 1)
[16:16:49.109789] {Default Queue} wl_registry#77.global(53, "ext_workspace_manager_v1", 1)
[16:16:49.109791] {Default Queue} wl_registry#77.global(54, "ext_data_control_manager_v1", 1)
[16:16:49.109793] {Default Queue} wl_registry#77.global(55, "wp_pointer_warp_v1", 1)
[16:16:49.109795] {Default Queue} wl_registry#77.global(56, "wp_fifo_manager_v1", 1)
[16:16:49.109797] {Default Queue} wl_registry#77.global(57, "zxdg_exporter_v2", 1)
[16:16:49.109800] {Default Queue} wl_registry#77.global(58, "zxdg_importer_v2", 1)
[16:16:49.109802] {Default Queue} wl_registry#77.global(59, "ext_background_effect_manager_v1", 1)
[16:16:49.109806] {Default Queue} wl_registry#77.global(60, "wp_commit_timing_manager_v1", 1)
[16:16:49.109810] {Default Queue} wl_registry#77.global(61, "zwlr_screencopy_manager_v1", 3)
[16:16:49.109813] {Default Queue} wl_registry#77.global(62, "hyprland_toplevel_export_manager_v1", 2)
[16:16:49.109815] {Default Queue} wl_registry#77.global(63, "ext_output_image_capture_source_manager_v1", 1)
[16:16:49.109818] {Default Queue} wl_registry#77.global(64, "ext_foreign_toplevel_image_capture_source_manager_v1", 1)
[16:16:49.109820] {Default Queue} wl_registry#77.global(65, "ext_image_copy_capture_manager_v1", 1)
[16:16:49.109822] {Default Queue} wl_registry#77.global(66, "wp_color_manager_v1", 3)
[16:16:49.109825] {Default Queue} wl_registry#77.global(67, "wl_drm", 2)
[16:16:49.109827] {Default Queue} wl_registry#77.global(68, "zwp_linux_dmabuf_v1", 5)
[16:16:49.109829] {Default Queue} wl_registry#77.global(69, "wl_output", 4)
[16:16:49.109832] {Default Queue} discarded org_kde_kwin_server_decoration#105.mode(2)
[16:16:49.109834] {Default Queue} discarded org_kde_kwin_server_decoration#105.mode(2)
[16:16:49.109836] xdg_toplevel#107.wm_capabilities(array[8])
[16:16:49.109845] xdg_toplevel#107.configure(800, 600, array[16])
[16:16:49.109848] xdg_surface#106.configure(2)
[16:16:49.109859]  -> xdg_surface#106.ack_configure(2)
[16:16:49.109862] xdg_toplevel#75.wm_capabilities(array[8])
[16:16:49.109866] xdg_toplevel#75.configure(800, 600, array[16])
[16:16:49.109869] xdg_surface#74.configure(1)
[16:16:49.109873]  -> xdg_surface#74.ack_configure(1)
[16:16:49.110196]  -> xdg_toplevel#107.set_min_size(108, 124)
[16:16:49.110203]  -> xdg_toplevel#107.set_max_size(0, 0)
[16:16:49.110211] {mesa present modes query}  -> wl_display#1.get_registry(new id wl_registry#99)
[16:16:49.110214] {mesa present modes query}  -> wl_display#1.sync(new id wl_callback#97)
[16:16:49.110272] {Display Queue} wl_display#1.delete_id(109)
[16:16:49.110277] {Display Queue} wl_display#1.delete_id(97)
[16:16:49.110279] {mesa present modes query} wl_registry#99.global(1, "wl_seat", 9)
[16:16:49.110282] {mesa present modes query} wl_registry#99.global(2, "wl_data_device_manager", 3)
[16:16:49.110284] {mesa present modes query} wl_registry#99.global(3, "wl_compositor", 6)
[16:16:49.110287] {mesa present modes query} wl_registry#99.global(4, "wl_subcompositor", 1)
[16:16:49.110289] {mesa present modes query} wl_registry#99.global(5, "wl_shm", 2)
[16:16:49.110291] {mesa present modes query} wl_registry#99.global(6, "wp_viewporter", 1)
[16:16:49.110293] {mesa present modes query} wl_registry#99.global(7, "wp_tearing_control_manager_v1", 1)
[16:16:49.110296] {mesa present modes query}  -> wl_registry#99.bind(7, "wp_tearing_control_manager_v1", 1, new id [unknown]#109)
[16:16:49.110299] {mesa present modes query} wl_registry#99.global(8, "wp_fractional_scale_manager_v1", 1)
[16:16:49.110302] {mesa present modes query} wl_registry#99.global(9, "zxdg_output_manager_v1", 3)
[16:16:49.110304] {mesa present modes query} wl_registry#99.global(10, "wp_cursor_shape_manager_v1", 2)
[16:16:49.110306] {mesa present modes query} wl_registry#99.global(11, "zwp_idle_inhibit_manager_v1", 1)
[16:16:49.110308] {mesa present modes query} wl_registry#99.global(12, "zwp_relative_pointer_manager_v1", 1)
[16:16:49.110310] {mesa present modes query} wl_registry#99.global(13, "zxdg_decoration_manager_v1", 2)
[16:16:49.110312] {mesa present modes query} wl_registry#99.global(14, "wp_alpha_modifier_v1", 1)
[16:16:49.110314] {mesa present modes query} wl_registry#99.global(15, "zwlr_gamma_control_manager_v1", 1)
[16:16:49.110317] {mesa present modes query} wl_registry#99.global(16, "ext_foreign_toplevel_list_v1", 1)
[16:16:49.110319] {mesa present modes query} wl_registry#99.global(17, "zwp_pointer_gestures_v1", 3)
[16:16:49.110321] {mesa present modes query} wl_registry#99.global(18, "zwlr_foreign_toplevel_manager_v1", 3)
[16:16:49.110323] {mesa present modes query} wl_registry#99.global(19, "zwp_keyboard_shortcuts_inhibit_manager_v1", 1)
[16:16:49.110325] {mesa present modes query} wl_registry#99.global(20, "zwp_text_input_manager_v1", 1)
[16:16:49.110332] {mesa present modes query} wl_registry#99.global(21, "zwp_text_input_manager_v3", 1)
[16:16:49.110338] {mesa present modes query} wl_registry#99.global(22, "zwp_pointer_constraints_v1", 1)
[16:16:49.110340] {mesa present modes query} wl_registry#99.global(23, "zwlr_output_power_manager_v1", 1)
[16:16:49.110343] {mesa present modes query} wl_registry#99.global(24, "xdg_activation_v1", 1)
[16:16:49.110345] {mesa present modes query} wl_registry#99.global(25, "ext_idle_notifier_v1", 2)
[16:16:49.110347] {mesa present modes query} wl_registry#99.global(26, "hyprland_lock_notifier_v1", 1)
[16:16:49.110349] {mesa present modes query} wl_registry#99.global(27, "ext_session_lock_manager_v1", 1)
[16:16:49.110351] {mesa present modes query} wl_registry#99.global(28, "zwp_input_method_manager_v2", 1)
[16:16:49.110354] {mesa present modes query} wl_registry#99.global(29, "zwp_virtual_keyboard_manager_v1", 1)
[16:16:49.110356] {mesa present modes query} wl_registry#99.global(30, "zwlr_virtual_pointer_manager_v1", 2)
[16:16:49.110358] {mesa present modes query} wl_registry#99.global(31, "zwlr_output_manager_v1", 4)
[16:16:49.110360] {mesa present modes query} wl_registry#99.global(32, "org_kde_kwin_server_decoration_manager", 1)
[16:16:49.110362] {mesa present modes query} wl_registry#99.global(33, "hyprland_focus_grab_manager_v1", 1)
[16:16:49.110364] {mesa present modes query} wl_registry#99.global(34, "zwp_tablet_manager_v2", 1)
[16:16:49.110366] {mesa present modes query} wl_registry#99.global(35, "zwlr_layer_shell_v1", 5)
[16:16:49.110368] {mesa present modes query} wl_registry#99.global(36, "wp_presentation", 2)
[16:16:49.110370] {mesa present modes query}  -> wl_registry#99.bind(36, "wp_presentation", 2, new id [unknown]#110)
[16:16:49.110373] {mesa present modes query} wl_registry#99.global(37, "xdg_wm_base", 7)
[16:16:49.110375] {mesa present modes query} wl_registry#99.global(38, "zwlr_data_control_manager_v1", 2)
[16:16:49.110377] {mesa present modes query} wl_registry#99.global(39, "zwp_primary_selection_device_manager_v1", 1)
[16:16:49.110379] {mesa present modes query} wl_registry#99.global(40, "xwayland_shell_v1", 1)
[16:16:49.110381] {mesa present modes query} wl_registry#99.global(41, "hyprland_toplevel_mapping_manager_v1", 1)
[16:16:49.110384] {mesa present modes query} wl_registry#99.global(42, "hyprland_global_shortcuts_manager_v1", 1)
[16:16:49.110386] {mesa present modes query} wl_registry#99.global(43, "xdg_wm_dialog_v1", 1)
[16:16:49.110388] {mesa present modes query} wl_registry#99.global(44, "wp_single_pixel_buffer_manager_v1", 1)
[16:16:49.110390] {mesa present modes query} wl_registry#99.global(45, "wp_security_context_manager_v1", 1)
[16:16:49.110392] {mesa present modes query} wl_registry#99.global(46, "hyprland_ctm_control_manager_v1", 2)
[16:16:49.110394] {mesa present modes query} wl_registry#99.global(47, "hyprland_input_capture_manager_v1", 1)
[16:16:49.110396] {mesa present modes query} wl_registry#99.global(48, "hyprland_surface_manager_v1", 2)
[16:16:49.110398] {mesa present modes query} wl_registry#99.global(49, "wp_content_type_manager_v1", 1)
[16:16:49.110400] {mesa present modes query} wl_registry#99.global(50, "xdg_toplevel_tag_manager_v1", 1)
[16:16:49.110402] {mesa present modes query} wl_registry#99.global(51, "xdg_system_bell_v1", 1)
[16:16:49.110405] {mesa present modes query} wl_registry#99.global(52, "vicinae_hotkey_manager_v1", 1)
[16:16:49.110407] {mesa present modes query} wl_registry#99.global(53, "ext_workspace_manager_v1", 1)
[16:16:49.110409] {mesa present modes query} wl_registry#99.global(54, "ext_data_control_manager_v1", 1)
[16:16:49.110411] {mesa present modes query} wl_registry#99.global(55, "wp_pointer_warp_v1", 1)
[16:16:49.110413] {mesa present modes query} wl_registry#99.global(56, "wp_fifo_manager_v1", 1)
[16:16:49.110415] {mesa present modes query}  -> wl_registry#99.bind(56, "wp_fifo_manager_v1", 1, new id [unknown]#111)
[16:16:49.110418] {mesa present modes query} wl_registry#99.global(57, "zxdg_exporter_v2", 1)
[16:16:49.110427] {mesa present modes query} wl_registry#99.global(58, "zxdg_importer_v2", 1)
[16:16:49.110430] {mesa present modes query} wl_registry#99.global(59, "ext_background_effect_manager_v1", 1)
[16:16:49.110433] {mesa present modes query} wl_registry#99.global(60, "wp_commit_timing_manager_v1", 1)
[16:16:49.110435] {mesa present modes query}  -> wl_registry#99.bind(60, "wp_commit_timing_manager_v1", 1, new id [unknown]#112)
[16:16:49.110438] {mesa present modes query} wl_registry#99.global(61, "zwlr_screencopy_manager_v1", 3)
[16:16:49.110440] {mesa present modes query} wl_registry#99.global(62, "hyprland_toplevel_export_manager_v1", 2)
[16:16:49.110443] {mesa present modes query} wl_registry#99.global(63, "ext_output_image_capture_source_manager_v1", 1)
[16:16:49.110445] {mesa present modes query} wl_registry#99.global(64, "ext_foreign_toplevel_image_capture_source_manager_v1", 1)
[16:16:49.110448] {mesa present modes query} wl_registry#99.global(65, "ext_image_copy_capture_manager_v1", 1)
[16:16:49.110450] {mesa present modes query} wl_registry#99.global(66, "wp_color_manager_v1", 3)
[16:16:49.110452] {mesa present modes query}  -> wl_registry#99.bind(66, "wp_color_manager_v1", 1, new id [unknown]#113)
[16:16:49.110455] {mesa present modes query} wl_registry#99.global(67, "wl_drm", 2)
[16:16:49.110457] {mesa present modes query} wl_registry#99.global(68, "zwp_linux_dmabuf_v1", 5)
[16:16:49.110459] {mesa present modes query}  -> wl_registry#99.bind(68, "zwp_linux_dmabuf_v1", 4, new id [unknown]#114)
[16:16:49.110461] {mesa present modes query} wl_registry#99.global(69, "wl_output", 4)
[16:16:49.110464] {mesa present modes query} wl_callback#97.done(2)
[16:16:49.110466] {mesa present modes query}  -> zwp_linux_dmabuf_v1#114.get_default_feedback(new id zwp_linux_dmabuf_feedback_v1#97)
[16:16:49.110470] {mesa present modes query}  -> wl_display#1.sync(new id wl_callback#115)
[16:16:49.110794] {Display Queue} wl_display#1.delete_id(115)
[16:16:49.110806] {mesa present modes query} wp_presentation#110.clock_id(1)
[16:16:49.110809] {mesa present modes query} wp_color_manager_v1#113.supported_feature(1)
[16:16:49.110811] {mesa present modes query} wp_color_manager_v1#113.supported_feature(2)
[16:16:49.110812] {mesa present modes query} wp_color_manager_v1#113.supported_feature(4)
[16:16:49.110814] {mesa present modes query} wp_color_manager_v1#113.supported_feature(7)
[16:16:49.110816] {mesa present modes query} wp_color_manager_v1#113.supported_feature(5)
[16:16:49.110817] {mesa present modes query} wp_color_manager_v1#113.supported_feature(6)
[16:16:49.110819] {mesa present modes query} wp_color_manager_v1#113.supported_primaries_named(1)
[16:16:49.110820] {mesa present modes query} wp_color_manager_v1#113.supported_primaries_named(6)
[16:16:49.110822] {mesa present modes query} wp_color_manager_v1#113.supported_primaries_named(2)
[16:16:49.110823] {mesa present modes query} wp_color_manager_v1#113.supported_primaries_named(3)
[16:16:49.110825] {mesa present modes query} wp_color_manager_v1#113.supported_primaries_named(4)
[16:16:49.110826] {mesa present modes query} wp_color_manager_v1#113.supported_primaries_named(5)
[16:16:49.110828] {mesa present modes query} wp_color_manager_v1#113.supported_primaries_named(8)
[16:16:49.110829] {mesa present modes query} wp_color_manager_v1#113.supported_primaries_named(9)
[16:16:49.110831] {mesa present modes query} wp_color_manager_v1#113.supported_primaries_named(10)
[16:16:49.110833] {mesa present modes query} wp_color_manager_v1#113.supported_primaries_named(7)
[16:16:49.110834] {mesa present modes query} wp_color_manager_v1#113.supported_tf_named(9)
[16:16:49.110836] {mesa present modes query} wp_color_manager_v1#113.supported_tf_named(10)
[16:16:49.110837] {mesa present modes query} wp_color_manager_v1#113.supported_tf_named(2)
[16:16:49.110839] {mesa present modes query} wp_color_manager_v1#113.supported_tf_named(3)
[16:16:49.110841] {mesa present modes query} wp_color_manager_v1#113.supported_tf_named(5)
[16:16:49.110843] {mesa present modes query} wp_color_manager_v1#113.supported_tf_named(11)
[16:16:49.110849] {mesa present modes query} wp_color_manager_v1#113.supported_tf_named(13)
[16:16:49.110855] {mesa present modes query} wp_color_manager_v1#113.supported_tf_named(1)
[16:16:49.110857] {mesa present modes query} wp_color_manager_v1#113.supported_tf_named(4)
[16:16:49.110859] {mesa present modes query} wp_color_manager_v1#113.supported_tf_named(6)
[16:16:49.110861] {mesa present modes query} wp_color_manager_v1#113.supported_tf_named(7)
[16:16:49.110862] {mesa present modes query} wp_color_manager_v1#113.supported_tf_named(8)
[16:16:49.110864] {mesa present modes query} wp_color_manager_v1#113.supported_tf_named(12)
[16:16:49.110866] {mesa present modes query} wp_color_manager_v1#113.supported_intent(0)
[16:16:49.110867] {mesa present modes query} wp_color_manager_v1#113.done()
[16:16:49.110869] {mesa present modes query} zwp_linux_dmabuf_feedback_v1#97.format_table(fd 16, 2960)
[16:16:49.110880] {mesa present modes query} zwp_linux_dmabuf_feedback_v1#97.main_device(array[8])
[16:16:49.110882] {mesa present modes query} zwp_linux_dmabuf_feedback_v1#97.tranche_target_device(array[8])
[16:16:49.110884] {mesa present modes query} zwp_linux_dmabuf_feedback_v1#97.tranche_flags(0)
[16:16:49.110886] {mesa present modes query} zwp_linux_dmabuf_feedback_v1#97.tranche_formats(array[370])
[16:16:49.110902] {mesa present modes query} zwp_linux_dmabuf_feedback_v1#97.tranche_done()
[16:16:49.110904] {mesa present modes query} zwp_linux_dmabuf_feedback_v1#97.done()
[16:16:49.110905] {mesa present modes query} wl_callback#115.done(2)
[16:16:49.110908] {mesa present modes query}  -> wl_display#1.sync(new id wl_callback#115)
[16:16:49.111085] {Display Queue} wl_display#1.delete_id(115)
[16:16:49.111087] {mesa present modes query} wl_callback#115.done(2)
[16:16:49.111091] {mesa present modes query}  -> zwp_linux_dmabuf_feedback_v1#97.destroy()
[16:16:49.111098] {mesa present modes query}  -> zwp_linux_dmabuf_v1#114.destroy()
[16:16:49.111100] {mesa present modes query}  -> wp_presentation#110.destroy()
[16:16:49.111102] {mesa present modes query}  -> wp_fifo_manager_v1#111.destroy()
[16:16:49.111104] {mesa present modes query}  -> wp_commit_timing_manager_v1#112.destroy()
[16:16:49.111105] {mesa present modes query}  -> wp_tearing_control_manager_v1#109.destroy()
[16:16:49.111107] {mesa present modes query}  -> wp_color_manager_v1#113.destroy()
[16:16:49.111111] {mesa present modes query}  -> wl_display#1.get_registry(new id wl_registry#115)
[16:16:49.111113] {mesa present modes query}  -> wl_display#1.sync(new id wl_callback#116)
[16:16:49.111523] {Display Queue} wl_display#1.delete_id(97)
[16:16:49.111535] {Display Queue} wl_display#1.delete_id(114)
[16:16:49.111537] {Display Queue} wl_display#1.delete_id(110)
[16:16:49.111539] {Display Queue} wl_display#1.delete_id(111)
[16:16:49.111541] {Display Queue} wl_display#1.delete_id(112)
[16:16:49.111543] {Display Queue} wl_display#1.delete_id(109)
[16:16:49.111545] {Display Queue} wl_display#1.delete_id(116)
[16:16:49.111547] {mesa present modes query} wl_registry#115.global(1, "wl_seat", 9)
[16:16:49.111551] {mesa present modes query} wl_registry#115.global(2, "wl_data_device_manager", 3)
[16:16:49.111553] {mesa present modes query} wl_registry#115.global(3, "wl_compositor", 6)
[16:16:49.111555] {mesa present modes query} wl_registry#115.global(4, "wl_subcompositor", 1)
[16:16:49.111557] {mesa present modes query} wl_registry#115.global(5, "wl_shm", 2)
[16:16:49.111559] {mesa present modes query} wl_registry#115.global(6, "wp_viewporter", 1)
[16:16:49.111561] {mesa present modes query} wl_registry#115.global(7, "wp_tearing_control_manager_v1", 1)
[16:16:49.111563] {mesa present modes query}  -> wl_registry#115.bind(7, "wp_tearing_control_manager_v1", 1, new id [unknown]#109)
[16:16:49.111567] {mesa present modes query} wl_registry#115.global(8, "wp_fractional_scale_manager_v1", 1)
[16:16:49.111569] {mesa present modes query} wl_registry#115.global(9, "zxdg_output_manager_v1", 3)
[16:16:49.111571] {mesa present modes query} wl_registry#115.global(10, "wp_cursor_shape_manager_v1", 2)
[16:16:49.111578] {mesa present modes query} wl_registry#115.global(11, "zwp_idle_inhibit_manager_v1", 1)
[16:16:49.111584] {mesa present modes query} wl_registry#115.global(12, "zwp_relative_pointer_manager_v1", 1)
[16:16:49.111586] {mesa present modes query} wl_registry#115.global(13, "zxdg_decoration_manager_v1", 2)
[16:16:49.111588] {mesa present modes query} wl_registry#115.global(14, "wp_alpha_modifier_v1", 1)
[16:16:49.111590] {mesa present modes query} wl_registry#115.global(15, "zwlr_gamma_control_manager_v1", 1)
[16:16:49.111592] {mesa present modes query} wl_registry#115.global(16, "ext_foreign_toplevel_list_v1", 1)
[16:16:49.111594] {mesa present modes query} wl_registry#115.global(17, "zwp_pointer_gestures_v1", 3)
[16:16:49.111596] {mesa present modes query} wl_registry#115.global(18, "zwlr_foreign_toplevel_manager_v1", 3)
[16:16:49.111598] {mesa present modes query} wl_registry#115.global(19, "zwp_keyboard_shortcuts_inhibit_manager_v1", 1)
[16:16:49.111600] {mesa present modes query} wl_registry#115.global(20, "zwp_text_input_manager_v1", 1)
[16:16:49.111601] {mesa present modes query} wl_registry#115.global(21, "zwp_text_input_manager_v3", 1)
[16:16:49.111603] {mesa present modes query} wl_registry#115.global(22, "zwp_pointer_constraints_v1", 1)
[16:16:49.111605] {mesa present modes query} wl_registry#115.global(23, "zwlr_output_power_manager_v1", 1)
[16:16:49.111607] {mesa present modes query} wl_registry#115.global(24, "xdg_activation_v1", 1)
[16:16:49.111609] {mesa present modes query} wl_registry#115.global(25, "ext_idle_notifier_v1", 2)
[16:16:49.111611] {mesa present modes query} wl_registry#115.global(26, "hyprland_lock_notifier_v1", 1)
[16:16:49.111613] {mesa present modes query} wl_registry#115.global(27, "ext_session_lock_manager_v1", 1)
[16:16:49.111614] {mesa present modes query} wl_registry#115.global(28, "zwp_input_method_manager_v2", 1)
[16:16:49.111616] {mesa present modes query} wl_registry#115.global(29, "zwp_virtual_keyboard_manager_v1", 1)
[16:16:49.111618] {mesa present modes query} wl_registry#115.global(30, "zwlr_virtual_pointer_manager_v1", 2)
[16:16:49.111620] {mesa present modes query} wl_registry#115.global(31, "zwlr_output_manager_v1", 4)
[16:16:49.111622] {mesa present modes query} wl_registry#115.global(32, "org_kde_kwin_server_decoration_manager", 1)
[16:16:49.111624] {mesa present modes query} wl_registry#115.global(33, "hyprland_focus_grab_manager_v1", 1)
[16:16:49.111626] {mesa present modes query} wl_registry#115.global(34, "zwp_tablet_manager_v2", 1)
[16:16:49.111628] {mesa present modes query} wl_registry#115.global(35, "zwlr_layer_shell_v1", 5)
[16:16:49.111629] {mesa present modes query} wl_registry#115.global(36, "wp_presentation", 2)
[16:16:49.111632] {mesa present modes query}  -> wl_registry#115.bind(36, "wp_presentation", 2, new id [unknown]#112)
[16:16:49.111634] {mesa present modes query} wl_registry#115.global(37, "xdg_wm_base", 7)
[16:16:49.111636] {mesa present modes query} wl_registry#115.global(38, "zwlr_data_control_manager_v1", 2)
[16:16:49.111638] {mesa present modes query} wl_registry#115.global(39, "zwp_primary_selection_device_manager_v1", 1)
[16:16:49.111640] {mesa present modes query} wl_registry#115.global(40, "xwayland_shell_v1", 1)
[16:16:49.111642] {mesa present modes query} wl_registry#115.global(41, "hyprland_toplevel_mapping_manager_v1", 1)
[16:16:49.111643] {mesa present modes query} wl_registry#115.global(42, "hyprland_global_shortcuts_manager_v1", 1)
[16:16:49.111645] {mesa present modes query} wl_registry#115.global(43, "xdg_wm_dialog_v1", 1)
[16:16:49.111647] {mesa present modes query} wl_registry#115.global(44, "wp_single_pixel_buffer_manager_v1", 1)
[16:16:49.111649] {mesa present modes query} wl_registry#115.global(45, "wp_security_context_manager_v1", 1)
[16:16:49.111651] {mesa present modes query} wl_registry#115.global(46, "hyprland_ctm_control_manager_v1", 2)
[16:16:49.111653] {mesa present modes query} wl_registry#115.global(47, "hyprland_input_capture_manager_v1", 1)
[16:16:49.111657] {mesa present modes query} wl_registry#115.global(48, "hyprland_surface_manager_v1", 2)
[16:16:49.111660] {mesa present modes query} wl_registry#115.global(49, "wp_content_type_manager_v1", 1)
[16:16:49.111661] {mesa present modes query} wl_registry#115.global(50, "xdg_toplevel_tag_manager_v1", 1)
[16:16:49.111663] {mesa present modes query} wl_registry#115.global(51, "xdg_system_bell_v1", 1)
[16:16:49.111665] {mesa present modes query} wl_registry#115.global(52, "vicinae_hotkey_manager_v1", 1)
[16:16:49.111667] {mesa present modes query} wl_registry#115.global(53, "ext_workspace_manager_v1", 1)
[16:16:49.111669] {mesa present modes query} wl_registry#115.global(54, "ext_data_control_manager_v1", 1)
[16:16:49.111671] {mesa present modes query} wl_registry#115.global(55, "wp_pointer_warp_v1", 1)
[16:16:49.111673] {mesa present modes query} wl_registry#115.global(56, "wp_fifo_manager_v1", 1)
[16:16:49.111675] {mesa present modes query}  -> wl_registry#115.bind(56, "wp_fifo_manager_v1", 1, new id [unknown]#111)
[16:16:49.111677] {mesa present modes query} wl_registry#115.global(57, "zxdg_exporter_v2", 1)
[16:16:49.111679] {mesa present modes query} wl_registry#115.global(58, "zxdg_importer_v2", 1)
[16:16:49.111681] {mesa present modes query} wl_registry#115.global(59, "ext_background_effect_manager_v1", 1)
[16:16:49.111683] {mesa present modes query} wl_registry#115.global(60, "wp_commit_timing_manager_v1", 1)
[16:16:49.111685] {mesa present modes query}  -> wl_registry#115.bind(60, "wp_commit_timing_manager_v1", 1, new id [unknown]#110)
[16:16:49.111688] {mesa present modes query} wl_registry#115.global(61, "zwlr_screencopy_manager_v1", 3)
[16:16:49.111690] {mesa present modes query} wl_registry#115.global(62, "hyprland_toplevel_export_manager_v1", 2)
[16:16:49.111692] {mesa present modes query} wl_registry#115.global(63, "ext_output_image_capture_source_manager_v1", 1)
[16:16:49.111694] {mesa present modes query} wl_registry#115.global(64, "ext_foreign_toplevel_image_capture_source_manager_v1", 1)
[16:16:49.111697] {mesa present modes query} wl_registry#115.global(65, "ext_image_copy_capture_manager_v1", 1)
[16:16:49.111699] {mesa present modes query} wl_registry#115.global(66, "wp_color_manager_v1", 3)
[16:16:49.111701] {mesa present modes query}  -> wl_registry#115.bind(66, "wp_color_manager_v1", 1, new id [unknown]#114)
[16:16:49.111703] {mesa present modes query} wl_registry#115.global(67, "wl_drm", 2)
[16:16:49.111705] {mesa present modes query} wl_registry#115.global(68, "zwp_linux_dmabuf_v1", 5)
[16:16:49.111707] {mesa present modes query}  -> wl_registry#115.bind(68, "zwp_linux_dmabuf_v1", 4, new id [unknown]#97)
[16:16:49.111709] {mesa present modes query} wl_registry#115.global(69, "wl_output", 4)
[16:16:49.111711] {mesa present modes query} wl_callback#116.done(2)
[16:16:49.111714] {mesa present modes query}  -> zwp_linux_dmabuf_v1#97.get_default_feedback(new id zwp_linux_dmabuf_feedback_v1#116)
[16:16:49.111717] {mesa present modes query}  -> wl_display#1.sync(new id wl_callback#117)
[16:16:49.111991] {Display Queue} wl_display#1.delete_id(117)
[16:16:49.112003] {mesa present modes query} wp_presentation#112.clock_id(1)
[16:16:49.112006] {mesa present modes query} wp_color_manager_v1#114.supported_feature(1)
[16:16:49.112008] {mesa present modes query} wp_color_manager_v1#114.supported_feature(2)
[16:16:49.112010] {mesa present modes query} wp_color_manager_v1#114.supported_feature(4)
[16:16:49.112012] {mesa present modes query} wp_color_manager_v1#114.supported_feature(7)
[16:16:49.112014] {mesa present modes query} wp_color_manager_v1#114.supported_feature(5)
[16:16:49.112015] {mesa present modes query} wp_color_manager_v1#114.supported_feature(6)
[16:16:49.112017] {mesa present modes query} wp_color_manager_v1#114.supported_primaries_named(1)
[16:16:49.112019] {mesa present modes query} wp_color_manager_v1#114.supported_primaries_named(6)
[16:16:49.112021] {mesa present modes query} wp_color_manager_v1#114.supported_primaries_named(2)
[16:16:49.112022] {mesa present modes query} wp_color_manager_v1#114.supported_primaries_named(3)
[16:16:49.112029] {mesa present modes query} wp_color_manager_v1#114.supported_primaries_named(4)
[16:16:49.112035] {mesa present modes query} wp_color_manager_v1#114.supported_primaries_named(5)
[16:16:49.112037] {mesa present modes query} wp_color_manager_v1#114.supported_primaries_named(8)
[16:16:49.112039] {mesa present modes query} wp_color_manager_v1#114.supported_primaries_named(9)
[16:16:49.112040] {mesa present modes query} wp_color_manager_v1#114.supported_primaries_named(10)
[16:16:49.112042] {mesa present modes query} wp_color_manager_v1#114.supported_primaries_named(7)
[16:16:49.112044] {mesa present modes query} wp_color_manager_v1#114.supported_tf_named(9)
[16:16:49.112046] {mesa present modes query} wp_color_manager_v1#114.supported_tf_named(10)
[16:16:49.112048] {mesa present modes query} wp_color_manager_v1#114.supported_tf_named(2)
[16:16:49.112050] {mesa present modes query} wp_color_manager_v1#114.supported_tf_named(3)
[16:16:49.112051] {mesa present modes query} wp_color_manager_v1#114.supported_tf_named(5)
[16:16:49.112053] {mesa present modes query} wp_color_manager_v1#114.supported_tf_named(11)
[16:16:49.112055] {mesa present modes query} wp_color_manager_v1#114.supported_tf_named(13)
[16:16:49.112056] {mesa present modes query} wp_color_manager_v1#114.supported_tf_named(1)
[16:16:49.112058] {mesa present modes query} wp_color_manager_v1#114.supported_tf_named(4)
[16:16:49.112060] {mesa present modes query} wp_color_manager_v1#114.supported_tf_named(6)
[16:16:49.112061] {mesa present modes query} wp_color_manager_v1#114.supported_tf_named(7)
[16:16:49.112063] {mesa present modes query} wp_color_manager_v1#114.supported_tf_named(8)
[16:16:49.112065] {mesa present modes query} wp_color_manager_v1#114.supported_tf_named(12)
[16:16:49.112067] {mesa present modes query} wp_color_manager_v1#114.supported_intent(0)
[16:16:49.112068] {mesa present modes query} wp_color_manager_v1#114.done()
[16:16:49.112070] {mesa present modes query} zwp_linux_dmabuf_feedback_v1#116.format_table(fd 16, 2960)
[16:16:49.112080] {mesa present modes query} zwp_linux_dmabuf_feedback_v1#116.main_device(array[8])
[16:16:49.112083] {mesa present modes query} zwp_linux_dmabuf_feedback_v1#116.tranche_target_device(array[8])
[16:16:49.112085] {mesa present modes query} zwp_linux_dmabuf_feedback_v1#116.tranche_flags(0)
[16:16:49.112086] {mesa present modes query} zwp_linux_dmabuf_feedback_v1#116.tranche_formats(array[370])
[16:16:49.112101] {mesa present modes query} zwp_linux_dmabuf_feedback_v1#116.tranche_done()
[16:16:49.112103] {mesa present modes query} zwp_linux_dmabuf_feedback_v1#116.done()
[16:16:49.112105] {mesa present modes query} wl_callback#117.done(2)
[16:16:49.112108] {mesa present modes query}  -> wl_display#1.sync(new id wl_callback#117)
[16:16:49.112386] {Display Queue} wl_display#1.delete_id(117)
[16:16:49.112398] {mesa present modes query} wl_callback#117.done(2)
[16:16:49.112404] {mesa present modes query}  -> zwp_linux_dmabuf_feedback_v1#116.destroy()
[16:16:49.112413] {mesa present modes query}  -> zwp_linux_dmabuf_v1#97.destroy()
[16:16:49.112416] {mesa present modes query}  -> wp_presentation#112.destroy()
[16:16:49.112418] {mesa present modes query}  -> wp_fifo_manager_v1#111.destroy()
[16:16:49.112419] {mesa present modes query}  -> wp_commit_timing_manager_v1#110.destroy()
[16:16:49.112421] {mesa present modes query}  -> wp_tearing_control_manager_v1#109.destroy()
[16:16:49.112423] {mesa present modes query}  -> wp_color_manager_v1#114.destroy()
[16:16:49.112428] {mesa vk display queue}  -> wp_fifo_v1#96.destroy()
[16:16:49.112430] {mesa vk display queue}  -> wp_commit_timer_v1#94.destroy()
[16:16:49.112432] {mesa vk display queue}  -> wl_display#1.sync(new id wl_callback#117)
[16:16:49.112706] {Display Queue} wl_display#1.delete_id(116)
[16:16:49.112718] {Display Queue} wl_display#1.delete_id(97)
[16:16:49.112721] {Display Queue} wl_display#1.delete_id(112)
[16:16:49.112723] {Display Queue} wl_display#1.delete_id(111)
[16:16:49.112724] {Display Queue} wl_display#1.delete_id(110)
[16:16:49.112731] {Display Queue} wl_display#1.delete_id(109)
[16:16:49.112737] {Display Queue} wl_display#1.delete_id(96)
[16:16:49.112739] {Display Queue} wl_display#1.delete_id(94)
[16:16:49.112741] {Display Queue} wl_display#1.delete_id(117)
[16:16:49.112743] {mesa vk display queue} wl_callback#117.done(2)
[16:16:49.112765] {mesa vk display queue}  -> wp_fifo_manager_v1#81.get_fifo(new id wp_fifo_v1#117, wl_surface#71)
[16:16:49.112769] {mesa vk display queue}  -> wp_commit_timing_manager_v1#80.get_timer(new id wp_commit_timer_v1#94, wl_surface#71)
[16:16:49.112796] {mesa vk display queue}  -> zwp_linux_dmabuf_v1#92.create_params(new id zwp_linux_buffer_params_v1#96)
[16:16:49.112799] {mesa vk display queue}  -> zwp_linux_buffer_params_v1#96.add(fd 22, 0, 0, 3584, 16777216, 15)
[16:16:49.112802] {mesa vk display queue}  -> zwp_linux_buffer_params_v1#96.add(fd 24, 1, 2179072, 448, 16777216, 15)
[16:16:49.112805] {mesa vk display queue}  -> zwp_linux_buffer_params_v1#96.add(fd 26, 2, 2191360, 64, 16777216, 15)
[16:16:49.112808] {mesa vk display queue}  -> zwp_linux_buffer_params_v1#96.create_immed(new id wl_buffer#109, 800, 600, 875713089, 0)
[16:16:49.112811] {mesa vk display queue}  -> zwp_linux_buffer_params_v1#96.destroy()
[16:16:49.112825] {mesa vk display queue}  -> zwp_linux_dmabuf_v1#92.create_params(new id zwp_linux_buffer_params_v1#110)
[16:16:49.112829] {mesa vk display queue}  -> zwp_linux_buffer_params_v1#110.add(fd 30, 0, 0, 3584, 16777216, 15)
[16:16:49.112832] {mesa vk display queue}  -> zwp_linux_buffer_params_v1#110.add(fd 31, 1, 2179072, 448, 16777216, 15)
[16:16:49.112834] {mesa vk display queue}  -> zwp_linux_buffer_params_v1#110.add(fd 32, 2, 2191360, 64, 16777216, 15)
[16:16:49.112836] {mesa vk display queue}  -> zwp_linux_buffer_params_v1#110.create_immed(new id wl_buffer#111, 800, 600, 875713089, 0)
[16:16:49.112840] {mesa vk display queue}  -> zwp_linux_buffer_params_v1#110.destroy()
[16:16:49.112848] {mesa vk display queue}  -> zwp_linux_dmabuf_v1#92.create_params(new id zwp_linux_buffer_params_v1#112)
[16:16:49.112850] {mesa vk display queue}  -> zwp_linux_buffer_params_v1#112.add(fd 35, 0, 0, 3584, 16777216, 15)
[16:16:49.112852] {mesa vk display queue}  -> zwp_linux_buffer_params_v1#112.add(fd 36, 1, 2179072, 448, 16777216, 15)
[16:16:49.112854] {mesa vk display queue}  -> zwp_linux_buffer_params_v1#112.add(fd 37, 2, 2191360, 64, 16777216, 15)
[16:16:49.112856] {mesa vk display queue}  -> zwp_linux_buffer_params_v1#112.create_immed(new id wl_buffer#97, 800, 600, 875713089, 0)
[16:16:49.112858] {mesa vk display queue}  -> zwp_linux_buffer_params_v1#112.destroy()
[16:16:49.112865] {mesa vk display queue}  -> zwp_linux_dmabuf_v1#92.create_params(new id zwp_linux_buffer_params_v1#116)
[16:16:49.112867] {mesa vk display queue}  -> zwp_linux_buffer_params_v1#116.add(fd 39, 0, 0, 3584, 16777216, 15)
[16:16:49.112869] {mesa vk display queue}  -> zwp_linux_buffer_params_v1#116.add(fd 40, 1, 2179072, 448, 16777216, 15)
[16:16:49.112871] {mesa vk display queue}  -> zwp_linux_buffer_params_v1#116.add(fd 41, 2, 2191360, 64, 16777216, 15)
[16:16:49.112873] {mesa vk display queue}  -> zwp_linux_buffer_params_v1#116.create_immed(new id wl_buffer#118, 800, 600, 875713089, 0)
[16:16:49.112876] {mesa vk display queue}  -> zwp_linux_buffer_params_v1#116.destroy()
[16:16:49.112879] {mesa vk display queue}  -> wl_buffer#98.destroy()
[16:16:49.112885] {mesa vk display queue}  -> wl_buffer#100.destroy()
[16:16:49.112888] {mesa vk display queue}  -> wl_buffer#102.destroy()
[16:16:49.112892] {mesa vk display queue}  -> wl_buffer#104.destroy()
[16:16:49.421428]  -> xdg_surface#106.set_window_geometry(0, 0, 800, 600)
[16:16:49.421442] {Default Queue}  -> wl_compositor#5.create_region(new id wl_region#119)
[16:16:49.421447] {Default Queue}  -> wl_region#119.add(0, 0, 800, 600)
[16:16:49.421449]  -> wl_surface#71.set_opaque_region(wl_region#119)
[16:16:49.421451] {Default Queue}  -> wl_region#119.destroy()
[16:16:49.421454] {Default Queue}  -> wp_viewport#67.set_destination(800, 600)
[16:16:49.421463]  -> wl_surface#71.frame(new id wl_callback#120)
[16:16:49.421477] {Default Queue}  -> wp_presentation#19.feedback(wl_surface#71, new id wp_presentation_feedback#121)
[16:16:49.421480]  -> wl_surface#71.offset(0, 0)
[16:16:49.421509] discarded [unknown]#98.[event 0](0 fd, 8 byte)
[16:16:49.421512] discarded [unknown]#98.[event 0](0 fd, 8 byte)
[16:16:49.421513] discarded [unknown]#100.[event 0](0 fd, 8 byte)
[16:16:49.421514] discarded [unknown]#100.[event 0](0 fd, 8 byte)
[16:16:49.421515] discarded [unknown]#102.[event 0](0 fd, 8 byte)
[16:16:49.421516] discarded [unknown]#102.[event 0](0 fd, 8 byte)
[16:16:49.421517] discarded [unknown]#104.[event 0](0 fd, 8 byte)
[16:16:49.421518] discarded [unknown]#104.[event 0](0 fd, 8 byte)
[16:16:49.421520] {Display Queue} wl_display#1.delete_id(96)
[16:16:49.421523] {Display Queue} wl_display#1.delete_id(110)
[16:16:49.421525] {Display Queue} wl_display#1.delete_id(112)
[16:16:49.421527] {Display Queue} wl_display#1.delete_id(116)
[16:16:49.421528] {Display Queue} wl_display#1.delete_id(98)
[16:16:49.421530] {Display Queue} wl_display#1.delete_id(100)
[16:16:49.421532] {Display Queue} wl_display#1.delete_id(102)
[16:16:49.421533] {Display Queue} wl_display#1.delete_id(104)
[16:16:49.421536] {mesa vk display queue}  -> wl_surface#71.attach(wl_buffer#109, 0, 0)
[16:16:49.421538] {mesa vk display queue}  -> wl_surface#71.damage_buffer(0, 0, 800, 600)
[16:16:49.421541] {mesa vk display queue}  -> wl_surface#71.commit()
[16:16:49.421783]  -> xdg_toplevel#75.set_min_size(108, 42)
[16:16:49.421786]  -> xdg_toplevel#75.set_max_size(0, 0)
[16:16:49.421795] {mesa present modes query}  -> wl_display#1.get_registry(new id wl_registry#104)
[16:16:49.421798] {mesa present modes query}  -> wl_display#1.sync(new id wl_callback#102)
[16:16:49.422212] {Display Queue} wl_display#1.delete_id(119)
[16:16:49.422225] {Display Queue} wl_display#1.delete_id(120)
[16:16:49.422227] {Display Queue} wl_display#1.delete_id(102)
[16:16:49.422229] {mesa present modes query} wl_registry#104.global(1, "wl_seat", 9)
[16:16:49.422233] {mesa present modes query} wl_registry#104.global(2, "wl_data_device_manager", 3)
[16:16:49.422235] {mesa present modes query} wl_registry#104.global(3, "wl_compositor", 6)
[16:16:49.422237] {mesa present modes query} wl_registry#104.global(4, "wl_subcompositor", 1)
[16:16:49.422239] {mesa present modes query} wl_registry#104.global(5, "wl_shm", 2)
[16:16:49.422240] {mesa present modes query} wl_registry#104.global(6, "wp_viewporter", 1)
[16:16:49.422242] {mesa present modes query} wl_registry#104.global(7, "wp_tearing_control_manager_v1", 1)
[16:16:49.422245] {mesa present modes query}  -> wl_registry#104.bind(7, "wp_tearing_control_manager_v1", 1, new id [unknown]#119)
[16:16:49.422254] {mesa present modes query} wl_registry#104.global(8, "wp_fractional_scale_manager_v1", 1)
[16:16:49.422256] {mesa present modes query} wl_registry#104.global(9, "zxdg_output_manager_v1", 3)
[16:16:49.422258] {mesa present modes query} wl_registry#104.global(10, "wp_cursor_shape_manager_v1", 2)
[16:16:49.422260] {mesa present modes query} wl_registry#104.global(11, "zwp_idle_inhibit_manager_v1", 1)
[16:16:49.422262] {mesa present modes query} wl_registry#104.global(12, "zwp_relative_pointer_manager_v1", 1)
[16:16:49.422264] {mesa present modes query} wl_registry#104.global(13, "zxdg_decoration_manager_v1", 2)
[16:16:49.422266] {mesa present modes query} wl_registry#104.global(14, "wp_alpha_modifier_v1", 1)
[16:16:49.422268] {mesa present modes query} wl_registry#104.global(15, "zwlr_gamma_control_manager_v1", 1)
[16:16:49.422269] {mesa present modes query} wl_registry#104.global(16, "ext_foreign_toplevel_list_v1", 1)
[16:16:49.422271] {mesa present modes query} wl_registry#104.global(17, "zwp_pointer_gestures_v1", 3)
[16:16:49.422273] {mesa present modes query} wl_registry#104.global(18, "zwlr_foreign_toplevel_manager_v1", 3)
[16:16:49.422275] {mesa present modes query} wl_registry#104.global(19, "zwp_keyboard_shortcuts_inhibit_manager_v1", 1)
[16:16:49.422277] {mesa present modes query} wl_registry#104.global(20, "zwp_text_input_manager_v1", 1)
[16:16:49.422284] {mesa present modes query} wl_registry#104.global(21, "zwp_text_input_manager_v3", 1)
[16:16:49.422291] {mesa present modes query} wl_registry#104.global(22, "zwp_pointer_constraints_v1", 1)
[16:16:49.422293] {mesa present modes query} wl_registry#104.global(23, "zwlr_output_power_manager_v1", 1)
[16:16:49.422295] {mesa present modes query} wl_registry#104.global(24, "xdg_activation_v1", 1)
[16:16:49.422297] {mesa present modes query} wl_registry#104.global(25, "ext_idle_notifier_v1", 2)
[16:16:49.422299] {mesa present modes query} wl_registry#104.global(26, "hyprland_lock_notifier_v1", 1)
[16:16:49.422301] {mesa present modes query} wl_registry#104.global(27, "ext_session_lock_manager_v1", 1)
[16:16:49.422303] {mesa present modes query} wl_registry#104.global(28, "zwp_input_method_manager_v2", 1)
[16:16:49.422304] {mesa present modes query} wl_registry#104.global(29, "zwp_virtual_keyboard_manager_v1", 1)
[16:16:49.422306] {mesa present modes query} wl_registry#104.global(30, "zwlr_virtual_pointer_manager_v1", 2)
[16:16:49.422308] {mesa present modes query} wl_registry#104.global(31, "zwlr_output_manager_v1", 4)
[16:16:49.422310] {mesa present modes query} wl_registry#104.global(32, "org_kde_kwin_server_decoration_manager", 1)
[16:16:49.422312] {mesa present modes query} wl_registry#104.global(33, "hyprland_focus_grab_manager_v1", 1)
[16:16:49.422314] {mesa present modes query} wl_registry#104.global(34, "zwp_tablet_manager_v2", 1)
[16:16:49.422315] {mesa present modes query} wl_registry#104.global(35, "zwlr_layer_shell_v1", 5)
[16:16:49.422317] {mesa present modes query} wl_registry#104.global(36, "wp_presentation", 2)
[16:16:49.422319] {mesa present modes query}  -> wl_registry#104.bind(36, "wp_presentation", 2, new id [unknown]#100)
[16:16:49.422322] {mesa present modes query} wl_registry#104.global(37, "xdg_wm_base", 7)
[16:16:49.422324] {mesa present modes query} wl_registry#104.global(38, "zwlr_data_control_manager_v1", 2)
[16:16:49.422326] {mesa present modes query} wl_registry#104.global(39, "zwp_primary_selection_device_manager_v1", 1)
[16:16:49.422327] {mesa present modes query} wl_registry#104.global(40, "xwayland_shell_v1", 1)
[16:16:49.422329] {mesa present modes query} wl_registry#104.global(41, "hyprland_toplevel_mapping_manager_v1", 1)
[16:16:49.422331] {mesa present modes query} wl_registry#104.global(42, "hyprland_global_shortcuts_manager_v1", 1)
[16:16:49.422333] {mesa present modes query} wl_registry#104.global(43, "xdg_wm_dialog_v1", 1)
[16:16:49.422335] {mesa present modes query} wl_registry#104.global(44, "wp_single_pixel_buffer_manager_v1", 1)
[16:16:49.422337] {mesa present modes query} wl_registry#104.global(45, "wp_security_context_manager_v1", 1)
[16:16:49.422339] {mesa present modes query} wl_registry#104.global(46, "hyprland_ctm_control_manager_v1", 2)
[16:16:49.422341] {mesa present modes query} wl_registry#104.global(47, "hyprland_input_capture_manager_v1", 1)
[16:16:49.422343] {mesa present modes query} wl_registry#104.global(48, "hyprland_surface_manager_v1", 2)
[16:16:49.422344] {mesa present modes query} wl_registry#104.global(49, "wp_content_type_manager_v1", 1)
[16:16:49.422346] {mesa present modes query} wl_registry#104.global(50, "xdg_toplevel_tag_manager_v1", 1)
[16:16:49.422348] {mesa present modes query} wl_registry#104.global(51, "xdg_system_bell_v1", 1)
[16:16:49.422350] {mesa present modes query} wl_registry#104.global(52, "vicinae_hotkey_manager_v1", 1)
[16:16:49.422352] {mesa present modes query} wl_registry#104.global(53, "ext_workspace_manager_v1", 1)
[16:16:49.422354] {mesa present modes query} wl_registry#104.global(54, "ext_data_control_manager_v1", 1)
[16:16:49.422356] {mesa present modes query} wl_registry#104.global(55, "wp_pointer_warp_v1", 1)
[16:16:49.422357] {mesa present modes query} wl_registry#104.global(56, "wp_fifo_manager_v1", 1)
[16:16:49.422359] {mesa present modes query}  -> wl_registry#104.bind(56, "wp_fifo_manager_v1", 1, new id [unknown]#98)
[16:16:49.422361] {mesa present modes query} wl_registry#104.global(57, "zxdg_exporter_v2", 1)
[16:16:49.422366] {mesa present modes query} wl_registry#104.global(58, "zxdg_importer_v2", 1)
[16:16:49.422369] {mesa present modes query} wl_registry#104.global(59, "ext_background_effect_manager_v1", 1)
[16:16:49.422371] {mesa present modes query} wl_registry#104.global(60, "wp_commit_timing_manager_v1", 1)
[16:16:49.422373] {mesa present modes query}  -> wl_registry#104.bind(60, "wp_commit_timing_manager_v1", 1, new id [unknown]#116)
[16:16:49.422376] {mesa present modes query} wl_registry#104.global(61, "zwlr_screencopy_manager_v1", 3)
[16:16:49.422377] {mesa present modes query} wl_registry#104.global(62, "hyprland_toplevel_export_manager_v1", 2)
[16:16:49.422379] {mesa present modes query} wl_registry#104.global(63, "ext_output_image_capture_source_manager_v1", 1)
[16:16:49.422381] {mesa present modes query} wl_registry#104.global(64, "ext_foreign_toplevel_image_capture_source_manager_v1", 1)
[16:16:49.422384] {mesa present modes query} wl_registry#104.global(65, "ext_image_copy_capture_manager_v1", 1)
[16:16:49.422386] {mesa present modes query} wl_registry#104.global(66, "wp_color_manager_v1", 3)
[16:16:49.422388] {mesa present modes query}  -> wl_registry#104.bind(66, "wp_color_manager_v1", 1, new id [unknown]#112)
[16:16:49.422390] {mesa present modes query} wl_registry#104.global(67, "wl_drm", 2)
[16:16:49.422392] {mesa present modes query} wl_registry#104.global(68, "zwp_linux_dmabuf_v1", 5)
[16:16:49.422394] {mesa present modes query}  -> wl_registry#104.bind(68, "zwp_linux_dmabuf_v1", 4, new id [unknown]#110)
[16:16:49.422396] {mesa present modes query} wl_registry#104.global(69, "wl_output", 4)
[16:16:49.422398] {mesa present modes query} wl_callback#102.done(5)
[16:16:49.422401] {mesa present modes query}  -> zwp_linux_dmabuf_v1#110.get_default_feedback(new id zwp_linux_dmabuf_feedback_v1#102)
[16:16:49.422404] {mesa present modes query}  -> wl_display#1.sync(new id wl_callback#96)
[16:16:49.422697] {Display Queue} wl_display#1.delete_id(96)
[16:16:49.422709] {mesa present modes query} wp_presentation#100.clock_id(1)
[16:16:49.422712] {mesa present modes query} wp_color_manager_v1#112.supported_feature(1)
[16:16:49.422714] {mesa present modes query} wp_color_manager_v1#112.supported_feature(2)
[16:16:49.422716] {mesa present modes query} wp_color_manager_v1#112.supported_feature(4)
[16:16:49.422717] {mesa present modes query} wp_color_manager_v1#112.supported_feature(7)
[16:16:49.422719] {mesa present modes query} wp_color_manager_v1#112.supported_feature(5)
[16:16:49.422721] {mesa present modes query} wp_color_manager_v1#112.supported_feature(6)
[16:16:49.422722] {mesa present modes query} wp_color_manager_v1#112.supported_primaries_named(1)
[16:16:49.422724] {mesa present modes query} wp_color_manager_v1#112.supported_primaries_named(6)
[16:16:49.422726] {mesa present modes query} wp_color_manager_v1#112.supported_primaries_named(2)
[16:16:49.422727] {mesa present modes query} wp_color_manager_v1#112.supported_primaries_named(3)
[16:16:49.422729] {mesa present modes query} wp_color_manager_v1#112.supported_primaries_named(4)
[16:16:49.422731] {mesa present modes query} wp_color_manager_v1#112.supported_primaries_named(5)
[16:16:49.422732] {mesa present modes query} wp_color_manager_v1#112.supported_primaries_named(8)
[16:16:49.422734] {mesa present modes query} wp_color_manager_v1#112.supported_primaries_named(9)
[16:16:49.422736] {mesa present modes query} wp_color_manager_v1#112.supported_primaries_named(10)
[16:16:49.422737] {mesa present modes query} wp_color_manager_v1#112.supported_primaries_named(7)
[16:16:49.422739] {mesa present modes query} wp_color_manager_v1#112.supported_tf_named(9)
[16:16:49.422741] {mesa present modes query} wp_color_manager_v1#112.supported_tf_named(10)
[16:16:49.422742] {mesa present modes query} wp_color_manager_v1#112.supported_tf_named(2)
[16:16:49.422744] {mesa present modes query} wp_color_manager_v1#112.supported_tf_named(3)
[16:16:49.422745] {mesa present modes query} wp_color_manager_v1#112.supported_tf_named(5)
[16:16:49.422752] {mesa present modes query} wp_color_manager_v1#112.supported_tf_named(11)
[16:16:49.422758] {mesa present modes query} wp_color_manager_v1#112.supported_tf_named(13)
[16:16:49.422759] {mesa present modes query} wp_color_manager_v1#112.supported_tf_named(1)
[16:16:49.422761] {mesa present modes query} wp_color_manager_v1#112.supported_tf_named(4)
[16:16:49.422763] {mesa present modes query} wp_color_manager_v1#112.supported_tf_named(6)
[16:16:49.422764] {mesa present modes query} wp_color_manager_v1#112.supported_tf_named(7)
[16:16:49.422766] {mesa present modes query} wp_color_manager_v1#112.supported_tf_named(8)
[16:16:49.422768] {mesa present modes query} wp_color_manager_v1#112.supported_tf_named(12)
[16:16:49.422769] {mesa present modes query} wp_color_manager_v1#112.supported_intent(0)
[16:16:49.422771] {mesa present modes query} wp_color_manager_v1#112.done()
[16:16:49.422773] {mesa present modes query} zwp_linux_dmabuf_feedback_v1#102.format_table(fd 18, 2960)
[16:16:49.422791] {mesa present modes query} zwp_linux_dmabuf_feedback_v1#102.main_device(array[8])
[16:16:49.422793] {mesa present modes query} zwp_linux_dmabuf_feedback_v1#102.tranche_target_device(array[8])
[16:16:49.422795] {mesa present modes query} zwp_linux_dmabuf_feedback_v1#102.tranche_flags(0)
[16:16:49.422797] {mesa present modes query} zwp_linux_dmabuf_feedback_v1#102.tranche_formats(array[370])
[16:16:49.422815] {mesa present modes query} zwp_linux_dmabuf_feedback_v1#102.tranche_done()
[16:16:49.422817] {mesa present modes query} zwp_linux_dmabuf_feedback_v1#102.done()
[16:16:49.422819] {mesa present modes query} wl_callback#96.done(5)
[16:16:49.422822] {mesa present modes query}  -> wl_display#1.sync(new id wl_callback#96)
[16:16:49.422857] {Display Queue} wl_display#1.delete_id(96)
[16:16:49.422867] {mesa present modes query} wl_callback#96.done(5)
[16:16:49.422872] {mesa present modes query}  -> zwp_linux_dmabuf_feedback_v1#102.destroy()
[16:16:49.422886] {mesa present modes query}  -> zwp_linux_dmabuf_v1#110.destroy()
[16:16:49.422888] {mesa present modes query}  -> wp_presentation#100.destroy()
[16:16:49.422889] {mesa present modes query}  -> wp_fifo_manager_v1#98.destroy()
[16:16:49.422891] {mesa present modes query}  -> wp_commit_timing_manager_v1#116.destroy()
[16:16:49.422893] {mesa present modes query}  -> wp_tearing_control_manager_v1#119.destroy()
[16:16:49.422895] {mesa present modes query}  -> wp_color_manager_v1#112.destroy()
[16:16:49.422898] {mesa present modes query}  -> wl_display#1.get_registry(new id wl_registry#96)
[16:16:49.422901] {mesa present modes query}  -> wl_display#1.sync(new id wl_callback#122)
[16:16:49.423065] {Display Queue} wl_display#1.delete_id(102)
[16:16:49.423077] {Display Queue} wl_display#1.delete_id(110)
[16:16:49.423079] {Display Queue} wl_display#1.delete_id(100)
[16:16:49.423081] {Display Queue} wl_display#1.delete_id(98)
[16:16:49.423083] {Display Queue} wl_display#1.delete_id(116)
[16:16:49.423085] {Display Queue} wl_display#1.delete_id(119)
[16:16:49.423087] {Display Queue} wl_display#1.delete_id(122)
[16:16:49.423088] {mesa present modes query} wl_registry#96.global(1, "wl_seat", 9)
[16:16:49.423092] {mesa present modes query} wl_registry#96.global(2, "wl_data_device_manager", 3)
[16:16:49.423094] {mesa present modes query} wl_registry#96.global(3, "wl_compositor", 6)
[16:16:49.423096] {mesa present modes query} wl_registry#96.global(4, "wl_subcompositor", 1)
[16:16:49.423098] {mesa present modes query} wl_registry#96.global(5, "wl_shm", 2)
[16:16:49.423099] {mesa present modes query} wl_registry#96.global(6, "wp_viewporter", 1)
[16:16:49.423101] {mesa present modes query} wl_registry#96.global(7, "wp_tearing_control_manager_v1", 1)
[16:16:49.423104] {mesa present modes query}  -> wl_registry#96.bind(7, "wp_tearing_control_manager_v1", 1, new id [unknown]#119)
[16:16:49.423108] {mesa present modes query} wl_registry#96.global(8, "wp_fractional_scale_manager_v1", 1)
[16:16:49.423110] {mesa present modes query} wl_registry#96.global(9, "zxdg_output_manager_v1", 3)
[16:16:49.423116] {mesa present modes query} wl_registry#96.global(10, "wp_cursor_shape_manager_v1", 2)
[16:16:49.423123] {mesa present modes query} wl_registry#96.global(11, "zwp_idle_inhibit_manager_v1", 1)
[16:16:49.423125] {mesa present modes query} wl_registry#96.global(12, "zwp_relative_pointer_manager_v1", 1)
[16:16:49.423126] {mesa present modes query} wl_registry#96.global(13, "zxdg_decoration_manager_v1", 2)
[16:16:49.423128] {mesa present modes query} wl_registry#96.global(14, "wp_alpha_modifier_v1", 1)
[16:16:49.423130] {mesa present modes query} wl_registry#96.global(15, "zwlr_gamma_control_manager_v1", 1)
[16:16:49.423132] {mesa present modes query} wl_registry#96.global(16, "ext_foreign_toplevel_list_v1", 1)
[16:16:49.423134] {mesa present modes query} wl_registry#96.global(17, "zwp_pointer_gestures_v1", 3)
[16:16:49.423136] {mesa present modes query} wl_registry#96.global(18, "zwlr_foreign_toplevel_manager_v1", 3)
[16:16:49.423138] {mesa present modes query} wl_registry#96.global(19, "zwp_keyboard_shortcuts_inhibit_manager_v1", 1)
[16:16:49.423139] {mesa present modes query} wl_registry#96.global(20, "zwp_text_input_manager_v1", 1)
[16:16:49.423141] {mesa present modes query} wl_registry#96.global(21, "zwp_text_input_manager_v3", 1)
[16:16:49.423143] {mesa present modes query} wl_registry#96.global(22, "zwp_pointer_constraints_v1", 1)
[16:16:49.423145] {mesa present modes query} wl_registry#96.global(23, "zwlr_output_power_manager_v1", 1)
[16:16:49.423147] {mesa present modes query} wl_registry#96.global(24, "xdg_activation_v1", 1)
[16:16:49.423149] {mesa present modes query} wl_registry#96.global(25, "ext_idle_notifier_v1", 2)
[16:16:49.423150] {mesa present modes query} wl_registry#96.global(26, "hyprland_lock_notifier_v1", 1)
[16:16:49.423152] {mesa present modes query} wl_registry#96.global(27, "ext_session_lock_manager_v1", 1)
[16:16:49.423154] {mesa present modes query} wl_registry#96.global(28, "zwp_input_method_manager_v2", 1)
[16:16:49.423156] {mesa present modes query} wl_registry#96.global(29, "zwp_virtual_keyboard_manager_v1", 1)
[16:16:49.423158] {mesa present modes query} wl_registry#96.global(30, "zwlr_virtual_pointer_manager_v1", 2)
[16:16:49.423160] {mesa present modes query} wl_registry#96.global(31, "zwlr_output_manager_v1", 4)
[16:16:49.423161] {mesa present modes query} wl_registry#96.global(32, "org_kde_kwin_server_decoration_manager", 1)
[16:16:49.423163] {mesa present modes query} wl_registry#96.global(33, "hyprland_focus_grab_manager_v1", 1)
[16:16:49.423165] {mesa present modes query} wl_registry#96.global(34, "zwp_tablet_manager_v2", 1)
[16:16:49.423167] {mesa present modes query} wl_registry#96.global(35, "zwlr_layer_shell_v1", 5)
[16:16:49.423169] {mesa present modes query} wl_registry#96.global(36, "wp_presentation", 2)
[16:16:49.423171] {mesa present modes query}  -> wl_registry#96.bind(36, "wp_presentation", 2, new id [unknown]#116)
[16:16:49.423173] {mesa present modes query} wl_registry#96.global(37, "xdg_wm_base", 7)
[16:16:49.423175] {mesa present modes query} wl_registry#96.global(38, "zwlr_data_control_manager_v1", 2)
[16:16:49.423177] {mesa present modes query} wl_registry#96.global(39, "zwp_primary_selection_device_manager_v1", 1)
[16:16:49.423179] {mesa present modes query} wl_registry#96.global(40, "xwayland_shell_v1", 1)
[16:16:49.423181] {mesa present modes query} wl_registry#96.global(41, "hyprland_toplevel_mapping_manager_v1", 1)
[16:16:49.423183] {mesa present modes query} wl_registry#96.global(42, "hyprland_global_shortcuts_manager_v1", 1)
[16:16:49.423185] {mesa present modes query} wl_registry#96.global(43, "xdg_wm_dialog_v1", 1)
[16:16:49.423187] {mesa present modes query} wl_registry#96.global(44, "wp_single_pixel_buffer_manager_v1", 1)
[16:16:49.423188] {mesa present modes query} wl_registry#96.global(45, "wp_security_context_manager_v1", 1)
[16:16:49.423190] {mesa present modes query} wl_registry#96.global(46, "hyprland_ctm_control_manager_v1", 2)
[16:16:49.423192] {mesa present modes query} wl_registry#96.global(47, "hyprland_input_capture_manager_v1", 1)
[16:16:49.423196] {mesa present modes query} wl_registry#96.global(48, "hyprland_surface_manager_v1", 2)
[16:16:49.423199] {mesa present modes query} wl_registry#96.global(49, "wp_content_type_manager_v1", 1)
[16:16:49.423201] {mesa present modes query} wl_registry#96.global(50, "xdg_toplevel_tag_manager_v1", 1)
[16:16:49.423203] {mesa present modes query} wl_registry#96.global(51, "xdg_system_bell_v1", 1)
[16:16:49.423205] {mesa present modes query} wl_registry#96.global(52, "vicinae_hotkey_manager_v1", 1)
[16:16:49.423207] {mesa present modes query} wl_registry#96.global(53, "ext_workspace_manager_v1", 1)
[16:16:49.423208] {mesa present modes query} wl_registry#96.global(54, "ext_data_control_manager_v1", 1)
[16:16:49.423210] {mesa present modes query} wl_registry#96.global(55, "wp_pointer_warp_v1", 1)
[16:16:49.423212] {mesa present modes query} wl_registry#96.global(56, "wp_fifo_manager_v1", 1)
[16:16:49.423214] {mesa present modes query}  -> wl_registry#96.bind(56, "wp_fifo_manager_v1", 1, new id [unknown]#98)
[16:16:49.423216] {mesa present modes query} wl_registry#96.global(57, "zxdg_exporter_v2", 1)
[16:16:49.423218] {mesa present modes query} wl_registry#96.global(58, "zxdg_importer_v2", 1)
[16:16:49.423220] {mesa present modes query} wl_registry#96.global(59, "ext_background_effect_manager_v1", 1)
[16:16:49.423222] {mesa present modes query} wl_registry#96.global(60, "wp_commit_timing_manager_v1", 1)
[16:16:49.423224] {mesa present modes query}  -> wl_registry#96.bind(60, "wp_commit_timing_manager_v1", 1, new id [unknown]#100)
[16:16:49.423227] {mesa present modes query} wl_registry#96.global(61, "zwlr_screencopy_manager_v1", 3)
[16:16:49.423229] {mesa present modes query} wl_registry#96.global(62, "hyprland_toplevel_export_manager_v1", 2)
[16:16:49.423230] {mesa present modes query} wl_registry#96.global(63, "ext_output_image_capture_source_manager_v1", 1)
[16:16:49.423232] {mesa present modes query} wl_registry#96.global(64, "ext_foreign_toplevel_image_capture_source_manager_v1", 1)
[16:16:49.423235] {mesa present modes query} wl_registry#96.global(65, "ext_image_copy_capture_manager_v1", 1)
[16:16:49.423237] {mesa present modes query} wl_registry#96.global(66, "wp_color_manager_v1", 3)
[16:16:49.423240] {mesa present modes query}  -> wl_registry#96.bind(66, "wp_color_manager_v1", 1, new id [unknown]#110)
[16:16:49.423242] {mesa present modes query} wl_registry#96.global(67, "wl_drm", 2)
[16:16:49.423244] {mesa present modes query} wl_registry#96.global(68, "zwp_linux_dmabuf_v1", 5)
[16:16:49.423246] {mesa present modes query}  -> wl_registry#96.bind(68, "zwp_linux_dmabuf_v1", 4, new id [unknown]#102)
[16:16:49.423254] {mesa present modes query} wl_registry#96.global(69, "wl_output", 4)
[16:16:49.423256] {mesa present modes query} wl_callback#122.done(5)
[16:16:49.423259] {mesa present modes query}  -> zwp_linux_dmabuf_v1#102.get_default_feedback(new id zwp_linux_dmabuf_feedback_v1#122)
[16:16:49.423262] {mesa present modes query}  -> wl_display#1.sync(new id wl_callback#123)
[16:16:49.423571] {Display Queue} wl_display#1.delete_id(123)
[16:16:49.423583] {mesa present modes query} wp_presentation#116.clock_id(1)
[16:16:49.423586] {mesa present modes query} wp_color_manager_v1#110.supported_feature(1)
[16:16:49.423588] {mesa present modes query} wp_color_manager_v1#110.supported_feature(2)
[16:16:49.423589] {mesa present modes query} wp_color_manager_v1#110.supported_feature(4)
[16:16:49.423591] {mesa present modes query} wp_color_manager_v1#110.supported_feature(7)
[16:16:49.423593] {mesa present modes query} wp_color_manager_v1#110.supported_feature(5)
[16:16:49.423594] {mesa present modes query} wp_color_manager_v1#110.supported_feature(6)
[16:16:49.423596] {mesa present modes query} wp_color_manager_v1#110.supported_primaries_named(1)
[16:16:49.423598] {mesa present modes query} wp_color_manager_v1#110.supported_primaries_named(6)
[16:16:49.423599] {mesa present modes query} wp_color_manager_v1#110.supported_primaries_named(2)
[16:16:49.423601] {mesa present modes query} wp_color_manager_v1#110.supported_primaries_named(3)
[16:16:49.423607] {mesa present modes query} wp_color_manager_v1#110.supported_primaries_named(4)
[16:16:49.423613] {mesa present modes query} wp_color_manager_v1#110.supported_primaries_named(5)
[16:16:49.423615] {mesa present modes query} wp_color_manager_v1#110.supported_primaries_named(8)
[16:16:49.423617] {mesa present modes query} wp_color_manager_v1#110.supported_primaries_named(9)
[16:16:49.423618] {mesa present modes query} wp_color_manager_v1#110.supported_primaries_named(10)
[16:16:49.423620] {mesa present modes query} wp_color_manager_v1#110.supported_primaries_named(7)
[16:16:49.423622] {mesa present modes query} wp_color_manager_v1#110.supported_tf_named(9)
[16:16:49.423624] {mesa present modes query} wp_color_manager_v1#110.supported_tf_named(10)
[16:16:49.423625] {mesa present modes query} wp_color_manager_v1#110.supported_tf_named(2)
[16:16:49.423627] {mesa present modes query} wp_color_manager_v1#110.supported_tf_named(3)
[16:16:49.423629] {mesa present modes query} wp_color_manager_v1#110.supported_tf_named(5)
[16:16:49.423630] {mesa present modes query} wp_color_manager_v1#110.supported_tf_named(11)
[16:16:49.423632] {mesa present modes query} wp_color_manager_v1#110.supported_tf_named(13)
[16:16:49.423633] {mesa present modes query} wp_color_manager_v1#110.supported_tf_named(1)
[16:16:49.423635] {mesa present modes query} wp_color_manager_v1#110.supported_tf_named(4)
[16:16:49.423637] {mesa present modes query} wp_color_manager_v1#110.supported_tf_named(6)
[16:16:49.423638] {mesa present modes query} wp_color_manager_v1#110.supported_tf_named(7)
[16:16:49.423640] {mesa present modes query} wp_color_manager_v1#110.supported_tf_named(8)
[16:16:49.423641] {mesa present modes query} wp_color_manager_v1#110.supported_tf_named(12)
[16:16:49.423643] {mesa present modes query} wp_color_manager_v1#110.supported_intent(0)
[16:16:49.423645] {mesa present modes query} wp_color_manager_v1#110.done()
[16:16:49.423647] {mesa present modes query} zwp_linux_dmabuf_feedback_v1#122.format_table(fd 18, 2960)
[16:16:49.423657] {mesa present modes query} zwp_linux_dmabuf_feedback_v1#122.main_device(array[8])
[16:16:49.423660] {mesa present modes query} zwp_linux_dmabuf_feedback_v1#122.tranche_target_device(array[8])
[16:16:49.423661] {mesa present modes query} zwp_linux_dmabuf_feedback_v1#122.tranche_flags(0)
[16:16:49.423663] {mesa present modes query} zwp_linux_dmabuf_feedback_v1#122.tranche_formats(array[370])
[16:16:49.423678] {mesa present modes query} zwp_linux_dmabuf_feedback_v1#122.tranche_done()
[16:16:49.423679] {mesa present modes query} zwp_linux_dmabuf_feedback_v1#122.done()
[16:16:49.423681] {mesa present modes query} wl_callback#123.done(5)
[16:16:49.423684] {mesa present modes query}  -> wl_display#1.sync(new id wl_callback#123)
[16:16:49.423953] {Display Queue} wl_display#1.delete_id(123)
[16:16:49.423965] {mesa present modes query} wl_callback#123.done(5)
[16:16:49.423970] {mesa present modes query}  -> zwp_linux_dmabuf_feedback_v1#122.destroy()
[16:16:49.423980] {mesa present modes query}  -> zwp_linux_dmabuf_v1#102.destroy()
[16:16:49.423982] {mesa present modes query}  -> wp_presentation#116.destroy()
[16:16:49.423984] {mesa present modes query}  -> wp_fifo_manager_v1#98.destroy()
[16:16:49.423986] {mesa present modes query}  -> wp_commit_timing_manager_v1#100.destroy()
[16:16:49.423988] {mesa present modes query}  -> wp_tearing_control_manager_v1#119.destroy()
[16:16:49.423990] {mesa present modes query}  -> wp_color_manager_v1#110.destroy()
[16:16:49.423996] {mesa vk display queue}  -> wp_fifo_v1#64.destroy()
[16:16:49.423998] {mesa vk display queue}  -> wp_commit_timer_v1#62.destroy()
[16:16:49.424000] {mesa vk display queue}  -> wl_display#1.sync(new id wl_callback#123)
[16:16:49.424031] {Display Queue} wl_display#1.delete_id(122)
[16:16:49.424033] {Display Queue} wl_display#1.delete_id(102)
[16:16:49.424035] {Display Queue} wl_display#1.delete_id(116)
[16:16:49.424036] {Display Queue} wl_display#1.delete_id(98)
[16:16:49.424038] {Display Queue} wl_display#1.delete_id(100)
[16:16:49.424046] {Display Queue} wl_display#1.delete_id(119)
[16:16:49.424052] {Display Queue} wl_display#1.delete_id(64)
[16:16:49.424054] {Display Queue} wl_display#1.delete_id(62)
[16:16:49.424055] {Display Queue} wl_display#1.delete_id(123)
[16:16:49.424057] {mesa vk display queue} wl_callback#123.done(5)
[16:16:49.424079] {mesa vk display queue}  -> wp_fifo_manager_v1#49.get_fifo(new id wp_fifo_v1#123, wl_surface#42)
[16:16:49.424082] {mesa vk display queue}  -> wp_commit_timing_manager_v1#48.get_timer(new id wp_commit_timer_v1#62, wl_surface#42)
[16:16:49.424117] {mesa vk display queue}  -> zwp_linux_dmabuf_v1#60.create_params(new id zwp_linux_buffer_params_v1#64)
[16:16:49.424120] {mesa vk display queue}  -> zwp_linux_buffer_params_v1#64.add(fd 22, 0, 0, 3584, 16777216, 15)
[16:16:49.424124] {mesa vk display queue}  -> zwp_linux_buffer_params_v1#64.add(fd 23, 1, 2179072, 448, 16777216, 15)
[16:16:49.424126] {mesa vk display queue}  -> zwp_linux_buffer_params_v1#64.add(fd 24, 2, 2191360, 64, 16777216, 15)
[16:16:49.424129] {mesa vk display queue}  -> zwp_linux_buffer_params_v1#64.create_immed(new id wl_buffer#119, 800, 600, 875713089, 0)
[16:16:49.424132] {mesa vk display queue}  -> zwp_linux_buffer_params_v1#64.destroy()
[16:16:49.424142] {mesa vk display queue}  -> zwp_linux_dmabuf_v1#60.create_params(new id zwp_linux_buffer_params_v1#100)
[16:16:49.424145] {mesa vk display queue}  -> zwp_linux_buffer_params_v1#100.add(fd 28, 0, 0, 3584, 16777216, 15)
[16:16:49.424147] {mesa vk display queue}  -> zwp_linux_buffer_params_v1#100.add(fd 30, 1, 2179072, 448, 16777216, 15)
[16:16:49.424149] {mesa vk display queue}  -> zwp_linux_buffer_params_v1#100.add(fd 31, 2, 2191360, 64, 16777216, 15)
[16:16:49.424151] {mesa vk display queue}  -> zwp_linux_buffer_params_v1#100.create_immed(new id wl_buffer#98, 800, 600, 875713089, 0)
[16:16:49.424155] {mesa vk display queue}  -> zwp_linux_buffer_params_v1#100.destroy()
[16:16:49.424163] {mesa vk display queue}  -> zwp_linux_dmabuf_v1#60.create_params(new id zwp_linux_buffer_params_v1#116)
[16:16:49.424165] {mesa vk display queue}  -> zwp_linux_buffer_params_v1#116.add(fd 33, 0, 0, 3584, 16777216, 15)
[16:16:49.424168] {mesa vk display queue}  -> zwp_linux_buffer_params_v1#116.add(fd 35, 1, 2179072, 448, 16777216, 15)
[16:16:49.424170] {mesa vk display queue}  -> zwp_linux_buffer_params_v1#116.add(fd 36, 2, 2191360, 64, 16777216, 15)
[16:16:49.424172] {mesa vk display queue}  -> zwp_linux_buffer_params_v1#116.create_immed(new id wl_buffer#102, 800, 600, 875713089, 0)
[16:16:49.424175] {mesa vk display queue}  -> zwp_linux_buffer_params_v1#116.destroy()
[16:16:49.424191] {mesa vk display queue}  -> zwp_linux_dmabuf_v1#60.create_params(new id zwp_linux_buffer_params_v1#122)
[16:16:49.424193] {mesa vk display queue}  -> zwp_linux_buffer_params_v1#122.add(fd 39, 0, 0, 3584, 16777216, 15)
[16:16:49.424196] {mesa vk display queue}  -> zwp_linux_buffer_params_v1#122.add(fd 40, 1, 2179072, 448, 16777216, 15)
[16:16:49.424197] {mesa vk display queue}  -> zwp_linux_buffer_params_v1#122.add(fd 41, 2, 2191360, 64, 16777216, 15)
[16:16:49.424200] {mesa vk display queue}  -> zwp_linux_buffer_params_v1#122.create_immed(new id wl_buffer#124, 800, 600, 875713089, 0)
[16:16:49.424202] {mesa vk display queue}  -> zwp_linux_buffer_params_v1#122.destroy()
[16:16:49.424205] {mesa vk display queue}  -> wl_buffer#66.destroy()
[16:16:49.424212] {mesa vk display queue}  -> wl_buffer#68.destroy()
[16:16:49.424216] {mesa vk display queue}  -> wl_buffer#70.destroy()
[16:16:49.424220] {mesa vk display queue}  -> wl_buffer#72.destroy()
[16:16:49.425773]  -> xdg_surface#74.set_window_geometry(0, 0, 800, 600)
[16:16:49.425781] {Default Queue}  -> wl_compositor#5.create_region(new id wl_region#125)
[16:16:49.425783] {Default Queue}  -> wl_region#125.add(0, 0, 800, 600)
[16:16:49.425785]  -> wl_surface#42.set_opaque_region(wl_region#125)
[16:16:49.425787] {Default Queue}  -> wl_region#125.destroy()
[16:16:49.425789] {Default Queue}  -> wp_viewport#44.set_destination(800, 600)
[16:16:49.425791]  -> wl_surface#42.frame(new id wl_callback#126)
[16:16:49.425798] {Default Queue}  -> wp_presentation#19.feedback(wl_surface#42, new id wp_presentation_feedback#127)
[16:16:49.425803]  -> wl_surface#42.offset(0, 0)
[16:16:49.425821] discarded [unknown]#66.[event 0](0 fd, 8 byte)
[16:16:49.425823] discarded [unknown]#66.[event 0](0 fd, 8 byte)
[16:16:49.425824] discarded [unknown]#68.[event 0](0 fd, 8 byte)
[16:16:49.425825] discarded [unknown]#68.[event 0](0 fd, 8 byte)
[16:16:49.425827] discarded [unknown]#70.[event 0](0 fd, 8 byte)
[16:16:49.425828] discarded [unknown]#70.[event 0](0 fd, 8 byte)
[16:16:49.425829] discarded [unknown]#72.[event 0](0 fd, 8 byte)
[16:16:49.425831] discarded [unknown]#72.[event 0](0 fd, 8 byte)
[16:16:49.425832] {Display Queue} wl_display#1.delete_id(64)
[16:16:49.425835] {Display Queue} wl_display#1.delete_id(100)
[16:16:49.425837] {Display Queue} wl_display#1.delete_id(116)
[16:16:49.425839] {Display Queue} wl_display#1.delete_id(122)
[16:16:49.425840] {Display Queue} wl_display#1.delete_id(66)
[16:16:49.425842] {Display Queue} wl_display#1.delete_id(68)
[16:16:49.425844] {Display Queue} wl_display#1.delete_id(70)
[16:16:49.425845] {Display Queue} wl_display#1.delete_id(72)
[16:16:49.425848] {mesa vk display queue}  -> wl_surface#42.attach(wl_buffer#119, 0, 0)
[16:16:49.425850] {mesa vk display queue}  -> wl_surface#42.damage_buffer(0, 0, 800, 600)
[16:16:49.425853] {mesa vk display queue}  -> wl_surface#42.commit()
[16:16:49.425872] {Default Queue} wl_callback#120.done(94875357)
[16:16:49.425877] {Default Queue} wp_fractional_scale_v1#69.preferred_scale(120)
[16:16:49.425879] {Default Queue} wl_keyboard#41.enter(4, wl_surface#71, array[0])
[16:16:49.425888] {Default Queue} wl_keyboard#41.modifiers(5, 0, 0, 0, 0)
[16:16:49.425900] {Default Queue} wl_data_device#33.selection(nil)
[16:16:49.425907] wl_surface#71.enter(wl_output#29)
[16:16:49.425922] wl_surface#71.preferred_buffer_scale(1)
[16:16:49.425924] wl_surface#71.preferred_buffer_transform(0)
[16:16:49.425926] xdg_toplevel#107.configure(758, 558, array[20])
[16:16:49.425929] xdg_surface#106.configure(3)
[16:16:49.425932]  -> xdg_surface#106.ack_configure(3)
[16:16:49.426080] {mesa present modes query}  -> wl_display#1.get_registry(new id wl_registry#120)
[16:16:49.426083] {mesa present modes query}  -> wl_display#1.sync(new id wl_callback#72)
[16:16:49.426231] {Display Queue} wl_display#1.delete_id(125)
[16:16:49.426233] {Display Queue} wl_display#1.delete_id(126)
[16:16:49.426258] {Display Queue} wl_display#1.delete_id(72)
[16:16:49.426268] {mesa present modes query} wl_registry#120.global(1, "wl_seat", 9)
[16:16:49.426270] {mesa present modes query} wl_registry#120.global(2, "wl_data_device_manager", 3)
[16:16:49.426272] {mesa present modes query} wl_registry#120.global(3, "wl_compositor", 6)
[16:16:49.426274] {mesa present modes query} wl_registry#120.global(4, "wl_subcompositor", 1)
[16:16:49.426276] {mesa present modes query} wl_registry#120.global(5, "wl_shm", 2)
[16:16:49.426277] {mesa present modes query} wl_registry#120.global(6, "wp_viewporter", 1)
[16:16:49.426279] {mesa present modes query} wl_registry#120.global(7, "wp_tearing_control_manager_v1", 1)
[16:16:49.426281] {mesa present modes query}  -> wl_registry#120.bind(7, "wp_tearing_control_manager_v1", 1, new id [unknown]#125)
[16:16:49.426284] {mesa present modes query} wl_registry#120.global(8, "wp_fractional_scale_manager_v1", 1)
[16:16:49.426286] {mesa present modes query} wl_registry#120.global(9, "zxdg_output_manager_v1", 3)
[16:16:49.426288] {mesa present modes query} wl_registry#120.global(10, "wp_cursor_shape_manager_v1", 2)
[16:16:49.426289] {mesa present modes query} wl_registry#120.global(11, "zwp_idle_inhibit_manager_v1", 1)
[16:16:49.426291] {mesa present modes query} wl_registry#120.global(12, "zwp_relative_pointer_manager_v1", 1)
[16:16:49.426293] {mesa present modes query} wl_registry#120.global(13, "zxdg_decoration_manager_v1", 2)
[16:16:49.426294] {mesa present modes query} wl_registry#120.global(14, "wp_alpha_modifier_v1", 1)
[16:16:49.426296] {mesa present modes query} wl_registry#120.global(15, "zwlr_gamma_control_manager_v1", 1)
[16:16:49.426301] {mesa present modes query} wl_registry#120.global(16, "ext_foreign_toplevel_list_v1", 1)
[16:16:49.426304] {mesa present modes query} wl_registry#120.global(17, "zwp_pointer_gestures_v1", 3)
[16:16:49.426305] {mesa present modes query} wl_registry#120.global(18, "zwlr_foreign_toplevel_manager_v1", 3)
[16:16:49.426307] {mesa present modes query} wl_registry#120.global(19, "zwp_keyboard_shortcuts_inhibit_manager_v1", 1)
[16:16:49.426309] {mesa present modes query} wl_registry#120.global(20, "zwp_text_input_manager_v1", 1)
[16:16:49.426310] {mesa present modes query} wl_registry#120.global(21, "zwp_text_input_manager_v3", 1)
[16:16:49.426312] {mesa present modes query} wl_registry#120.global(22, "zwp_pointer_constraints_v1", 1)
[16:16:49.426314] {mesa present modes query} wl_registry#120.global(23, "zwlr_output_power_manager_v1", 1)
[16:16:49.426316] {mesa present modes query} wl_registry#120.global(24, "xdg_activation_v1", 1)
[16:16:49.426317] {mesa present modes query} wl_registry#120.global(25, "ext_idle_notifier_v1", 2)
[16:16:49.426319] {mesa present modes query} wl_registry#120.global(26, "hyprland_lock_notifier_v1", 1)
[16:16:49.426320] {mesa present modes query} wl_registry#120.global(27, "ext_session_lock_manager_v1", 1)
[16:16:49.426322] {mesa present modes query} wl_registry#120.global(28, "zwp_input_method_manager_v2", 1)
[16:16:49.426324] {mesa present modes query} wl_registry#120.global(29, "zwp_virtual_keyboard_manager_v1", 1)
[16:16:49.426325] {mesa present modes query} wl_registry#120.global(30, "zwlr_virtual_pointer_manager_v1", 2)
[16:16:49.426327] {mesa present modes query} wl_registry#120.global(31, "zwlr_output_manager_v1", 4)
[16:16:49.426329] {mesa present modes query} wl_registry#120.global(32, "org_kde_kwin_server_decoration_manager", 1)
[16:16:49.426331] {mesa present modes query} wl_registry#120.global(33, "hyprland_focus_grab_manager_v1", 1)
[16:16:49.426332] {mesa present modes query} wl_registry#120.global(34, "zwp_tablet_manager_v2", 1)
[16:16:49.426334] {mesa present modes query} wl_registry#120.global(35, "zwlr_layer_shell_v1", 5)
[16:16:49.426336] {mesa present modes query} wl_registry#120.global(36, "wp_presentation", 2)
[16:16:49.426337] {mesa present modes query}  -> wl_registry#120.bind(36, "wp_presentation", 2, new id [unknown]#70)
[16:16:49.426339] {mesa present modes query} wl_registry#120.global(37, "xdg_wm_base", 7)
[16:16:49.426341] {mesa present modes query} wl_registry#120.global(38, "zwlr_data_control_manager_v1", 2)
[16:16:49.426343] {mesa present modes query} wl_registry#120.global(39, "zwp_primary_selection_device_manager_v1", 1)
[16:16:49.426345] {mesa present modes query} wl_registry#120.global(40, "xwayland_shell_v1", 1)
[16:16:49.426346] {mesa present modes query} wl_registry#120.global(41, "hyprland_toplevel_mapping_manager_v1", 1)
[16:16:49.426348] {mesa present modes query} wl_registry#120.global(42, "hyprland_global_shortcuts_manager_v1", 1)
[16:16:49.426350] {mesa present modes query} wl_registry#120.global(43, "xdg_wm_dialog_v1", 1)
[16:16:49.426351] {mesa present modes query} wl_registry#120.global(44, "wp_single_pixel_buffer_manager_v1", 1)
[16:16:49.426353] {mesa present modes query} wl_registry#120.global(45, "wp_security_context_manager_v1", 1)
[16:16:49.426355] {mesa present modes query} wl_registry#120.global(46, "hyprland_ctm_control_manager_v1", 2)
[16:16:49.426356] {mesa present modes query} wl_registry#120.global(47, "hyprland_input_capture_manager_v1", 1)
[16:16:49.426358] {mesa present modes query} wl_registry#120.global(48, "hyprland_surface_manager_v1", 2)
[16:16:49.426360] {mesa present modes query} wl_registry#120.global(49, "wp_content_type_manager_v1", 1)
[16:16:49.426361] {mesa present modes query} wl_registry#120.global(50, "xdg_toplevel_tag_manager_v1", 1)
[16:16:49.426363] {mesa present modes query} wl_registry#120.global(51, "xdg_system_bell_v1", 1)
[16:16:49.426365] {mesa present modes query} wl_registry#120.global(52, "vicinae_hotkey_manager_v1", 1)
[16:16:49.426368] {mesa present modes query} wl_registry#120.global(53, "ext_workspace_manager_v1", 1)
[16:16:49.426371] {mesa present modes query} wl_registry#120.global(54, "ext_data_control_manager_v1", 1)
[16:16:49.426372] {mesa present modes query} wl_registry#120.global(55, "wp_pointer_warp_v1", 1)
[16:16:49.426374] {mesa present modes query} wl_registry#120.global(56, "wp_fifo_manager_v1", 1)
[16:16:49.426376] {mesa present modes query}  -> wl_registry#120.bind(56, "wp_fifo_manager_v1", 1, new id [unknown]#68)
[16:16:49.426378] {mesa present modes query} wl_registry#120.global(57, "zxdg_exporter_v2", 1)
[16:16:49.426380] {mesa present modes query} wl_registry#120.global(58, "zxdg_importer_v2", 1)
[16:16:49.426381] {mesa present modes query} wl_registry#120.global(59, "ext_background_effect_manager_v1", 1)
[16:16:49.426383] {mesa present modes query} wl_registry#120.global(60, "wp_commit_timing_manager_v1", 1)
[16:16:49.426385] {mesa present modes query}  -> wl_registry#120.bind(60, "wp_commit_timing_manager_v1", 1, new id [unknown]#66)
[16:16:49.426388] {mesa present modes query} wl_registry#120.global(61, "zwlr_screencopy_manager_v1", 3)
[16:16:49.426389] {mesa present modes query} wl_registry#120.global(62, "hyprland_toplevel_export_manager_v1", 2)
[16:16:49.426391] {mesa present modes query} wl_registry#120.global(63, "ext_output_image_capture_source_manager_v1", 1)
[16:16:49.426393] {mesa present modes query} wl_registry#120.global(64, "ext_foreign_toplevel_image_capture_source_manager_v1", 1)
[16:16:49.426395] {mesa present modes query} wl_registry#120.global(65, "ext_image_copy_capture_manager_v1", 1)
[16:16:49.426397] {mesa present modes query} wl_registry#120.global(66, "wp_color_manager_v1", 3)
[16:16:49.426399] {mesa present modes query}  -> wl_registry#120.bind(66, "wp_color_manager_v1", 1, new id [unknown]#122)
[16:16:49.426401] {mesa present modes query} wl_registry#120.global(67, "wl_drm", 2)
[16:16:49.426403] {mesa present modes query} wl_registry#120.global(68, "zwp_linux_dmabuf_v1", 5)
[16:16:49.426405] {mesa present modes query}  -> wl_registry#120.bind(68, "zwp_linux_dmabuf_v1", 4, new id [unknown]#116)
[16:16:49.426407] {mesa present modes query} wl_registry#120.global(69, "wl_output", 4)
[16:16:49.426409] {mesa present modes query} wl_callback#72.done(11)
[16:16:49.426410] {mesa present modes query}  -> zwp_linux_dmabuf_v1#116.get_default_feedback(new id zwp_linux_dmabuf_feedback_v1#72)
[16:16:49.426413] {mesa present modes query}  -> wl_display#1.sync(new id wl_callback#100)
[16:16:49.426688] {Display Queue} wl_display#1.delete_id(100)
[16:16:49.426701] {mesa present modes query} wp_presentation#70.clock_id(1)
[16:16:49.426704] {mesa present modes query} wp_color_manager_v1#122.supported_feature(1)
[16:16:49.426706] {mesa present modes query} wp_color_manager_v1#122.supported_feature(2)
[16:16:49.426708] {mesa present modes query} wp_color_manager_v1#122.supported_feature(4)
[16:16:49.426709] {mesa present modes query} wp_color_manager_v1#122.supported_feature(7)
[16:16:49.426711] {mesa present modes query} wp_color_manager_v1#122.supported_feature(5)
[16:16:49.426713] {mesa present modes query} wp_color_manager_v1#122.supported_feature(6)
[16:16:49.426715] {mesa present modes query} wp_color_manager_v1#122.supported_primaries_named(1)
[16:16:49.426717] {mesa present modes query} wp_color_manager_v1#122.supported_primaries_named(6)
[16:16:49.426718] {mesa present modes query} wp_color_manager_v1#122.supported_primaries_named(2)
[16:16:49.426720] {mesa present modes query} wp_color_manager_v1#122.supported_primaries_named(3)
[16:16:49.426722] {mesa present modes query} wp_color_manager_v1#122.supported_primaries_named(4)
[16:16:49.426723] {mesa present modes query} wp_color_manager_v1#122.supported_primaries_named(5)
[16:16:49.426725] {mesa present modes query} wp_color_manager_v1#122.supported_primaries_named(8)
[16:16:49.426727] {mesa present modes query} wp_color_manager_v1#122.supported_primaries_named(9)
[16:16:49.426728] {mesa present modes query} wp_color_manager_v1#122.supported_primaries_named(10)
[16:16:49.426735] {mesa present modes query} wp_color_manager_v1#122.supported_primaries_named(7)
[16:16:49.426741] {mesa present modes query} wp_color_manager_v1#122.supported_tf_named(9)
[16:16:49.426743] {mesa present modes query} wp_color_manager_v1#122.supported_tf_named(10)
[16:16:49.426745] {mesa present modes query} wp_color_manager_v1#122.supported_tf_named(2)
[16:16:49.426747] {mesa present modes query} wp_color_manager_v1#122.supported_tf_named(3)
[16:16:49.426748] {mesa present modes query} wp_color_manager_v1#122.supported_tf_named(5)
[16:16:49.426750] {mesa present modes query} wp_color_manager_v1#122.supported_tf_named(11)
[16:16:49.426752] {mesa present modes query} wp_color_manager_v1#122.supported_tf_named(13)
[16:16:49.426754] {mesa present modes query} wp_color_manager_v1#122.supported_tf_named(1)
[16:16:49.426755] {mesa present modes query} wp_color_manager_v1#122.supported_tf_named(4)
[16:16:49.426757] {mesa present modes query} wp_color_manager_v1#122.supported_tf_named(6)
[16:16:49.426759] {mesa present modes query} wp_color_manager_v1#122.supported_tf_named(7)
[16:16:49.426761] {mesa present modes query} wp_color_manager_v1#122.supported_tf_named(8)
[16:16:49.426762] {mesa present modes query} wp_color_manager_v1#122.supported_tf_named(12)
[16:16:49.426764] {mesa present modes query} wp_color_manager_v1#122.supported_intent(0)
[16:16:49.426766] {mesa present modes query} wp_color_manager_v1#122.done()
[16:16:49.426768] {mesa present modes query} zwp_linux_dmabuf_feedback_v1#72.format_table(fd 17, 2960)
[16:16:49.426778] {mesa present modes query} zwp_linux_dmabuf_feedback_v1#72.main_device(array[8])
[16:16:49.426781] {mesa present modes query} zwp_linux_dmabuf_feedback_v1#72.tranche_target_device(array[8])
[16:16:49.426782] {mesa present modes query} zwp_linux_dmabuf_feedback_v1#72.tranche_flags(0)
[16:16:49.426784] {mesa present modes query} zwp_linux_dmabuf_feedback_v1#72.tranche_formats(array[370])
[16:16:49.426799] {mesa present modes query} zwp_linux_dmabuf_feedback_v1#72.tranche_done()
[16:16:49.426801] {mesa present modes query} zwp_linux_dmabuf_feedback_v1#72.done()
[16:16:49.426803] {mesa present modes query} wl_callback#100.done(11)
[16:16:49.426806] {mesa present modes query}  -> wl_display#1.sync(new id wl_callback#100)
[16:16:49.426823] {Display Queue} wl_display#1.delete_id(100)
[16:16:49.426825] {mesa present modes query} wl_callback#100.done(11)
[16:16:49.426828] {mesa present modes query}  -> zwp_linux_dmabuf_feedback_v1#72.destroy()
[16:16:49.426834] {mesa present modes query}  -> zwp_linux_dmabuf_v1#116.destroy()
[16:16:49.426836] {mesa present modes query}  -> wp_presentation#70.destroy()
[16:16:49.426838] {mesa present modes query}  -> wp_fifo_manager_v1#68.destroy()
[16:16:49.426839] {mesa present modes query}  -> wp_commit_timing_manager_v1#66.destroy()
[16:16:49.426841] {mesa present modes query}  -> wp_tearing_control_manager_v1#125.destroy()
[16:16:49.426842] {mesa present modes query}  -> wp_color_manager_v1#122.destroy()
[16:16:49.426846] {mesa present modes query}  -> wl_display#1.get_registry(new id wl_registry#100)
[16:16:49.426848] {mesa present modes query}  -> wl_display#1.sync(new id wl_callback#64)
[16:16:49.426884] {Display Queue} wl_display#1.delete_id(72)
[16:16:49.426886] {Display Queue} wl_display#1.delete_id(116)
[16:16:49.426887] {Display Queue} wl_display#1.delete_id(70)
[16:16:49.426889] {Display Queue} wl_display#1.delete_id(68)
[16:16:49.426890] {Display Queue} wl_display#1.delete_id(66)
[16:16:49.426892] {Display Queue} wl_display#1.delete_id(125)
[16:16:49.426893] {Display Queue} wl_display#1.delete_id(64)
[16:16:49.426895] {mesa present modes query} wl_registry#100.global(1, "wl_seat", 9)
[16:16:49.426897] {mesa present modes query} wl_registry#100.global(2, "wl_data_device_manager", 3)
[16:16:49.426899] {mesa present modes query} wl_registry#100.global(3, "wl_compositor", 6)
[16:16:49.426901] {mesa present modes query} wl_registry#100.global(4, "wl_subcompositor", 1)
[16:16:49.426902] {mesa present modes query} wl_registry#100.global(5, "wl_shm", 2)
[16:16:49.426906] {mesa present modes query} wl_registry#100.global(6, "wp_viewporter", 1)
[16:16:49.426909] {mesa present modes query} wl_registry#100.global(7, "wp_tearing_control_manager_v1", 1)
[16:16:49.426911] {mesa present modes query}  -> wl_registry#100.bind(7, "wp_tearing_control_manager_v1", 1, new id [unknown]#125)
[16:16:49.426915] {mesa present modes query} wl_registry#100.global(8, "wp_fractional_scale_manager_v1", 1)
[16:16:49.426916] {mesa present modes query} wl_registry#100.global(9, "zxdg_output_manager_v1", 3)
[16:16:49.426918] {mesa present modes query} wl_registry#100.global(10, "wp_cursor_shape_manager_v1", 2)
[16:16:49.426920] {mesa present modes query} wl_registry#100.global(11, "zwp_idle_inhibit_manager_v1", 1)
[16:16:49.426922] {mesa present modes query} wl_registry#100.global(12, "zwp_relative_pointer_manager_v1", 1)
[16:16:49.426923] {mesa present modes query} wl_registry#100.global(13, "zxdg_decoration_manager_v1", 2)
[16:16:49.426925] {mesa present modes query} wl_registry#100.global(14, "wp_alpha_modifier_v1", 1)
[16:16:49.426927] {mesa present modes query} wl_registry#100.global(15, "zwlr_gamma_control_manager_v1", 1)
[16:16:49.426928] {mesa present modes query} wl_registry#100.global(16, "ext_foreign_toplevel_list_v1", 1)
[16:16:49.426930] {mesa present modes query} wl_registry#100.global(17, "zwp_pointer_gestures_v1", 3)
[16:16:49.426932] {mesa present modes query} wl_registry#100.global(18, "zwlr_foreign_toplevel_manager_v1", 3)
[16:16:49.426933] {mesa present modes query} wl_registry#100.global(19, "zwp_keyboard_shortcuts_inhibit_manager_v1", 1)
[16:16:49.426935] {mesa present modes query} wl_registry#100.global(20, "zwp_text_input_manager_v1", 1)
[16:16:49.426937] {mesa present modes query} wl_registry#100.global(21, "zwp_text_input_manager_v3", 1)
[16:16:49.426938] {mesa present modes query} wl_registry#100.global(22, "zwp_pointer_constraints_v1", 1)
[16:16:49.426940] {mesa present modes query} wl_registry#100.global(23, "zwlr_output_power_manager_v1", 1)
[16:16:49.426942] {mesa present modes query} wl_registry#100.global(24, "xdg_activation_v1", 1)
[16:16:49.426943] {mesa present modes query} wl_registry#100.global(25, "ext_idle_notifier_v1", 2)
[16:16:49.426945] {mesa present modes query} wl_registry#100.global(26, "hyprland_lock_notifier_v1", 1)
[16:16:49.426947] {mesa present modes query} wl_registry#100.global(27, "ext_session_lock_manager_v1", 1)
[16:16:49.426948] {mesa present modes query} wl_registry#100.global(28, "zwp_input_method_manager_v2", 1)
[16:16:49.426950] {mesa present modes query} wl_registry#100.global(29, "zwp_virtual_keyboard_manager_v1", 1)
[16:16:49.426952] {mesa present modes query} wl_registry#100.global(30, "zwlr_virtual_pointer_manager_v1", 2)
[16:16:49.426953] {mesa present modes query} wl_registry#100.global(31, "zwlr_output_manager_v1", 4)
[16:16:49.426955] {mesa present modes query} wl_registry#100.global(32, "org_kde_kwin_server_decoration_manager", 1)
[16:16:49.426957] {mesa present modes query} wl_registry#100.global(33, "hyprland_focus_grab_manager_v1", 1)
[16:16:49.426958] {mesa present modes query} wl_registry#100.global(34, "zwp_tablet_manager_v2", 1)
[16:16:49.426960] {mesa present modes query} wl_registry#100.global(35, "zwlr_layer_shell_v1", 5)
[16:16:49.426962] {mesa present modes query} wl_registry#100.global(36, "wp_presentation", 2)
[16:16:49.426964] {mesa present modes query}  -> wl_registry#100.bind(36, "wp_presentation", 2, new id [unknown]#66)
[16:16:49.426966] {mesa present modes query} wl_registry#100.global(37, "xdg_wm_base", 7)
[16:16:49.426967] {mesa present modes query} wl_registry#100.global(38, "zwlr_data_control_manager_v1", 2)
[16:16:49.426969] {mesa present modes query} wl_registry#100.global(39, "zwp_primary_selection_device_manager_v1", 1)
[16:16:49.426971] {mesa present modes query} wl_registry#100.global(40, "xwayland_shell_v1", 1)
[16:16:49.426973] {mesa present modes query} wl_registry#100.global(41, "hyprland_toplevel_mapping_manager_v1", 1)
[16:16:49.426974] {mesa present modes query} wl_registry#100.global(42, "hyprland_global_shortcuts_manager_v1", 1)
[16:16:49.426977] {mesa present modes query} wl_registry#100.global(43, "xdg_wm_dialog_v1", 1)
[16:16:49.426980] {mesa present modes query} wl_registry#100.global(44, "wp_single_pixel_buffer_manager_v1", 1)
[16:16:49.426982] {mesa present modes query} wl_registry#100.global(45, "wp_security_context_manager_v1", 1)
[16:16:49.426983] {mesa present modes query} wl_registry#100.global(46, "hyprland_ctm_control_manager_v1", 2)
[16:16:49.426985] {mesa present modes query} wl_registry#100.global(47, "hyprland_input_capture_manager_v1", 1)
[16:16:49.426987] {mesa present modes query} wl_registry#100.global(48, "hyprland_surface_manager_v1", 2)
[16:16:49.426988] {mesa present modes query} wl_registry#100.global(49, "wp_content_type_manager_v1", 1)
[16:16:49.426990] {mesa present modes query} wl_registry#100.global(50, "xdg_toplevel_tag_manager_v1", 1)
[16:16:49.426992] {mesa present modes query} wl_registry#100.global(51, "xdg_system_bell_v1", 1)
[16:16:49.426993] {mesa present modes query} wl_registry#100.global(52, "vicinae_hotkey_manager_v1", 1)
[16:16:49.426995] {mesa present modes query} wl_registry#100.global(53, "ext_workspace_manager_v1", 1)
[16:16:49.426997] {mesa present modes query} wl_registry#100.global(54, "ext_data_control_manager_v1", 1)
[16:16:49.426998] {mesa present modes query} wl_registry#100.global(55, "wp_pointer_warp_v1", 1)
[16:16:49.427000] {mesa present modes query} wl_registry#100.global(56, "wp_fifo_manager_v1", 1)
[16:16:49.427002] {mesa present modes query}  -> wl_registry#100.bind(56, "wp_fifo_manager_v1", 1, new id [unknown]#68)
[16:16:49.427004] {mesa present modes query} wl_registry#100.global(57, "zxdg_exporter_v2", 1)
[16:16:49.427005] {mesa present modes query} wl_registry#100.global(58, "zxdg_importer_v2", 1)
[16:16:49.427007] {mesa present modes query} wl_registry#100.global(59, "ext_background_effect_manager_v1", 1)
[16:16:49.427009] {mesa present modes query} wl_registry#100.global(60, "wp_commit_timing_manager_v1", 1)
[16:16:49.427010] {mesa present modes query}  -> wl_registry#100.bind(60, "wp_commit_timing_manager_v1", 1, new id [unknown]#70)
[16:16:49.427013] {mesa present modes query} wl_registry#100.global(61, "zwlr_screencopy_manager_v1", 3)
[16:16:49.427015] {mesa present modes query} wl_registry#100.global(62, "hyprland_toplevel_export_manager_v1", 2)
[16:16:49.427017] {mesa present modes query} wl_registry#100.global(63, "ext_output_image_capture_source_manager_v1", 1)
[16:16:49.427018] {mesa present modes query} wl_registry#100.global(64, "ext_foreign_toplevel_image_capture_source_manager_v1", 1)
[16:16:49.427021] {mesa present modes query} wl_registry#100.global(65, "ext_image_copy_capture_manager_v1", 1)
[16:16:49.427023] {mesa present modes query} wl_registry#100.global(66, "wp_color_manager_v1", 3)
[16:16:49.427024] {mesa present modes query}  -> wl_registry#100.bind(66, "wp_color_manager_v1", 1, new id [unknown]#116)
[16:16:49.427026] {mesa present modes query} wl_registry#100.global(67, "wl_drm", 2)
[16:16:49.427028] {mesa present modes query} wl_registry#100.global(68, "zwp_linux_dmabuf_v1", 5)
[16:16:49.427030] {mesa present modes query}  -> wl_registry#100.bind(68, "zwp_linux_dmabuf_v1", 4, new id [unknown]#72)
[16:16:49.427032] {mesa present modes query} wl_registry#100.global(69, "wl_output", 4)
[16:16:49.427034] {mesa present modes query} wl_callback#64.done(11)
[16:16:49.427035] {mesa present modes query}  -> zwp_linux_dmabuf_v1#72.get_default_feedback(new id zwp_linux_dmabuf_feedback_v1#64)
[16:16:49.427039] {mesa present modes query}  -> wl_display#1.sync(new id wl_callback#128)
[16:16:49.427064] {Display Queue} wl_display#1.delete_id(128)
[16:16:49.427066] {mesa present modes query} wp_presentation#66.clock_id(1)
[16:16:49.427067] {mesa present modes query} wp_color_manager_v1#116.supported_feature(1)
[16:16:49.427069] {mesa present modes query} wp_color_manager_v1#116.supported_feature(2)
[16:16:49.427070] {mesa present modes query} wp_color_manager_v1#116.supported_feature(4)
[16:16:49.427072] {mesa present modes query} wp_color_manager_v1#116.supported_feature(7)
[16:16:49.427075] {mesa present modes query} wp_color_manager_v1#116.supported_feature(5)
[16:16:49.427077] {mesa present modes query} wp_color_manager_v1#116.supported_feature(6)
[16:16:49.427079] {mesa present modes query} wp_color_manager_v1#116.supported_primaries_named(1)
[16:16:49.427080] {mesa present modes query} wp_color_manager_v1#116.supported_primaries_named(6)
[16:16:49.427082] {mesa present modes query} wp_color_manager_v1#116.supported_primaries_named(2)
[16:16:49.427083] {mesa present modes query} wp_color_manager_v1#116.supported_primaries_named(3)
[16:16:49.427084] {mesa present modes query} wp_color_manager_v1#116.supported_primaries_named(4)
[16:16:49.427086] {mesa present modes query} wp_color_manager_v1#116.supported_primaries_named(5)
[16:16:49.427087] {mesa present modes query} wp_color_manager_v1#116.supported_primaries_named(8)
[16:16:49.427089] {mesa present modes query} wp_color_manager_v1#116.supported_primaries_named(9)
[16:16:49.427090] {mesa present modes query} wp_color_manager_v1#116.supported_primaries_named(10)
[16:16:49.427092] {mesa present modes query} wp_color_manager_v1#116.supported_primaries_named(7)
[16:16:49.427093] {mesa present modes query} wp_color_manager_v1#116.supported_tf_named(9)
[16:16:49.427095] {mesa present modes query} wp_color_manager_v1#116.supported_tf_named(10)
[16:16:49.427096] {mesa present modes query} wp_color_manager_v1#116.supported_tf_named(2)
[16:16:49.427098] {mesa present modes query} wp_color_manager_v1#116.supported_tf_named(3)
[16:16:49.427099] {mesa present modes query} wp_color_manager_v1#116.supported_tf_named(5)
[16:16:49.427101] {mesa present modes query} wp_color_manager_v1#116.supported_tf_named(11)
[16:16:49.427102] {mesa present modes query} wp_color_manager_v1#116.supported_tf_named(13)
[16:16:49.427104] {mesa present modes query} wp_color_manager_v1#116.supported_tf_named(1)
[16:16:49.427105] {mesa present modes query} wp_color_manager_v1#116.supported_tf_named(4)
[16:16:49.427107] {mesa present modes query} wp_color_manager_v1#116.supported_tf_named(6)
[16:16:49.427108] {mesa present modes query} wp_color_manager_v1#116.supported_tf_named(7)
[16:16:49.427110] {mesa present modes query} wp_color_manager_v1#116.supported_tf_named(8)
[16:16:49.427111] {mesa present modes query} wp_color_manager_v1#116.supported_tf_named(12)
[16:16:49.427112] {mesa present modes query} wp_color_manager_v1#116.supported_intent(0)
[16:16:49.427114] {mesa present modes query} wp_color_manager_v1#116.done()
[16:16:49.427115] {mesa present modes query} zwp_linux_dmabuf_feedback_v1#64.format_table(fd 17, 2960)
[16:16:49.427120] {mesa present modes query} zwp_linux_dmabuf_feedback_v1#64.main_device(array[8])
[16:16:49.427121] {mesa present modes query} zwp_linux_dmabuf_feedback_v1#64.tranche_target_device(array[8])
[16:16:49.427123] {mesa present modes query} zwp_linux_dmabuf_feedback_v1#64.tranche_flags(0)
[16:16:49.427124] {mesa present modes query} zwp_linux_dmabuf_feedback_v1#64.tranche_formats(array[370])
[16:16:49.427133] {mesa present modes query} zwp_linux_dmabuf_feedback_v1#64.tranche_done()
[16:16:49.427135] {mesa present modes query} zwp_linux_dmabuf_feedback_v1#64.done()
[16:16:49.427137] {mesa present modes query} wl_callback#128.done(11)
[16:16:49.427138] {mesa present modes query}  -> wl_display#1.sync(new id wl_callback#128)
[16:16:49.427151] {Display Queue} wl_display#1.delete_id(128)
[16:16:49.427152] {mesa present modes query} wl_callback#128.done(11)
[16:16:49.427154] {mesa present modes query}  -> zwp_linux_dmabuf_feedback_v1#64.destroy()
[16:16:49.427158] {mesa present modes query}  -> zwp_linux_dmabuf_v1#72.destroy()
[16:16:49.427160] {mesa present modes query}  -> wp_presentation#66.destroy()
[16:16:49.427162] {mesa present modes query}  -> wp_fifo_manager_v1#68.destroy()
[16:16:49.427163] {mesa present modes query}  -> wp_commit_timing_manager_v1#70.destroy()
[16:16:49.427165] {mesa present modes query}  -> wp_tearing_control_manager_v1#125.destroy()
[16:16:49.427166] {mesa present modes query}  -> wp_color_manager_v1#116.destroy()
[16:16:49.427171] {mesa vk display queue}  -> wp_fifo_v1#117.destroy()
[16:16:49.427173] {mesa vk display queue}  -> wp_commit_timer_v1#94.destroy()
[16:16:49.427175] {mesa vk display queue}  -> wl_display#1.sync(new id wl_callback#128)
[16:16:49.427191] {Display Queue} wl_display#1.delete_id(64)
[16:16:49.427193] {Display Queue} wl_display#1.delete_id(72)
[16:16:49.427195] {Display Queue} wl_display#1.delete_id(66)
[16:16:49.427196] {Display Queue} wl_display#1.delete_id(68)
[16:16:49.427198] {Display Queue} wl_display#1.delete_id(70)
[16:16:49.427199] {Display Queue} wl_display#1.delete_id(125)
[16:16:49.427201] {Display Queue} wl_display#1.delete_id(117)
[16:16:49.427202] {Display Queue} wl_display#1.delete_id(94)
[16:16:49.427204] {Display Queue} wl_display#1.delete_id(128)
[16:16:49.427205] {mesa vk display queue} wl_callback#128.done(11)
[16:16:49.427221] {mesa vk display queue}  -> wp_fifo_manager_v1#81.get_fifo(new id wp_fifo_v1#128, wl_surface#71)
[16:16:49.427223] {mesa vk display queue}  -> wp_commit_timing_manager_v1#80.get_timer(new id wp_commit_timer_v1#94, wl_surface#71)
[16:16:49.427243] {mesa vk display queue}  -> zwp_linux_dmabuf_v1#92.create_params(new id zwp_linux_buffer_params_v1#117)
[16:16:49.427245] {mesa vk display queue}  -> zwp_linux_buffer_params_v1#117.add(fd 21, 0, 0, 3072, 16777216, 15)
[16:16:49.427252] {mesa vk display queue}  -> zwp_linux_buffer_params_v1#117.add(fd 22, 1, 1769472, 384, 16777216, 15)
[16:16:49.427254] {mesa vk display queue}  -> zwp_linux_buffer_params_v1#117.add(fd 23, 2, 1777664, 64, 16777216, 15)
[16:16:49.427257] {mesa vk display queue}  -> zwp_linux_buffer_params_v1#117.create_immed(new id wl_buffer#125, 758, 558, 875713089, 0)
[16:16:49.427260] {mesa vk display queue}  -> zwp_linux_buffer_params_v1#117.destroy()
[16:16:49.427268] {mesa vk display queue}  -> zwp_linux_dmabuf_v1#92.create_params(new id zwp_linux_buffer_params_v1#70)
[16:16:49.427270] {mesa vk display queue}  -> zwp_linux_buffer_params_v1#70.add(fd 25, 0, 0, 3072, 16777216, 15)
[16:16:49.427273] {mesa vk display queue}  -> zwp_linux_buffer_params_v1#70.add(fd 28, 1, 1769472, 384, 16777216, 15)
[16:16:49.427275] {mesa vk display queue}  -> zwp_linux_buffer_params_v1#70.add(fd 29, 2, 1777664, 64, 16777216, 15)
[16:16:49.427277] {mesa vk display queue}  -> zwp_linux_buffer_params_v1#70.create_immed(new id wl_buffer#68, 758, 558, 875713089, 0)
[16:16:49.427279] {mesa vk display queue}  -> zwp_linux_buffer_params_v1#70.destroy()
[16:16:49.427287] {mesa vk display queue}  -> zwp_linux_dmabuf_v1#92.create_params(new id zwp_linux_buffer_params_v1#66)
[16:16:49.427289] {mesa vk display queue}  -> zwp_linux_buffer_params_v1#66.add(fd 31, 0, 0, 3072, 16777216, 15)
[16:16:49.427291] {mesa vk display queue}  -> zwp_linux_buffer_params_v1#66.add(fd 33, 1, 1769472, 384, 16777216, 15)
[16:16:49.427293] {mesa vk display queue}  -> zwp_linux_buffer_params_v1#66.add(fd 35, 2, 1777664, 64, 16777216, 15)
[16:16:49.427295] {mesa vk display queue}  -> zwp_linux_buffer_params_v1#66.create_immed(new id wl_buffer#72, 758, 558, 875713089, 0)
[16:16:49.427298] {mesa vk display queue}  -> zwp_linux_buffer_params_v1#66.destroy()
[16:16:49.427306] {mesa vk display queue}  -> zwp_linux_dmabuf_v1#92.create_params(new id zwp_linux_buffer_params_v1#64)
[16:16:49.427308] {mesa vk display queue}  -> zwp_linux_buffer_params_v1#64.add(fd 39, 0, 0, 3072, 16777216, 15)
[16:16:49.427310] {mesa vk display queue}  -> zwp_linux_buffer_params_v1#64.add(fd 40, 1, 1769472, 384, 16777216, 15)
[16:16:49.427312] {mesa vk display queue}  -> zwp_linux_buffer_params_v1#64.add(fd 41, 2, 1777664, 64, 16777216, 15)
[16:16:49.427314] {mesa vk display queue}  -> zwp_linux_buffer_params_v1#64.create_immed(new id wl_buffer#129, 758, 558, 875713089, 0)
[16:16:49.427316] {mesa vk display queue}  -> zwp_linux_buffer_params_v1#64.destroy()
[16:16:49.427367] {mesa vk display queue}  -> wl_buffer#109.destroy()
[16:16:49.427373] {mesa vk display queue}  -> wl_buffer#111.destroy()
[16:16:49.427378] {mesa vk display queue}  -> wl_buffer#97.destroy()
[16:16:49.427383] {mesa vk display queue}  -> wl_buffer#118.destroy()
[16:16:49.428565]  -> xdg_surface#106.set_window_geometry(0, 0, 758, 558)
[16:16:49.428571] {Default Queue}  -> wl_compositor#5.create_region(new id wl_region#130)
[16:16:49.428573] {Default Queue}  -> wl_region#130.add(0, 0, 758, 558)
[16:16:49.428575]  -> wl_surface#71.set_opaque_region(wl_region#130)
[16:16:49.428577] {Default Queue}  -> wl_region#130.destroy()
[16:16:49.428579] {Default Queue}  -> wp_viewport#67.set_destination(758, 558)
[16:16:49.428581]  -> wl_surface#71.frame(new id wl_callback#131)
[16:16:49.428583] {Default Queue}  -> wp_presentation#19.feedback(wl_surface#71, new id wp_presentation_feedback#132)
[16:16:49.428586]  -> wl_surface#71.offset(0, 0)
[16:16:49.428601] discarded [unknown]#109.[event 0](0 fd, 8 byte)
[16:16:49.428603] discarded [unknown]#111.[event 0](0 fd, 8 byte)
[16:16:49.428604] discarded [unknown]#111.[event 0](0 fd, 8 byte)
[16:16:49.428605] discarded [unknown]#97.[event 0](0 fd, 8 byte)
[16:16:49.428606] discarded [unknown]#97.[event 0](0 fd, 8 byte)
[16:16:49.428608] discarded [unknown]#118.[event 0](0 fd, 8 byte)
[16:16:49.428609] discarded [unknown]#118.[event 0](0 fd, 8 byte)
[16:16:49.428610] {Display Queue} wl_display#1.delete_id(117)
[16:16:49.428612] {Display Queue} wl_display#1.delete_id(70)
[16:16:49.428614] {Display Queue} wl_display#1.delete_id(66)
[16:16:49.428616] {Display Queue} wl_display#1.delete_id(64)
[16:16:49.428617] {Display Queue} wl_display#1.delete_id(111)
[16:16:49.428618] {Display Queue} wl_display#1.delete_id(97)
[16:16:49.428620] {Display Queue} wl_display#1.delete_id(118)
[16:16:49.428622] {mesa vk display queue}  -> wl_surface#71.attach(wl_buffer#125, 0, 0)
[16:16:49.428624] {mesa vk display queue}  -> wl_surface#71.damage_buffer(0, 0, 758, 558)
[16:16:49.428626] {mesa vk display queue}  -> wl_surface#71.commit()
[16:16:49.428643] {Default Queue} wl_callback#126.done(94875361)
[16:16:49.428647] {Default Queue} wp_fractional_scale_v1#43.preferred_scale(120)
[16:16:49.428649] {Default Queue} wl_keyboard#41.modifiers(8, 0, 0, 0, 0)
[16:16:49.428657] {Default Queue} wl_keyboard#41.leave(9, wl_surface#71)
[16:16:49.428661] {Default Queue} wl_keyboard#41.enter(10, wl_surface#42, array[0])
[16:16:49.428664] {Default Queue} wl_keyboard#41.modifiers(11, 0, 0, 0, 0)
[16:16:49.428668] {Default Queue} wl_data_device#33.selection(nil)
[16:16:49.428672] xdg_toplevel#107.configure(373, 558, array[16])
[16:16:49.428675] xdg_surface#106.configure(7)
[16:16:49.428701]  -> xdg_surface#106.ack_configure(7)
[16:16:49.428703] wl_surface#42.enter(wl_output#29)
[16:16:49.428710] wl_surface#42.preferred_buffer_scale(1)
[16:16:49.428712] wl_surface#42.preferred_buffer_transform(0)
[16:16:49.428713] xdg_toplevel#75.configure(373, 558, array[20])
[16:16:49.428715] xdg_surface#74.configure(6)
[16:16:49.428717]  -> xdg_surface#74.ack_configure(6)
[16:16:49.428789] {mesa present modes query}  -> wl_display#1.get_registry(new id wl_registry#126)
[16:16:49.428792] {mesa present modes query}  -> wl_display#1.sync(new id wl_callback#118)
[16:16:49.429003] discarded [unknown]#109.[event 0](0 fd, 8 byte)
[16:16:49.429011] discarded [unknown]#109.[event 0](0 fd, 8 byte)
[16:16:49.429024] {Display Queue} wl_display#1.delete_id(130)
[16:16:49.429029] {Display Queue} wl_display#1.delete_id(121)
[16:16:49.429031] {Display Queue} wl_display#1.delete_id(109)
[16:16:49.429033] {Display Queue} wl_display#1.delete_id(118)
[16:16:49.429034] {mesa present modes query} wl_registry#126.global(1, "wl_seat", 9)
[16:16:49.429038] {mesa present modes query} wl_registry#126.global(2, "wl_data_device_manager", 3)
[16:16:49.429040] {mesa present modes query} wl_registry#126.global(3, "wl_compositor", 6)
[16:16:49.429042] {mesa present modes query} wl_registry#126.global(4, "wl_subcompositor", 1)
[16:16:49.429044] {mesa present modes query} wl_registry#126.global(5, "wl_shm", 2)
[16:16:49.429046] {mesa present modes query} wl_registry#126.global(6, "wp_viewporter", 1)
[16:16:49.429048] {mesa present modes query} wl_registry#126.global(7, "wp_tearing_control_manager_v1", 1)
[16:16:49.429055] {mesa present modes query}  -> wl_registry#126.bind(7, "wp_tearing_control_manager_v1", 1, new id [unknown]#109)
[16:16:49.429064] {mesa present modes query} wl_registry#126.global(8, "wp_fractional_scale_manager_v1", 1)
[16:16:49.429066] {mesa present modes query} wl_registry#126.global(9, "zxdg_output_manager_v1", 3)
[16:16:49.429068] {mesa present modes query} wl_registry#126.global(10, "wp_cursor_shape_manager_v1", 2)
[16:16:49.429070] {mesa present modes query} wl_registry#126.global(11, "zwp_idle_inhibit_manager_v1", 1)
[16:16:49.429072] {mesa present modes query} wl_registry#126.global(12, "zwp_relative_pointer_manager_v1", 1)
[16:16:49.429074] {mesa present modes query} wl_registry#126.global(13, "zxdg_decoration_manager_v1", 2)
[16:16:49.429076] {mesa present modes query} wl_registry#126.global(14, "wp_alpha_modifier_v1", 1)
[16:16:49.429078] {mesa present modes query} wl_registry#126.global(15, "zwlr_gamma_control_manager_v1", 1)
[16:16:49.429080] {mesa present modes query} wl_registry#126.global(16, "ext_foreign_toplevel_list_v1", 1)
[16:16:49.429082] {mesa present modes query} wl_registry#126.global(17, "zwp_pointer_gestures_v1", 3)
[16:16:49.429084] {mesa present modes query} wl_registry#126.global(18, "zwlr_foreign_toplevel_manager_v1", 3)
[16:16:49.429086] {mesa present modes query} wl_registry#126.global(19, "zwp_keyboard_shortcuts_inhibit_manager_v1", 1)
[16:16:49.429088] {mesa present modes query} wl_registry#126.global(20, "zwp_text_input_manager_v1", 1)
[16:16:49.429090] {mesa present modes query} wl_registry#126.global(21, "zwp_text_input_manager_v3", 1)
[16:16:49.429092] {mesa present modes query} wl_registry#126.global(22, "zwp_pointer_constraints_v1", 1)
[16:16:49.429094] {mesa present modes query} wl_registry#126.global(23, "zwlr_output_power_manager_v1", 1)
[16:16:49.429096] {mesa present modes query} wl_registry#126.global(24, "xdg_activation_v1", 1)
[16:16:49.429098] {mesa present modes query} wl_registry#126.global(25, "ext_idle_notifier_v1", 2)
[16:16:49.429100] {mesa present modes query} wl_registry#126.global(26, "hyprland_lock_notifier_v1", 1)
[16:16:49.429101] {mesa present modes query} wl_registry#126.global(27, "ext_session_lock_manager_v1", 1)
[16:16:49.429103] {mesa present modes query} wl_registry#126.global(28, "zwp_input_method_manager_v2", 1)
[16:16:49.429105] {mesa present modes query} wl_registry#126.global(29, "zwp_virtual_keyboard_manager_v1", 1)
[16:16:49.429107] {mesa present modes query} wl_registry#126.global(30, "zwlr_virtual_pointer_manager_v1", 2)
[16:16:49.429109] {mesa present modes query} wl_registry#126.global(31, "zwlr_output_manager_v1", 4)
[16:16:49.429111] {mesa present modes query} wl_registry#126.global(32, "org_kde_kwin_server_decoration_manager", 1)
[16:16:49.429113] {mesa present modes query} wl_registry#126.global(33, "hyprland_focus_grab_manager_v1", 1)
[16:16:49.429115] {mesa present modes query} wl_registry#126.global(34, "zwp_tablet_manager_v2", 1)
[16:16:49.429117] {mesa present modes query} wl_registry#126.global(35, "zwlr_layer_shell_v1", 5)
[16:16:49.429119] {mesa present modes query} wl_registry#126.global(36, "wp_presentation", 2)
[16:16:49.429122] {mesa present modes query}  -> wl_registry#126.bind(36, "wp_presentation", 2, new id [unknown]#130)
[16:16:49.429124] {mesa present modes query} wl_registry#126.global(37, "xdg_wm_base", 7)
[16:16:49.429126] {mesa present modes query} wl_registry#126.global(38, "zwlr_data_control_manager_v1", 2)
[16:16:49.429128] {mesa present modes query} wl_registry#126.global(39, "zwp_primary_selection_device_manager_v1", 1)
[16:16:49.429130] {mesa present modes query} wl_registry#126.global(40, "xwayland_shell_v1", 1)
[16:16:49.429132] {mesa present modes query} wl_registry#126.global(41, "hyprland_toplevel_mapping_manager_v1", 1)
[16:16:49.429134] {mesa present modes query} wl_registry#126.global(42, "hyprland_global_shortcuts_manager_v1", 1)
[16:16:49.429136] {mesa present modes query} wl_registry#126.global(43, "xdg_wm_dialog_v1", 1)
[16:16:49.429139] {mesa present modes query} wl_registry#126.global(44, "wp_single_pixel_buffer_manager_v1", 1)
[16:16:49.429142] {mesa present modes query} wl_registry#126.global(45, "wp_security_context_manager_v1", 1)
[16:16:49.429144] {mesa present modes query} wl_registry#126.global(46, "hyprland_ctm_control_manager_v1", 2)
[16:16:49.429145] {mesa present modes query} wl_registry#126.global(47, "hyprland_input_capture_manager_v1", 1)
[16:16:49.429147] {mesa present modes query} wl_registry#126.global(48, "hyprland_surface_manager_v1", 2)
[16:16:49.429149] {mesa present modes query} wl_registry#126.global(49, "wp_content_type_manager_v1", 1)
[16:16:49.429150] {mesa present modes query} wl_registry#126.global(50, "xdg_toplevel_tag_manager_v1", 1)
[16:16:49.429152] {mesa present modes query} wl_registry#126.global(51, "xdg_system_bell_v1", 1)
[16:16:49.429154] {mesa present modes query} wl_registry#126.global(52, "vicinae_hotkey_manager_v1", 1)
[16:16:49.429155] {mesa present modes query} wl_registry#126.global(53, "ext_workspace_manager_v1", 1)
[16:16:49.429157] {mesa present modes query} wl_registry#126.global(54, "ext_data_control_manager_v1", 1)
[16:16:49.429159] {mesa present modes query} wl_registry#126.global(55, "wp_pointer_warp_v1", 1)
[16:16:49.429160] {mesa present modes query} wl_registry#126.global(56, "wp_fifo_manager_v1", 1)
[16:16:49.429162] {mesa present modes query}  -> wl_registry#126.bind(56, "wp_fifo_manager_v1", 1, new id [unknown]#97)
[16:16:49.429164] {mesa present modes query} wl_registry#126.global(57, "zxdg_exporter_v2", 1)
[16:16:49.429166] {mesa present modes query} wl_registry#126.global(58, "zxdg_importer_v2", 1)
[16:16:49.429167] {mesa present modes query} wl_registry#126.global(59, "ext_background_effect_manager_v1", 1)
[16:16:49.429169] {mesa present modes query} wl_registry#126.global(60, "wp_commit_timing_manager_v1", 1)
[16:16:49.429171] {mesa present modes query}  -> wl_registry#126.bind(60, "wp_commit_timing_manager_v1", 1, new id [unknown]#111)
[16:16:49.429174] {mesa present modes query} wl_registry#126.global(61, "zwlr_screencopy_manager_v1", 3)
[16:16:49.429175] {mesa present modes query} wl_registry#126.global(62, "hyprland_toplevel_export_manager_v1", 2)
[16:16:49.429177] {mesa present modes query} wl_registry#126.global(63, "ext_output_image_capture_source_manager_v1", 1)
[16:16:49.429179] {mesa present modes query} wl_registry#126.global(64, "ext_foreign_toplevel_image_capture_source_manager_v1", 1)
[16:16:49.429181] {mesa present modes query} wl_registry#126.global(65, "ext_image_copy_capture_manager_v1", 1)
[16:16:49.429183] {mesa present modes query} wl_registry#126.global(66, "wp_color_manager_v1", 3)
[16:16:49.429185] {mesa present modes query}  -> wl_registry#126.bind(66, "wp_color_manager_v1", 1, new id [unknown]#64)
[16:16:49.429187] {mesa present modes query} wl_registry#126.global(67, "wl_drm", 2)
[16:16:49.429189] {mesa present modes query} wl_registry#126.global(68, "zwp_linux_dmabuf_v1", 5)
[16:16:49.429190] {mesa present modes query}  -> wl_registry#126.bind(68, "zwp_linux_dmabuf_v1", 4, new id [unknown]#66)
[16:16:49.429192] {mesa present modes query} wl_registry#126.global(69, "wl_output", 4)
[16:16:49.429194] {mesa present modes query} wl_callback#118.done(11)
[16:16:49.429196] {mesa present modes query}  -> zwp_linux_dmabuf_v1#66.get_default_feedback(new id zwp_linux_dmabuf_feedback_v1#118)
[16:16:49.429199] {mesa present modes query}  -> wl_display#1.sync(new id wl_callback#70)
[16:16:49.429263] {Display Queue} wl_display#1.delete_id(70)
[16:16:49.429266] {mesa present modes query} wp_presentation#130.clock_id(1)
[16:16:49.429268] {mesa present modes query} wp_color_manager_v1#64.supported_feature(1)
[16:16:49.429270] {mesa present modes query} wp_color_manager_v1#64.supported_feature(2)
[16:16:49.429271] {mesa present modes query} wp_color_manager_v1#64.supported_feature(4)
[16:16:49.429273] {mesa present modes query} wp_color_manager_v1#64.supported_feature(7)
[16:16:49.429275] {mesa present modes query} wp_color_manager_v1#64.supported_feature(5)
[16:16:49.429280] {mesa present modes query} wp_color_manager_v1#64.supported_feature(6)
[16:16:49.429288] {mesa present modes query} wp_color_manager_v1#64.supported_primaries_named(1)
[16:16:49.429290] {mesa present modes query} wp_color_manager_v1#64.supported_primaries_named(6)
[16:16:49.429292] {mesa present modes query} wp_color_manager_v1#64.supported_primaries_named(2)
[16:16:49.429293] {mesa present modes query} wp_color_manager_v1#64.supported_primaries_named(3)
[16:16:49.429295] {mesa present modes query} wp_color_manager_v1#64.supported_primaries_named(4)
[16:16:49.429296] {mesa present modes query} wp_color_manager_v1#64.supported_primaries_named(5)
[16:16:49.429298] {mesa present modes query} wp_color_manager_v1#64.supported_primaries_named(8)
[16:16:49.429299] {mesa present modes query} wp_color_manager_v1#64.supported_primaries_named(9)
[16:16:49.429301] {mesa present modes query} wp_color_manager_v1#64.supported_primaries_named(10)
[16:16:49.429302] {mesa present modes query} wp_color_manager_v1#64.supported_primaries_named(7)
[16:16:49.429304] {mesa present modes query} wp_color_manager_v1#64.supported_tf_named(9)
[16:16:49.429305] {mesa present modes query} wp_color_manager_v1#64.supported_tf_named(10)
[16:16:49.429307] {mesa present modes query} wp_color_manager_v1#64.supported_tf_named(2)
[16:16:49.429308] {mesa present modes query} wp_color_manager_v1#64.supported_tf_named(3)
[16:16:49.429310] {mesa present modes query} wp_color_manager_v1#64.supported_tf_named(5)
[16:16:49.429311] {mesa present modes query} wp_color_manager_v1#64.supported_tf_named(11)
[16:16:49.429313] {mesa present modes query} wp_color_manager_v1#64.supported_tf_named(13)
[16:16:49.429314] {mesa present modes query} wp_color_manager_v1#64.supported_tf_named(1)
[16:16:49.429316] {mesa present modes query} wp_color_manager_v1#64.supported_tf_named(4)
[16:16:49.429317] {mesa present modes query} wp_color_manager_v1#64.supported_tf_named(6)
[16:16:49.429319] {mesa present modes query} wp_color_manager_v1#64.supported_tf_named(7)
[16:16:49.429320] {mesa present modes query} wp_color_manager_v1#64.supported_tf_named(8)
[16:16:49.429322] {mesa present modes query} wp_color_manager_v1#64.supported_tf_named(12)
[16:16:49.429323] {mesa present modes query} wp_color_manager_v1#64.supported_intent(0)
[16:16:49.429325] {mesa present modes query} wp_color_manager_v1#64.done()
[16:16:49.429326] {mesa present modes query} zwp_linux_dmabuf_feedback_v1#118.format_table(fd 16, 2960)
[16:16:49.429334] {mesa present modes query} zwp_linux_dmabuf_feedback_v1#118.main_device(array[8])
[16:16:49.429336] {mesa present modes query} zwp_linux_dmabuf_feedback_v1#118.tranche_target_device(array[8])
[16:16:49.429337] {mesa present modes query} zwp_linux_dmabuf_feedback_v1#118.tranche_flags(0)
[16:16:49.429339] {mesa present modes query} zwp_linux_dmabuf_feedback_v1#118.tranche_formats(array[370])
[16:16:49.429350] {mesa present modes query} zwp_linux_dmabuf_feedback_v1#118.tranche_done()
[16:16:49.429352] {mesa present modes query} zwp_linux_dmabuf_feedback_v1#118.done()
[16:16:49.429353] {mesa present modes query} wl_callback#70.done(11)
[16:16:49.429355] {mesa present modes query}  -> wl_display#1.sync(new id wl_callback#70)
[16:16:49.429379] {Display Queue} wl_display#1.delete_id(70)
[16:16:49.429381] {mesa present modes query} wl_callback#70.done(11)
[16:16:49.429384] {mesa present modes query}  -> zwp_linux_dmabuf_feedback_v1#118.destroy()
[16:16:49.429390] {mesa present modes query}  -> zwp_linux_dmabuf_v1#66.destroy()
[16:16:49.429392] {mesa present modes query}  -> wp_presentation#130.destroy()
[16:16:49.429394] {mesa present modes query}  -> wp_fifo_manager_v1#97.destroy()
[16:16:49.429395] {mesa present modes query}  -> wp_commit_timing_manager_v1#111.destroy()
[16:16:49.429397] {mesa present modes query}  -> wp_tearing_control_manager_v1#109.destroy()
[16:16:49.429398] {mesa present modes query}  -> wp_color_manager_v1#64.destroy()
[16:16:49.429401] {mesa present modes query}  -> wl_display#1.get_registry(new id wl_registry#70)
[16:16:49.429402] {mesa present modes query}  -> wl_display#1.sync(new id wl_callback#117)
[16:16:49.429451] {Display Queue} wl_display#1.delete_id(118)
[16:16:49.429454] {Display Queue} wl_display#1.delete_id(66)
[16:16:49.429455] {Display Queue} wl_display#1.delete_id(130)
[16:16:49.429457] {Display Queue} wl_display#1.delete_id(97)
[16:16:49.429458] {Display Queue} wl_display#1.delete_id(111)
[16:16:49.429460] {Display Queue} wl_display#1.delete_id(109)
[16:16:49.429461] {Display Queue} wl_display#1.delete_id(117)
[16:16:49.429463] {mesa present modes query} wl_registry#70.global(1, "wl_seat", 9)
[16:16:49.429465] {mesa present modes query} wl_registry#70.global(2, "wl_data_device_manager", 3)
[16:16:49.429466] {mesa present modes query} wl_registry#70.global(3, "wl_compositor", 6)
[16:16:49.429468] {mesa present modes query} wl_registry#70.global(4, "wl_subcompositor", 1)
[16:16:49.429470] {mesa present modes query} wl_registry#70.global(5, "wl_shm", 2)
[16:16:49.429472] {mesa present modes query} wl_registry#70.global(6, "wp_viewporter", 1)
[16:16:49.429473] {mesa present modes query} wl_registry#70.global(7, "wp_tearing_control_manager_v1", 1)
[16:16:49.429475] {mesa present modes query}  -> wl_registry#70.bind(7, "wp_tearing_control_manager_v1", 1, new id [unknown]#109)
[16:16:49.429478] {mesa present modes query} wl_registry#70.global(8, "wp_fractional_scale_manager_v1", 1)
[16:16:49.429480] {mesa present modes query} wl_registry#70.global(9, "zxdg_output_manager_v1", 3)
[16:16:49.429482] {mesa present modes query} wl_registry#70.global(10, "wp_cursor_shape_manager_v1", 2)
[16:16:49.429483] {mesa present modes query} wl_registry#70.global(11, "zwp_idle_inhibit_manager_v1", 1)
[16:16:49.429485] {mesa present modes query} wl_registry#70.global(12, "zwp_relative_pointer_manager_v1", 1)
[16:16:49.429487] {mesa present modes query} wl_registry#70.global(13, "zxdg_decoration_manager_v1", 2)
[16:16:49.429488] {mesa present modes query} wl_registry#70.global(14, "wp_alpha_modifier_v1", 1)
[16:16:49.429490] {mesa present modes query} wl_registry#70.global(15, "zwlr_gamma_control_manager_v1", 1)
[16:16:49.429492] {mesa present modes query} wl_registry#70.global(16, "ext_foreign_toplevel_list_v1", 1)
[16:16:49.429493] {mesa present modes query} wl_registry#70.global(17, "zwp_pointer_gestures_v1", 3)
[16:16:49.429495] {mesa present modes query} wl_registry#70.global(18, "zwlr_foreign_toplevel_manager_v1", 3)
[16:16:49.429497] {mesa present modes query} wl_registry#70.global(19, "zwp_keyboard_shortcuts_inhibit_manager_v1", 1)
[16:16:49.429498] {mesa present modes query} wl_registry#70.global(20, "zwp_text_input_manager_v1", 1)
[16:16:49.429500] {mesa present modes query} wl_registry#70.global(21, "zwp_text_input_manager_v3", 1)
[16:16:49.429502] {mesa present modes query} wl_registry#70.global(22, "zwp_pointer_constraints_v1", 1)
[16:16:49.429503] {mesa present modes query} wl_registry#70.global(23, "zwlr_output_power_manager_v1", 1)
[16:16:49.429505] {mesa present modes query} wl_registry#70.global(24, "xdg_activation_v1", 1)
[16:16:49.429507] {mesa present modes query} wl_registry#70.global(25, "ext_idle_notifier_v1", 2)
[16:16:49.429508] {mesa present modes query} wl_registry#70.global(26, "hyprland_lock_notifier_v1", 1)
[16:16:49.429510] {mesa present modes query} wl_registry#70.global(27, "ext_session_lock_manager_v1", 1)
[16:16:49.429512] {mesa present modes query} wl_registry#70.global(28, "zwp_input_method_manager_v2", 1)
[16:16:49.429513] {mesa present modes query} wl_registry#70.global(29, "zwp_virtual_keyboard_manager_v1", 1)
[16:16:49.429515] {mesa present modes query} wl_registry#70.global(30, "zwlr_virtual_pointer_manager_v1", 2)
[16:16:49.429517] {mesa present modes query} wl_registry#70.global(31, "zwlr_output_manager_v1", 4)
[16:16:49.429518] {mesa present modes query} wl_registry#70.global(32, "org_kde_kwin_server_decoration_manager", 1)
[16:16:49.429520] {mesa present modes query} wl_registry#70.global(33, "hyprland_focus_grab_manager_v1", 1)
[16:16:49.429522] {mesa present modes query} wl_registry#70.global(34, "zwp_tablet_manager_v2", 1)
[16:16:49.429525] {mesa present modes query} wl_registry#70.global(35, "zwlr_layer_shell_v1", 5)
[16:16:49.429527] {mesa present modes query} wl_registry#70.global(36, "wp_presentation", 2)
[16:16:49.429529] {mesa present modes query}  -> wl_registry#70.bind(36, "wp_presentation", 2, new id [unknown]#111)
[16:16:49.429531] {mesa present modes query} wl_registry#70.global(37, "xdg_wm_base", 7)
[16:16:49.429533] {mesa present modes query} wl_registry#70.global(38, "zwlr_data_control_manager_v1", 2)
[16:16:49.429535] {mesa present modes query} wl_registry#70.global(39, "zwp_primary_selection_device_manager_v1", 1)
[16:16:49.429536] {mesa present modes query} wl_registry#70.global(40, "xwayland_shell_v1", 1)
[16:16:49.429538] {mesa present modes query} wl_registry#70.global(41, "hyprland_toplevel_mapping_manager_v1", 1)
[16:16:49.429540] {mesa present modes query} wl_registry#70.global(42, "hyprland_global_shortcuts_manager_v1", 1)
[16:16:49.429542] {mesa present modes query} wl_registry#70.global(43, "xdg_wm_dialog_v1", 1)
[16:16:49.429543] {mesa present modes query} wl_registry#70.global(44, "wp_single_pixel_buffer_manager_v1", 1)
[16:16:49.429545] {mesa present modes query} wl_registry#70.global(45, "wp_security_context_manager_v1", 1)
[16:16:49.429547] {mesa present modes query} wl_registry#70.global(46, "hyprland_ctm_control_manager_v1", 2)
[16:16:49.429548] {mesa present modes query} wl_registry#70.global(47, "hyprland_input_capture_manager_v1", 1)
[16:16:49.429550] {mesa present modes query} wl_registry#70.global(48, "hyprland_surface_manager_v1", 2)
[16:16:49.429551] {mesa present modes query} wl_registry#70.global(49, "wp_content_type_manager_v1", 1)
[16:16:49.429553] {mesa present modes query} wl_registry#70.global(50, "xdg_toplevel_tag_manager_v1", 1)
[16:16:49.429555] {mesa present modes query} wl_registry#70.global(51, "xdg_system_bell_v1", 1)
[16:16:49.429556] {mesa present modes query} wl_registry#70.global(52, "vicinae_hotkey_manager_v1", 1)
[16:16:49.429558] {mesa present modes query} wl_registry#70.global(53, "ext_workspace_manager_v1", 1)
[16:16:49.429560] {mesa present modes query} wl_registry#70.global(54, "ext_data_control_manager_v1", 1)
[16:16:49.429561] {mesa present modes query} wl_registry#70.global(55, "wp_pointer_warp_v1", 1)
[16:16:49.429563] {mesa present modes query} wl_registry#70.global(56, "wp_fifo_manager_v1", 1)
[16:16:49.429565] {mesa present modes query}  -> wl_registry#70.bind(56, "wp_fifo_manager_v1", 1, new id [unknown]#97)
[16:16:49.429567] {mesa present modes query} wl_registry#70.global(57, "zxdg_exporter_v2", 1)
[16:16:49.429569] {mesa present modes query} wl_registry#70.global(58, "zxdg_importer_v2", 1)
[16:16:49.429570] {mesa present modes query} wl_registry#70.global(59, "ext_background_effect_manager_v1", 1)
[16:16:49.429572] {mesa present modes query} wl_registry#70.global(60, "wp_commit_timing_manager_v1", 1)
[16:16:49.429574] {mesa present modes query}  -> wl_registry#70.bind(60, "wp_commit_timing_manager_v1", 1, new id [unknown]#130)
[16:16:49.429576] {mesa present modes query} wl_registry#70.global(61, "zwlr_screencopy_manager_v1", 3)
[16:16:49.429578] {mesa present modes query} wl_registry#70.global(62, "hyprland_toplevel_export_manager_v1", 2)
[16:16:49.429580] {mesa present modes query} wl_registry#70.global(63, "ext_output_image_capture_source_manager_v1", 1)
[16:16:49.429582] {mesa present modes query} wl_registry#70.global(64, "ext_foreign_toplevel_image_capture_source_manager_v1", 1)
[16:16:49.429584] {mesa present modes query} wl_registry#70.global(65, "ext_image_copy_capture_manager_v1", 1)
[16:16:49.429586] {mesa present modes query} wl_registry#70.global(66, "wp_color_manager_v1", 3)
[16:16:49.429588] {mesa present modes query}  -> wl_registry#70.bind(66, "wp_color_manager_v1", 1, new id [unknown]#66)
[16:16:49.429590] {mesa present modes query} wl_registry#70.global(67, "wl_drm", 2)
[16:16:49.429591] {mesa present modes query} wl_registry#70.global(68, "zwp_linux_dmabuf_v1", 5)
[16:16:49.429593] {mesa present modes query}  -> wl_registry#70.bind(68, "zwp_linux_dmabuf_v1", 4, new id [unknown]#118)
[16:16:49.429596] {mesa present modes query} wl_registry#70.global(69, "wl_output", 4)
[16:16:49.429599] {mesa present modes query} wl_callback#117.done(11)
[16:16:49.429601] {mesa present modes query}  -> zwp_linux_dmabuf_v1#118.get_default_feedback(new id zwp_linux_dmabuf_feedback_v1#117)
[16:16:49.429604] {mesa present modes query}  -> wl_display#1.sync(new id wl_callback#133)
[16:16:49.429635] {Display Queue} wl_display#1.delete_id(133)
[16:16:49.429637] {mesa present modes query} wp_presentation#111.clock_id(1)
[16:16:49.429638] {mesa present modes query} wp_color_manager_v1#66.supported_feature(1)
[16:16:49.429640] {mesa present modes query} wp_color_manager_v1#66.supported_feature(2)
[16:16:49.429642] {mesa present modes query} wp_color_manager_v1#66.supported_feature(4)
[16:16:49.429643] {mesa present modes query} wp_color_manager_v1#66.supported_feature(7)
[16:16:49.429645] {mesa present modes query} wp_color_manager_v1#66.supported_feature(5)
[16:16:49.429646] {mesa present modes query} wp_color_manager_v1#66.supported_feature(6)
[16:16:49.429647] {mesa present modes query} wp_color_manager_v1#66.supported_primaries_named(1)
[16:16:49.429649] {mesa present modes query} wp_color_manager_v1#66.supported_primaries_named(6)
[16:16:49.429650] {mesa present modes query} wp_color_manager_v1#66.supported_primaries_named(2)
[16:16:49.429652] {mesa present modes query} wp_color_manager_v1#66.supported_primaries_named(3)
[16:16:49.429653] {mesa present modes query} wp_color_manager_v1#66.supported_primaries_named(4)
[16:16:49.429655] {mesa present modes query} wp_color_manager_v1#66.supported_primaries_named(5)
[16:16:49.429656] {mesa present modes query} wp_color_manager_v1#66.supported_primaries_named(8)
[16:16:49.429658] {mesa present modes query} wp_color_manager_v1#66.supported_primaries_named(9)
[16:16:49.429659] {mesa present modes query} wp_color_manager_v1#66.supported_primaries_named(10)
[16:16:49.429661] {mesa present modes query} wp_color_manager_v1#66.supported_primaries_named(7)
[16:16:49.429662] {mesa present modes query} wp_color_manager_v1#66.supported_tf_named(9)
[16:16:49.429664] {mesa present modes query} wp_color_manager_v1#66.supported_tf_named(10)
[16:16:49.429665] {mesa present modes query} wp_color_manager_v1#66.supported_tf_named(2)
[16:16:49.429666] {mesa present modes query} wp_color_manager_v1#66.supported_tf_named(3)
[16:16:49.429668] {mesa present modes query} wp_color_manager_v1#66.supported_tf_named(5)
[16:16:49.429669] {mesa present modes query} wp_color_manager_v1#66.supported_tf_named(11)
[16:16:49.429671] {mesa present modes query} wp_color_manager_v1#66.supported_tf_named(13)
[16:16:49.429672] {mesa present modes query} wp_color_manager_v1#66.supported_tf_named(1)
[16:16:49.429674] {mesa present modes query} wp_color_manager_v1#66.supported_tf_named(4)
[16:16:49.429675] {mesa present modes query} wp_color_manager_v1#66.supported_tf_named(6)
[16:16:49.429677] {mesa present modes query} wp_color_manager_v1#66.supported_tf_named(7)
[16:16:49.429678] {mesa present modes query} wp_color_manager_v1#66.supported_tf_named(8)
[16:16:49.429680] {mesa present modes query} wp_color_manager_v1#66.supported_tf_named(12)
[16:16:49.429681] {mesa present modes query} wp_color_manager_v1#66.supported_intent(0)
[16:16:49.429683] {mesa present modes query} wp_color_manager_v1#66.done()
[16:16:49.429684] {mesa present modes query} zwp_linux_dmabuf_feedback_v1#117.format_table(fd 16, 2960)
[16:16:49.429688] {mesa present modes query} zwp_linux_dmabuf_feedback_v1#117.main_device(array[8])
[16:16:49.429689] {mesa present modes query} zwp_linux_dmabuf_feedback_v1#117.tranche_target_device(array[8])
[16:16:49.429691] {mesa present modes query} zwp_linux_dmabuf_feedback_v1#117.tranche_flags(0)
[16:16:49.429692] {mesa present modes query} zwp_linux_dmabuf_feedback_v1#117.tranche_formats(array[370])
[16:16:49.429700] {mesa present modes query} zwp_linux_dmabuf_feedback_v1#117.tranche_done()
[16:16:49.429701] {mesa present modes query} zwp_linux_dmabuf_feedback_v1#117.done()
[16:16:49.429705] {mesa present modes query} wl_callback#133.done(11)
[16:16:49.429707] {mesa present modes query}  -> wl_display#1.sync(new id wl_callback#133)
[16:16:49.429724] {Display Queue} wl_display#1.delete_id(133)
[16:16:49.429726] {mesa present modes query} wl_callback#133.done(11)
[16:16:49.429728] {mesa present modes query}  -> zwp_linux_dmabuf_feedback_v1#117.destroy()
[16:16:49.429732] {mesa present modes query}  -> zwp_linux_dmabuf_v1#118.destroy()
[16:16:49.429733] {mesa present modes query}  -> wp_presentation#111.destroy()
[16:16:49.429735] {mesa present modes query}  -> wp_fifo_manager_v1#97.destroy()
[16:16:49.429737] {mesa present modes query}  -> wp_commit_timing_manager_v1#130.destroy()
[16:16:49.429738] {mesa present modes query}  -> wp_tearing_control_manager_v1#109.destroy()
[16:16:49.429739] {mesa present modes query}  -> wp_color_manager_v1#66.destroy()
[16:16:49.429742] {mesa vk display queue}  -> wp_fifo_v1#123.destroy()
[16:16:49.429744] {mesa vk display queue}  -> wp_commit_timer_v1#62.destroy()
[16:16:49.429745] {mesa vk display queue}  -> wl_display#1.sync(new id wl_callback#133)
[16:16:49.429767] {Display Queue} wl_display#1.delete_id(117)
[16:16:49.429769] {Display Queue} wl_display#1.delete_id(118)
[16:16:49.429770] {Display Queue} wl_display#1.delete_id(111)
[16:16:49.429772] {Display Queue} wl_display#1.delete_id(97)
[16:16:49.429773] {Display Queue} wl_display#1.delete_id(130)
[16:16:49.429775] {Display Queue} wl_display#1.delete_id(109)
[16:16:49.429776] {Display Queue} wl_display#1.delete_id(123)
[16:16:49.429778] {Display Queue} wl_display#1.delete_id(62)
[16:16:49.429779] {Display Queue} wl_display#1.delete_id(133)
[16:16:49.429781] {mesa vk display queue} wl_callback#133.done(11)
[16:16:49.429793] {mesa vk display queue}  -> wp_fifo_manager_v1#49.get_fifo(new id wp_fifo_v1#133, wl_surface#42)
[16:16:49.429795] {mesa vk display queue}  -> wp_commit_timing_manager_v1#48.get_timer(new id wp_commit_timer_v1#62, wl_surface#42)
[16:16:49.429811] {mesa vk display queue}  -> zwp_linux_dmabuf_v1#60.create_params(new id zwp_linux_buffer_params_v1#123)
[16:16:49.429813] {mesa vk display queue}  -> zwp_linux_buffer_params_v1#123.add(fd 21, 0, 0, 1536, 16777216, 15)
[16:16:49.429815] {mesa vk display queue}  -> zwp_linux_buffer_params_v1#123.add(fd 22, 1, 884736, 192, 16777216, 15)
[16:16:49.429818] {mesa vk display queue}  -> zwp_linux_buffer_params_v1#123.add(fd 23, 2, 888832, 64, 16777216, 15)
[16:16:49.429820] {mesa vk display queue}  -> zwp_linux_buffer_params_v1#123.create_immed(new id wl_buffer#109, 373, 558, 875713089, 0)
[16:16:49.429822] {mesa vk display queue}  -> zwp_linux_buffer_params_v1#123.destroy()
[16:16:49.429830] {mesa vk display queue}  -> zwp_linux_dmabuf_v1#60.create_params(new id zwp_linux_buffer_params_v1#130)
[16:16:49.429832] {mesa vk display queue}  -> zwp_linux_buffer_params_v1#130.add(fd 27, 0, 0, 1536, 16777216, 15)
[16:16:49.429835] {mesa vk display queue}  -> zwp_linux_buffer_params_v1#130.add(fd 28, 1, 884736, 192, 16777216, 15)
[16:16:49.429837] {mesa vk display queue}  -> zwp_linux_buffer_params_v1#130.add(fd 29, 2, 888832, 64, 16777216, 15)
[16:16:49.429839] {mesa vk display queue}  -> zwp_linux_buffer_params_v1#130.create_immed(new id wl_buffer#97, 373, 558, 875713089, 0)
[16:16:49.429841] {mesa vk display queue}  -> zwp_linux_buffer_params_v1#130.destroy()
[16:16:49.429848] {mesa vk display queue}  -> zwp_linux_dmabuf_v1#60.create_params(new id zwp_linux_buffer_params_v1#111)
[16:16:49.429850] {mesa vk display queue}  -> zwp_linux_buffer_params_v1#111.add(fd 33, 0, 0, 1536, 16777216, 15)
[16:16:49.429852] {mesa vk display queue}  -> zwp_linux_buffer_params_v1#111.add(fd 34, 1, 884736, 192, 16777216, 15)
[16:16:49.429854] {mesa vk display queue}  -> zwp_linux_buffer_params_v1#111.add(fd 35, 2, 888832, 64, 16777216, 15)
[16:16:49.429856] {mesa vk display queue}  -> zwp_linux_buffer_params_v1#111.create_immed(new id wl_buffer#118, 373, 558, 875713089, 0)
[16:16:49.429858] {mesa vk display queue}  -> zwp_linux_buffer_params_v1#111.destroy()
[16:16:49.429867] {mesa vk display queue}  -> zwp_linux_dmabuf_v1#60.create_params(new id zwp_linux_buffer_params_v1#117)
[16:16:49.429870] {mesa vk display queue}  -> zwp_linux_buffer_params_v1#117.add(fd 39, 0, 0, 1536, 16777216, 15)
[16:16:49.429872] {mesa vk display queue}  -> zwp_linux_buffer_params_v1#117.add(fd 40, 1, 884736, 192, 16777216, 15)
[16:16:49.429874] {mesa vk display queue}  -> zwp_linux_buffer_params_v1#117.add(fd 41, 2, 888832, 64, 16777216, 15)
[16:16:49.429876] {mesa vk display queue}  -> zwp_linux_buffer_params_v1#117.create_immed(new id wl_buffer#134, 373, 558, 875713089, 0)
[16:16:49.429878] {mesa vk display queue}  -> zwp_linux_buffer_params_v1#117.destroy()
[16:16:49.429910] {mesa vk display queue}  -> wl_buffer#119.destroy()
[16:16:49.429915] {mesa vk display queue}  -> wl_buffer#98.destroy()
[16:16:49.429918] {mesa vk display queue}  -> wl_buffer#102.destroy()
[16:16:49.429921] {mesa vk display queue}  -> wl_buffer#124.destroy()
[16:16:49.430598]  -> xdg_surface#74.set_window_geometry(0, 0, 373, 558)
[16:16:49.430606] {Default Queue}  -> wl_compositor#5.create_region(new id wl_region#135)
[16:16:49.430608] {Default Queue}  -> wl_region#135.add(0, 0, 373, 558)
[16:16:49.430610]  -> wl_surface#42.set_opaque_region(wl_region#135)
[16:16:49.430612] {Default Queue}  -> wl_region#135.destroy()
[16:16:49.430614] {Default Queue}  -> wp_viewport#44.set_destination(373, 558)
[16:16:49.430616]  -> wl_surface#42.frame(new id wl_callback#136)
[16:16:49.430618] {Default Queue}  -> wp_presentation#19.feedback(wl_surface#42, new id wp_presentation_feedback#137)
[16:16:49.430621]  -> wl_surface#42.offset(0, 0)
[16:16:49.430637] discarded [unknown]#119.[event 0](0 fd, 8 byte)
[16:16:49.430639] discarded [unknown]#98.[event 0](0 fd, 8 byte)
[16:16:49.430640] discarded [unknown]#98.[event 0](0 fd, 8 byte)
[16:16:49.430642] discarded [unknown]#102.[event 0](0 fd, 8 byte)
[16:16:49.430643] discarded [unknown]#102.[event 0](0 fd, 8 byte)
[16:16:49.430644] discarded [unknown]#124.[event 0](0 fd, 8 byte)
[16:16:49.430645] discarded [unknown]#124.[event 0](0 fd, 8 byte)
[16:16:49.430647] {Display Queue} wl_display#1.delete_id(123)
[16:16:49.430649] {Display Queue} wl_display#1.delete_id(130)
[16:16:49.430651] {Display Queue} wl_display#1.delete_id(111)
[16:16:49.430653] {Display Queue} wl_display#1.delete_id(117)
[16:16:49.430655] {Display Queue} wl_display#1.delete_id(98)
[16:16:49.430656] {Display Queue} wl_display#1.delete_id(102)
[16:16:49.430658] {Display Queue} wl_display#1.delete_id(124)
[16:16:49.430660] {mesa vk display queue}  -> wl_surface#42.attach(wl_buffer#109, 0, 0)
[16:16:49.430663] {mesa vk display queue}  -> wl_surface#42.damage_buffer(0, 0, 373, 558)
[16:16:49.430665] {mesa vk display queue}  -> wl_surface#42.commit()
[16:16:49.430683] {Default Queue} wp_presentation_feedback#121.discarded()
[16:16:49.430810] discarded [unknown]#119.[event 0](0 fd, 8 byte)
[16:16:49.430811] discarded [unknown]#119.[event 0](0 fd, 8 byte)
[16:16:49.430813] {Display Queue} wl_display#1.delete_id(135)
[16:16:49.430815] {Display Queue} wl_display#1.delete_id(127)
[16:16:49.430816] {Display Queue} wl_display#1.delete_id(119)
[16:16:49.430818] {Default Queue} wp_presentation_feedback#127.discarded()
[16:16:49.548629] {Display Queue} wl_display#1.delete_id(131)
[16:16:49.548659] {Display Queue} wl_display#1.delete_id(136)
[16:16:49.548664] {Default Queue} wl_callback#131.done(94875368)
[16:16:49.548682] {Default Queue} wl_callback#136.done(94875368)
[16:16:49.548857] {mesa present modes query}  -> wl_display#1.get_registry(new id wl_registry#136)
[16:16:49.548862] {mesa present modes query}  -> wl_display#1.sync(new id wl_callback#131)
[16:16:49.548916] {Display Queue} wl_display#1.delete_id(131)
[16:16:49.548920] {mesa present modes query} wl_registry#136.global(1, "wl_seat", 9)
[16:16:49.548925] {mesa present modes query} wl_registry#136.global(2, "wl_data_device_manager", 3)
[16:16:49.548927] {mesa present modes query} wl_registry#136.global(3, "wl_compositor", 6)
[16:16:49.548929] {mesa present modes query} wl_registry#136.global(4, "wl_subcompositor", 1)
[16:16:49.548937] {mesa present modes query} wl_registry#136.global(5, "wl_shm", 2)
[16:16:49.548943] {mesa present modes query} wl_registry#136.global(6, "wp_viewporter", 1)
[16:16:49.548945] {mesa present modes query} wl_registry#136.global(7, "wp_tearing_control_manager_v1", 1)
[16:16:49.548947] {mesa present modes query}  -> wl_registry#136.bind(7, "wp_tearing_control_manager_v1", 1, new id [unknown]#127)
[16:16:49.548950] {mesa present modes query} wl_registry#136.global(8, "wp_fractional_scale_manager_v1", 1)
[16:16:49.548952] {mesa present modes query} wl_registry#136.global(9, "zxdg_output_manager_v1", 3)
[16:16:49.548954] {mesa present modes query} wl_registry#136.global(10, "wp_cursor_shape_manager_v1", 2)
[16:16:49.548956] {mesa present modes query} wl_registry#136.global(11, "zwp_idle_inhibit_manager_v1", 1)
[16:16:49.548957] {mesa present modes query} wl_registry#136.global(12, "zwp_relative_pointer_manager_v1", 1)
[16:16:49.548959] {mesa present modes query} wl_registry#136.global(13, "zxdg_decoration_manager_v1", 2)
[16:16:49.548961] {mesa present modes query} wl_registry#136.global(14, "wp_alpha_modifier_v1", 1)
[16:16:49.548962] {mesa present modes query} wl_registry#136.global(15, "zwlr_gamma_control_manager_v1", 1)
[16:16:49.548964] {mesa present modes query} wl_registry#136.global(16, "ext_foreign_toplevel_list_v1", 1)
[16:16:49.548965] {mesa present modes query} wl_registry#136.global(17, "zwp_pointer_gestures_v1", 3)
[16:16:49.548967] {mesa present modes query} wl_registry#136.global(18, "zwlr_foreign_toplevel_manager_v1", 3)
[16:16:49.548969] {mesa present modes query} wl_registry#136.global(19, "zwp_keyboard_shortcuts_inhibit_manager_v1", 1)
[16:16:49.548971] {mesa present modes query} wl_registry#136.global(20, "zwp_text_input_manager_v1", 1)
[16:16:49.548972] {mesa present modes query} wl_registry#136.global(21, "zwp_text_input_manager_v3", 1)
[16:16:49.548974] {mesa present modes query} wl_registry#136.global(22, "zwp_pointer_constraints_v1", 1)
[16:16:49.548976] {mesa present modes query} wl_registry#136.global(23, "zwlr_output_power_manager_v1", 1)
[16:16:49.548977] {mesa present modes query} wl_registry#136.global(24, "xdg_activation_v1", 1)
[16:16:49.548979] {mesa present modes query} wl_registry#136.global(25, "ext_idle_notifier_v1", 2)
[16:16:49.548981] {mesa present modes query} wl_registry#136.global(26, "hyprland_lock_notifier_v1", 1)
[16:16:49.548983] {mesa present modes query} wl_registry#136.global(27, "ext_session_lock_manager_v1", 1)
[16:16:49.548984] {mesa present modes query} wl_registry#136.global(28, "zwp_input_method_manager_v2", 1)
[16:16:49.548986] {mesa present modes query} wl_registry#136.global(29, "zwp_virtual_keyboard_manager_v1", 1)
[16:16:49.548988] {mesa present modes query} wl_registry#136.global(30, "zwlr_virtual_pointer_manager_v1", 2)
[16:16:49.548989] {mesa present modes query} wl_registry#136.global(31, "zwlr_output_manager_v1", 4)
[16:16:49.548991] {mesa present modes query} wl_registry#136.global(32, "org_kde_kwin_server_decoration_manager", 1)
[16:16:49.548993] {mesa present modes query} wl_registry#136.global(33, "hyprland_focus_grab_manager_v1", 1)
[16:16:49.548994] {mesa present modes query} wl_registry#136.global(34, "zwp_tablet_manager_v2", 1)
[16:16:49.548996] {mesa present modes query} wl_registry#136.global(35, "zwlr_layer_shell_v1", 5)
[16:16:49.548997] {mesa present modes query} wl_registry#136.global(36, "wp_presentation", 2)
[16:16:49.548999] {mesa present modes query}  -> wl_registry#136.bind(36, "wp_presentation", 2, new id [unknown]#119)
[16:16:49.549001] {mesa present modes query} wl_registry#136.global(37, "xdg_wm_base", 7)
[16:16:49.549003] {mesa present modes query} wl_registry#136.global(38, "zwlr_data_control_manager_v1", 2)
[16:16:49.549004] {mesa present modes query} wl_registry#136.global(39, "zwp_primary_selection_device_manager_v1", 1)
[16:16:49.549006] {mesa present modes query} wl_registry#136.global(40, "xwayland_shell_v1", 1)
[16:16:49.549008] {mesa present modes query} wl_registry#136.global(41, "hyprland_toplevel_mapping_manager_v1", 1)
[16:16:49.549011] {mesa present modes query} wl_registry#136.global(42, "hyprland_global_shortcuts_manager_v1", 1)
[16:16:49.549014] {mesa present modes query} wl_registry#136.global(43, "xdg_wm_dialog_v1", 1)
[16:16:49.549016] {mesa present modes query} wl_registry#136.global(44, "wp_single_pixel_buffer_manager_v1", 1)
[16:16:49.549018] {mesa present modes query} wl_registry#136.global(45, "wp_security_context_manager_v1", 1)
[16:16:49.549019] {mesa present modes query} wl_registry#136.global(46, "hyprland_ctm_control_manager_v1", 2)
[16:16:49.549021] {mesa present modes query} wl_registry#136.global(47, "hyprland_input_capture_manager_v1", 1)
[16:16:49.549023] {mesa present modes query} wl_registry#136.global(48, "hyprland_surface_manager_v1", 2)
[16:16:49.549025] {mesa present modes query} wl_registry#136.global(49, "wp_content_type_manager_v1", 1)
[16:16:49.549026] {mesa present modes query} wl_registry#136.global(50, "xdg_toplevel_tag_manager_v1", 1)
[16:16:49.549028] {mesa present modes query} wl_registry#136.global(51, "xdg_system_bell_v1", 1)
[16:16:49.549030] {mesa present modes query} wl_registry#136.global(52, "vicinae_hotkey_manager_v1", 1)
[16:16:49.549031] {mesa present modes query} wl_registry#136.global(53, "ext_workspace_manager_v1", 1)
[16:16:49.549033] {mesa present modes query} wl_registry#136.global(54, "ext_data_control_manager_v1", 1)
[16:16:49.549035] {mesa present modes query} wl_registry#136.global(55, "wp_pointer_warp_v1", 1)
[16:16:49.549036] {mesa present modes query} wl_registry#136.global(56, "wp_fifo_manager_v1", 1)
[16:16:49.549038] {mesa present modes query}  -> wl_registry#136.bind(56, "wp_fifo_manager_v1", 1, new id [unknown]#135)
[16:16:49.549040] {mesa present modes query} wl_registry#136.global(57, "zxdg_exporter_v2", 1)
[16:16:49.549042] {mesa present modes query} wl_registry#136.global(58, "zxdg_importer_v2", 1)
[16:16:49.549043] {mesa present modes query} wl_registry#136.global(59, "ext_background_effect_manager_v1", 1)
[16:16:49.549045] {mesa present modes query} wl_registry#136.global(60, "wp_commit_timing_manager_v1", 1)
[16:16:49.549047] {mesa present modes query}  -> wl_registry#136.bind(60, "wp_commit_timing_manager_v1", 1, new id [unknown]#121)
[16:16:49.549049] {mesa present modes query} wl_registry#136.global(61, "zwlr_screencopy_manager_v1", 3)
[16:16:49.549051] {mesa present modes query} wl_registry#136.global(62, "hyprland_toplevel_export_manager_v1", 2)
[16:16:49.549053] {mesa present modes query} wl_registry#136.global(63, "ext_output_image_capture_source_manager_v1", 1)
[16:16:49.549055] {mesa present modes query} wl_registry#136.global(64, "ext_foreign_toplevel_image_capture_source_manager_v1", 1)
[16:16:49.549057] {mesa present modes query} wl_registry#136.global(65, "ext_image_copy_capture_manager_v1", 1)
[16:16:49.549059] {mesa present modes query} wl_registry#136.global(66, "wp_color_manager_v1", 3)
[16:16:49.549061] {mesa present modes query}  -> wl_registry#136.bind(66, "wp_color_manager_v1", 1, new id [unknown]#124)
[16:16:49.549063] {mesa present modes query} wl_registry#136.global(67, "wl_drm", 2)
[16:16:49.549065] {mesa present modes query} wl_registry#136.global(68, "zwp_linux_dmabuf_v1", 5)
[16:16:49.549067] {mesa present modes query}  -> wl_registry#136.bind(68, "zwp_linux_dmabuf_v1", 4, new id [unknown]#102)
[16:16:49.549069] {mesa present modes query} wl_registry#136.global(69, "wl_output", 4)
[16:16:49.549070] {mesa present modes query} wl_callback#131.done(11)
[16:16:49.549073] {mesa present modes query}  -> zwp_linux_dmabuf_v1#102.get_default_feedback(new id zwp_linux_dmabuf_feedback_v1#131)
[16:16:49.549076] {mesa present modes query}  -> wl_display#1.sync(new id wl_callback#98)
[16:16:49.549343] {Display Queue} wl_display#1.delete_id(98)
[16:16:49.549355] {mesa present modes query} wp_presentation#119.clock_id(1)
[16:16:49.549358] {mesa present modes query} wp_color_manager_v1#124.supported_feature(1)
[16:16:49.549360] {mesa present modes query} wp_color_manager_v1#124.supported_feature(2)
[16:16:49.549366] {mesa present modes query} wp_color_manager_v1#124.supported_feature(4)
[16:16:49.549372] {mesa present modes query} wp_color_manager_v1#124.supported_feature(7)
[16:16:49.549374] {mesa present modes query} wp_color_manager_v1#124.supported_feature(5)
[16:16:49.549375] {mesa present modes query} wp_color_manager_v1#124.supported_feature(6)
[16:16:49.549377] {mesa present modes query} wp_color_manager_v1#124.supported_primaries_named(1)
[16:16:49.549379] {mesa present modes query} wp_color_manager_v1#124.supported_primaries_named(6)
[16:16:49.549380] {mesa present modes query} wp_color_manager_v1#124.supported_primaries_named(2)
[16:16:49.549382] {mesa present modes query} wp_color_manager_v1#124.supported_primaries_named(3)
[16:16:49.549384] {mesa present modes query} wp_color_manager_v1#124.supported_primaries_named(4)
[16:16:49.549385] {mesa present modes query} wp_color_manager_v1#124.supported_primaries_named(5)
[16:16:49.549387] {mesa present modes query} wp_color_manager_v1#124.supported_primaries_named(8)
[16:16:49.549388] {mesa present modes query} wp_color_manager_v1#124.supported_primaries_named(9)
[16:16:49.549390] {mesa present modes query} wp_color_manager_v1#124.supported_primaries_named(10)
[16:16:49.549392] {mesa present modes query} wp_color_manager_v1#124.supported_primaries_named(7)
[16:16:49.549394] {mesa present modes query} wp_color_manager_v1#124.supported_tf_named(9)
[16:16:49.549395] {mesa present modes query} wp_color_manager_v1#124.supported_tf_named(10)
[16:16:49.549397] {mesa present modes query} wp_color_manager_v1#124.supported_tf_named(2)
[16:16:49.549399] {mesa present modes query} wp_color_manager_v1#124.supported_tf_named(3)
[16:16:49.549400] {mesa present modes query} wp_color_manager_v1#124.supported_tf_named(5)
[16:16:49.549402] {mesa present modes query} wp_color_manager_v1#124.supported_tf_named(11)
[16:16:49.549404] {mesa present modes query} wp_color_manager_v1#124.supported_tf_named(13)
[16:16:49.549405] {mesa present modes query} wp_color_manager_v1#124.supported_tf_named(1)
[16:16:49.549407] {mesa present modes query} wp_color_manager_v1#124.supported_tf_named(4)
[16:16:49.549409] {mesa present modes query} wp_color_manager_v1#124.supported_tf_named(6)
[16:16:49.549410] {mesa present modes query} wp_color_manager_v1#124.supported_tf_named(7)
[16:16:49.549412] {mesa present modes query} wp_color_manager_v1#124.supported_tf_named(8)
[16:16:49.549414] {mesa present modes query} wp_color_manager_v1#124.supported_tf_named(12)
[16:16:49.549415] {mesa present modes query} wp_color_manager_v1#124.supported_intent(0)
[16:16:49.549417] {mesa present modes query} wp_color_manager_v1#124.done()
[16:16:49.549419] {mesa present modes query} zwp_linux_dmabuf_feedback_v1#131.format_table(fd 18, 2960)
[16:16:49.549432] {mesa present modes query} zwp_linux_dmabuf_feedback_v1#131.main_device(array[8])
[16:16:49.549434] {mesa present modes query} zwp_linux_dmabuf_feedback_v1#131.tranche_target_device(array[8])
[16:16:49.549436] {mesa present modes query} zwp_linux_dmabuf_feedback_v1#131.tranche_flags(0)
[16:16:49.549438] {mesa present modes query} zwp_linux_dmabuf_feedback_v1#131.tranche_formats(array[370])
[16:16:49.549456] {mesa present modes query} zwp_linux_dmabuf_feedback_v1#131.tranche_done()
[16:16:49.549458] {mesa present modes query} zwp_linux_dmabuf_feedback_v1#131.done()
[16:16:49.549460] {mesa present modes query} wl_callback#98.done(11)
[16:16:49.549463] {mesa present modes query}  -> wl_display#1.sync(new id wl_callback#98)
[16:16:49.549484] {Display Queue} wl_display#1.delete_id(98)
[16:16:49.549486] {mesa present modes query} wl_callback#98.done(11)
[16:16:49.549490] {mesa present modes query}  -> zwp_linux_dmabuf_feedback_v1#131.destroy()
[16:16:49.549497] {mesa present modes query}  -> zwp_linux_dmabuf_v1#102.destroy()
[16:16:49.549499] {mesa present modes query}  -> wp_presentation#119.destroy()
[16:16:49.549501] {mesa present modes query}  -> wp_fifo_manager_v1#135.destroy()
[16:16:49.549503] {mesa present modes query}  -> wp_commit_timing_manager_v1#121.destroy()
[16:16:49.549507] {mesa present modes query}  -> wp_tearing_control_manager_v1#127.destroy()
[16:16:49.549510] {mesa present modes query}  -> wp_color_manager_v1#124.destroy()
[16:16:49.549513] {mesa present modes query}  -> wl_display#1.get_registry(new id wl_registry#98)
[16:16:49.549515] {mesa present modes query}  -> wl_display#1.sync(new id wl_callback#117)
[16:16:49.549722] {Display Queue} wl_display#1.delete_id(131)
[16:16:49.549734] {Display Queue} wl_display#1.delete_id(102)
[16:16:49.549736] {Display Queue} wl_display#1.delete_id(119)
[16:16:49.549738] {Display Queue} wl_display#1.delete_id(135)
[16:16:49.549740] {Display Queue} wl_display#1.delete_id(121)
[16:16:49.549741] {Display Queue} wl_display#1.delete_id(127)
[16:16:49.549743] {Display Queue} wl_display#1.delete_id(117)
[16:16:49.549745] {mesa present modes query} wl_registry#98.global(1, "wl_seat", 9)
[16:16:49.549748] {mesa present modes query} wl_registry#98.global(2, "wl_data_device_manager", 3)
[16:16:49.549750] {mesa present modes query} wl_registry#98.global(3, "wl_compositor", 6)
[16:16:49.549752] {mesa present modes query} wl_registry#98.global(4, "wl_subcompositor", 1)
[16:16:49.549754] {mesa present modes query} wl_registry#98.global(5, "wl_shm", 2)
[16:16:49.549756] {mesa present modes query} wl_registry#98.global(6, "wp_viewporter", 1)
[16:16:49.549758] {mesa present modes query} wl_registry#98.global(7, "wp_tearing_control_manager_v1", 1)
[16:16:49.549761] {mesa present modes query}  -> wl_registry#98.bind(7, "wp_tearing_control_manager_v1", 1, new id [unknown]#127)
[16:16:49.549764] {mesa present modes query} wl_registry#98.global(8, "wp_fractional_scale_manager_v1", 1)
[16:16:49.549766] {mesa present modes query} wl_registry#98.global(9, "zxdg_output_manager_v1", 3)
[16:16:49.549768] {mesa present modes query} wl_registry#98.global(10, "wp_cursor_shape_manager_v1", 2)
[16:16:49.549770] {mesa present modes query} wl_registry#98.global(11, "zwp_idle_inhibit_manager_v1", 1)
[16:16:49.549772] {mesa present modes query} wl_registry#98.global(12, "zwp_relative_pointer_manager_v1", 1)
[16:16:49.549774] {mesa present modes query} wl_registry#98.global(13, "zxdg_decoration_manager_v1", 2)
[16:16:49.549776] {mesa present modes query} wl_registry#98.global(14, "wp_alpha_modifier_v1", 1)
[16:16:49.549778] {mesa present modes query} wl_registry#98.global(15, "zwlr_gamma_control_manager_v1", 1)
[16:16:49.549780] {mesa present modes query} wl_registry#98.global(16, "ext_foreign_toplevel_list_v1", 1)
[16:16:49.549781] {mesa present modes query} wl_registry#98.global(17, "zwp_pointer_gestures_v1", 3)
[16:16:49.549783] {mesa present modes query} wl_registry#98.global(18, "zwlr_foreign_toplevel_manager_v1", 3)
[16:16:49.549785] {mesa present modes query} wl_registry#98.global(19, "zwp_keyboard_shortcuts_inhibit_manager_v1", 1)
[16:16:49.549787] {mesa present modes query} wl_registry#98.global(20, "zwp_text_input_manager_v1", 1)
[16:16:49.549789] {mesa present modes query} wl_registry#98.global(21, "zwp_text_input_manager_v3", 1)
[16:16:49.549791] {mesa present modes query} wl_registry#98.global(22, "zwp_pointer_constraints_v1", 1)
[16:16:49.549793] {mesa present modes query} wl_registry#98.global(23, "zwlr_output_power_manager_v1", 1)
[16:16:49.549795] {mesa present modes query} wl_registry#98.global(24, "xdg_activation_v1", 1)
[16:16:49.549796] {mesa present modes query} wl_registry#98.global(25, "ext_idle_notifier_v1", 2)
[16:16:49.549798] {mesa present modes query} wl_registry#98.global(26, "hyprland_lock_notifier_v1", 1)
[16:16:49.549800] {mesa present modes query} wl_registry#98.global(27, "ext_session_lock_manager_v1", 1)
[16:16:49.549802] {mesa present modes query} wl_registry#98.global(28, "zwp_input_method_manager_v2", 1)
[16:16:49.549804] {mesa present modes query} wl_registry#98.global(29, "zwp_virtual_keyboard_manager_v1", 1)
[16:16:49.549806] {mesa present modes query} wl_registry#98.global(30, "zwlr_virtual_pointer_manager_v1", 2)
[16:16:49.549807] {mesa present modes query} wl_registry#98.global(31, "zwlr_output_manager_v1", 4)
[16:16:49.549814] {mesa present modes query} wl_registry#98.global(32, "org_kde_kwin_server_decoration_manager", 1)
[16:16:49.549820] {mesa present modes query} wl_registry#98.global(33, "hyprland_focus_grab_manager_v1", 1)
[16:16:49.549822] {mesa present modes query} wl_registry#98.global(34, "zwp_tablet_manager_v2", 1)
[16:16:49.549824] {mesa present modes query} wl_registry#98.global(35, "zwlr_layer_shell_v1", 5)
[16:16:49.549826] {mesa present modes query} wl_registry#98.global(36, "wp_presentation", 2)
[16:16:49.549828] {mesa present modes query}  -> wl_registry#98.bind(36, "wp_presentation", 2, new id [unknown]#121)
[16:16:49.549830] {mesa present modes query} wl_registry#98.global(37, "xdg_wm_base", 7)
[16:16:49.549832] {mesa present modes query} wl_registry#98.global(38, "zwlr_data_control_manager_v1", 2)
[16:16:49.549834] {mesa present modes query} wl_registry#98.global(39, "zwp_primary_selection_device_manager_v1", 1)
[16:16:49.549836] {mesa present modes query} wl_registry#98.global(40, "xwayland_shell_v1", 1)
[16:16:49.549838] {mesa present modes query} wl_registry#98.global(41, "hyprland_toplevel_mapping_manager_v1", 1)
[16:16:49.549839] {mesa present modes query} wl_registry#98.global(42, "hyprland_global_shortcuts_manager_v1", 1)
[16:16:49.549841] {mesa present modes query} wl_registry#98.global(43, "xdg_wm_dialog_v1", 1)
[16:16:49.549843] {mesa present modes query} wl_registry#98.global(44, "wp_single_pixel_buffer_manager_v1", 1)
[16:16:49.549845] {mesa present modes query} wl_registry#98.global(45, "wp_security_context_manager_v1", 1)
[16:16:49.549847] {mesa present modes query} wl_registry#98.global(46, "hyprland_ctm_control_manager_v1", 2)
[16:16:49.549849] {mesa present modes query} wl_registry#98.global(47, "hyprland_input_capture_manager_v1", 1)
[16:16:49.549851] {mesa present modes query} wl_registry#98.global(48, "hyprland_surface_manager_v1", 2)
[16:16:49.549853] {mesa present modes query} wl_registry#98.global(49, "wp_content_type_manager_v1", 1)
[16:16:49.549855] {mesa present modes query} wl_registry#98.global(50, "xdg_toplevel_tag_manager_v1", 1)
[16:16:49.549856] {mesa present modes query} wl_registry#98.global(51, "xdg_system_bell_v1", 1)
[16:16:49.549858] {mesa present modes query} wl_registry#98.global(52, "vicinae_hotkey_manager_v1", 1)
[16:16:49.549860] {mesa present modes query} wl_registry#98.global(53, "ext_workspace_manager_v1", 1)
[16:16:49.549862] {mesa present modes query} wl_registry#98.global(54, "ext_data_control_manager_v1", 1)
[16:16:49.549864] {mesa present modes query} wl_registry#98.global(55, "wp_pointer_warp_v1", 1)
[16:16:49.549866] {mesa present modes query} wl_registry#98.global(56, "wp_fifo_manager_v1", 1)
[16:16:49.549868] {mesa present modes query}  -> wl_registry#98.bind(56, "wp_fifo_manager_v1", 1, new id [unknown]#135)
[16:16:49.549870] {mesa present modes query} wl_registry#98.global(57, "zxdg_exporter_v2", 1)
[16:16:49.549872] {mesa present modes query} wl_registry#98.global(58, "zxdg_importer_v2", 1)
[16:16:49.549874] {mesa present modes query} wl_registry#98.global(59, "ext_background_effect_manager_v1", 1)
[16:16:49.549876] {mesa present modes query} wl_registry#98.global(60, "wp_commit_timing_manager_v1", 1)
[16:16:49.549877] {mesa present modes query}  -> wl_registry#98.bind(60, "wp_commit_timing_manager_v1", 1, new id [unknown]#119)
[16:16:49.549880] {mesa present modes query} wl_registry#98.global(61, "zwlr_screencopy_manager_v1", 3)
[16:16:49.549882] {mesa present modes query} wl_registry#98.global(62, "hyprland_toplevel_export_manager_v1", 2)
[16:16:49.549883] {mesa present modes query} wl_registry#98.global(63, "ext_output_image_capture_source_manager_v1", 1)
[16:16:49.549885] {mesa present modes query} wl_registry#98.global(64, "ext_foreign_toplevel_image_capture_source_manager_v1", 1)
[16:16:49.549888] {mesa present modes query} wl_registry#98.global(65, "ext_image_copy_capture_manager_v1", 1)
[16:16:49.549889] {mesa present modes query} wl_registry#98.global(66, "wp_color_manager_v1", 3)
[16:16:49.549891] {mesa present modes query}  -> wl_registry#98.bind(66, "wp_color_manager_v1", 1, new id [unknown]#102)
[16:16:49.549894] {mesa present modes query} wl_registry#98.global(67, "wl_drm", 2)
[16:16:49.549897] {mesa present modes query} wl_registry#98.global(68, "zwp_linux_dmabuf_v1", 5)
[16:16:49.549899] {mesa present modes query}  -> wl_registry#98.bind(68, "zwp_linux_dmabuf_v1", 4, new id [unknown]#131)
[16:16:49.549901] {mesa present modes query} wl_registry#98.global(69, "wl_output", 4)
[16:16:49.549902] {mesa present modes query} wl_callback#117.done(11)
[16:16:49.549904] {mesa present modes query}  -> zwp_linux_dmabuf_v1#131.get_default_feedback(new id zwp_linux_dmabuf_feedback_v1#117)
[16:16:49.549907] {mesa present modes query}  -> wl_display#1.sync(new id wl_callback#111)
[16:16:49.550199] {Display Queue} wl_display#1.delete_id(111)
[16:16:49.550210] {mesa present modes query} wp_presentation#121.clock_id(1)
[16:16:49.550213] {mesa present modes query} wp_color_manager_v1#102.supported_feature(1)
[16:16:49.550215] {mesa present modes query} wp_color_manager_v1#102.supported_feature(2)
[16:16:49.550217] {mesa present modes query} wp_color_manager_v1#102.supported_feature(4)
[16:16:49.550219] {mesa present modes query} wp_color_manager_v1#102.supported_feature(7)
[16:16:49.550220] {mesa present modes query} wp_color_manager_v1#102.supported_feature(5)
[16:16:49.550222] {mesa present modes query} wp_color_manager_v1#102.supported_feature(6)
[16:16:49.550224] {mesa present modes query} wp_color_manager_v1#102.supported_primaries_named(1)
[16:16:49.550225] {mesa present modes query} wp_color_manager_v1#102.supported_primaries_named(6)
[16:16:49.550227] {mesa present modes query} wp_color_manager_v1#102.supported_primaries_named(2)
[16:16:49.550229] {mesa present modes query} wp_color_manager_v1#102.supported_primaries_named(3)
[16:16:49.550230] {mesa present modes query} wp_color_manager_v1#102.supported_primaries_named(4)
[16:16:49.550232] {mesa present modes query} wp_color_manager_v1#102.supported_primaries_named(5)
[16:16:49.550233] {mesa present modes query} wp_color_manager_v1#102.supported_primaries_named(8)
[16:16:49.550235] {mesa present modes query} wp_color_manager_v1#102.supported_primaries_named(9)
[16:16:49.550237] {mesa present modes query} wp_color_manager_v1#102.supported_primaries_named(10)
[16:16:49.550238] {mesa present modes query} wp_color_manager_v1#102.supported_primaries_named(7)
[16:16:49.550240] {mesa present modes query} wp_color_manager_v1#102.supported_tf_named(9)
[16:16:49.550242] {mesa present modes query} wp_color_manager_v1#102.supported_tf_named(10)
[16:16:49.550244] {mesa present modes query} wp_color_manager_v1#102.supported_tf_named(2)
[16:16:49.550245] {mesa present modes query} wp_color_manager_v1#102.supported_tf_named(3)
[16:16:49.550252] {mesa present modes query} wp_color_manager_v1#102.supported_tf_named(5)
[16:16:49.550253] {mesa present modes query} wp_color_manager_v1#102.supported_tf_named(11)
[16:16:49.550255] {mesa present modes query} wp_color_manager_v1#102.supported_tf_named(13)
[16:16:49.550257] {mesa present modes query} wp_color_manager_v1#102.supported_tf_named(1)
[16:16:49.550259] {mesa present modes query} wp_color_manager_v1#102.supported_tf_named(4)
[16:16:49.550260] {mesa present modes query} wp_color_manager_v1#102.supported_tf_named(6)
[16:16:49.550262] {mesa present modes query} wp_color_manager_v1#102.supported_tf_named(7)
[16:16:49.550264] {mesa present modes query} wp_color_manager_v1#102.supported_tf_named(8)
[16:16:49.550265] {mesa present modes query} wp_color_manager_v1#102.supported_tf_named(12)
[16:16:49.550267] {mesa present modes query} wp_color_manager_v1#102.supported_intent(0)
[16:16:49.550269] {mesa present modes query} wp_color_manager_v1#102.done()
[16:16:49.550271] {mesa present modes query} zwp_linux_dmabuf_feedback_v1#117.format_table(fd 18, 2960)
[16:16:49.550280] {mesa present modes query} zwp_linux_dmabuf_feedback_v1#117.main_device(array[8])
[16:16:49.550283] {mesa present modes query} zwp_linux_dmabuf_feedback_v1#117.tranche_target_device(array[8])
[16:16:49.550284] {mesa present modes query} zwp_linux_dmabuf_feedback_v1#117.tranche_flags(0)
[16:16:49.550291] {mesa present modes query} zwp_linux_dmabuf_feedback_v1#117.tranche_formats(array[370])
[16:16:49.550309] {mesa present modes query} zwp_linux_dmabuf_feedback_v1#117.tranche_done()
[16:16:49.550311] {mesa present modes query} zwp_linux_dmabuf_feedback_v1#117.done()
[16:16:49.550313] {mesa present modes query} wl_callback#111.done(11)
[16:16:49.550316] {mesa present modes query}  -> wl_display#1.sync(new id wl_callback#111)
[16:16:49.550577] {Display Queue} wl_display#1.delete_id(111)
[16:16:49.550588] {mesa present modes query} wl_callback#111.done(11)
[16:16:49.550594] {mesa present modes query}  -> zwp_linux_dmabuf_feedback_v1#117.destroy()
[16:16:49.550604] {mesa present modes query}  -> zwp_linux_dmabuf_v1#131.destroy()
[16:16:49.550606] {mesa present modes query}  -> wp_presentation#121.destroy()
[16:16:49.550608] {mesa present modes query}  -> wp_fifo_manager_v1#135.destroy()
[16:16:49.550610] {mesa present modes query}  -> wp_commit_timing_manager_v1#119.destroy()
[16:16:49.550612] {mesa present modes query}  -> wp_tearing_control_manager_v1#127.destroy()
[16:16:49.550613] {mesa present modes query}  -> wp_color_manager_v1#102.destroy()
[16:16:49.550619] {mesa vk display queue}  -> wp_fifo_v1#128.destroy()
[16:16:49.550622] {mesa vk display queue}  -> wp_commit_timer_v1#94.destroy()
[16:16:49.550624] {mesa vk display queue}  -> wl_display#1.sync(new id wl_callback#111)
[16:16:49.550650] {Display Queue} wl_display#1.delete_id(117)
[16:16:49.550653] {Display Queue} wl_display#1.delete_id(131)
[16:16:49.550654] {Display Queue} wl_display#1.delete_id(121)
[16:16:49.550656] {Display Queue} wl_display#1.delete_id(135)
[16:16:49.550658] {Display Queue} wl_display#1.delete_id(119)
[16:16:49.550659] {Display Queue} wl_display#1.delete_id(127)
[16:16:49.550661] {Display Queue} wl_display#1.delete_id(128)
[16:16:49.550663] {Display Queue} wl_display#1.delete_id(94)
[16:16:49.550665] {Display Queue} wl_display#1.delete_id(111)
[16:16:49.550666] {mesa vk display queue} wl_callback#111.done(11)
[16:16:49.550692] {mesa vk display queue}  -> wp_fifo_manager_v1#81.get_fifo(new id wp_fifo_v1#111, wl_surface#71)
[16:16:49.550695] {mesa vk display queue}  -> wp_commit_timing_manager_v1#80.get_timer(new id wp_commit_timer_v1#94, wl_surface#71)
[16:16:49.550731] {mesa vk display queue}  -> zwp_linux_dmabuf_v1#92.create_params(new id zwp_linux_buffer_params_v1#128)
[16:16:49.550734] {mesa vk display queue}  -> zwp_linux_buffer_params_v1#128.add(fd 21, 0, 0, 1536, 16777216, 15)
[16:16:49.550737] {mesa vk display queue}  -> zwp_linux_buffer_params_v1#128.add(fd 22, 1, 884736, 192, 16777216, 15)
[16:16:49.550740] {mesa vk display queue}  -> zwp_linux_buffer_params_v1#128.add(fd 23, 2, 888832, 64, 16777216, 15)
[16:16:49.550742] {mesa vk display queue}  -> zwp_linux_buffer_params_v1#128.create_immed(new id wl_buffer#127, 373, 558, 875713089, 0)
[16:16:49.550746] {mesa vk display queue}  -> zwp_linux_buffer_params_v1#128.destroy()
[16:16:49.550756] {mesa vk display queue}  -> zwp_linux_dmabuf_v1#92.create_params(new id zwp_linux_buffer_params_v1#119)
[16:16:49.550759] {mesa vk display queue}  -> zwp_linux_buffer_params_v1#119.add(fd 27, 0, 0, 1536, 16777216, 15)
[16:16:49.550762] {mesa vk display queue}  -> zwp_linux_buffer_params_v1#119.add(fd 28, 1, 884736, 192, 16777216, 15)
[16:16:49.550764] {mesa vk display queue}  -> zwp_linux_buffer_params_v1#119.add(fd 29, 2, 888832, 64, 16777216, 15)
[16:16:49.550766] {mesa vk display queue}  -> zwp_linux_buffer_params_v1#119.create_immed(new id wl_buffer#135, 373, 558, 875713089, 0)
[16:16:49.550769] {mesa vk display queue}  -> zwp_linux_buffer_params_v1#119.destroy()
[16:16:49.550779] {mesa vk display queue}  -> zwp_linux_dmabuf_v1#92.create_params(new id zwp_linux_buffer_params_v1#121)
[16:16:49.550781] {mesa vk display queue}  -> zwp_linux_buffer_params_v1#121.add(fd 33, 0, 0, 1536, 16777216, 15)
[16:16:49.550783] {mesa vk display queue}  -> zwp_linux_buffer_params_v1#121.add(fd 34, 1, 884736, 192, 16777216, 15)
[16:16:49.550790] {mesa vk display queue}  -> zwp_linux_buffer_params_v1#121.add(fd 35, 2, 888832, 64, 16777216, 15)
[16:16:49.550797] {mesa vk display queue}  -> zwp_linux_buffer_params_v1#121.create_immed(new id wl_buffer#131, 373, 558, 875713089, 0)
[16:16:49.550800] {mesa vk display queue}  -> zwp_linux_buffer_params_v1#121.destroy()
[16:16:49.550809] {mesa vk display queue}  -> zwp_linux_dmabuf_v1#92.create_params(new id zwp_linux_buffer_params_v1#117)
[16:16:49.550811] {mesa vk display queue}  -> zwp_linux_buffer_params_v1#117.add(fd 39, 0, 0, 1536, 16777216, 15)
[16:16:49.550813] {mesa vk display queue}  -> zwp_linux_buffer_params_v1#117.add(fd 40, 1, 884736, 192, 16777216, 15)
[16:16:49.550816] {mesa vk display queue}  -> zwp_linux_buffer_params_v1#117.add(fd 41, 2, 888832, 64, 16777216, 15)
[16:16:49.550818] {mesa vk display queue}  -> zwp_linux_buffer_params_v1#117.create_immed(new id wl_buffer#130, 373, 558, 875713089, 0)
[16:16:49.550821] {mesa vk display queue}  -> zwp_linux_buffer_params_v1#117.destroy()
[16:16:49.550909] {mesa vk display queue}  -> wl_buffer#125.destroy()
[16:16:49.550917] {mesa vk display queue}  -> wl_buffer#68.destroy()
[16:16:49.550922] {mesa vk display queue}  -> wl_buffer#72.destroy()
[16:16:49.550927] {mesa vk display queue}  -> wl_buffer#129.destroy()
[16:16:49.551711]  -> xdg_surface#106.set_window_geometry(0, 0, 373, 558)
[16:16:49.551716] {Default Queue}  -> wl_compositor#5.create_region(new id wl_region#123)
[16:16:49.551718] {Default Queue}  -> wl_region#123.add(0, 0, 373, 558)
[16:16:49.551720]  -> wl_surface#71.set_opaque_region(wl_region#123)
[16:16:49.551722] {Default Queue}  -> wl_region#123.destroy()
[16:16:49.551724] {Default Queue}  -> wp_viewport#67.set_destination(373, 558)
[16:16:49.551726]  -> wl_surface#71.frame(new id wl_callback#138)
[16:16:49.551729] {Default Queue}  -> wp_presentation#19.feedback(wl_surface#71, new id wp_presentation_feedback#139)
[16:16:49.551732]  -> wl_surface#71.offset(0, 0)
[16:16:49.551750] discarded [unknown]#125.[event 0](0 fd, 8 byte)
[16:16:49.551752] discarded [unknown]#68.[event 0](0 fd, 8 byte)
[16:16:49.551753] discarded [unknown]#68.[event 0](0 fd, 8 byte)
[16:16:49.551754] discarded [unknown]#72.[event 0](0 fd, 8 byte)
[16:16:49.551755] discarded [unknown]#72.[event 0](0 fd, 8 byte)
[16:16:49.551756] discarded [unknown]#129.[event 0](0 fd, 8 byte)
[16:16:49.551757] discarded [unknown]#129.[event 0](0 fd, 8 byte)
[16:16:49.551759] {Display Queue} wl_display#1.delete_id(128)
[16:16:49.551761] {Display Queue} wl_display#1.delete_id(119)
[16:16:49.551762] {Display Queue} wl_display#1.delete_id(121)
[16:16:49.551764] {Display Queue} wl_display#1.delete_id(117)
[16:16:49.551765] {Display Queue} wl_display#1.delete_id(68)
[16:16:49.551767] {Display Queue} wl_display#1.delete_id(72)
[16:16:49.551768] {Display Queue} wl_display#1.delete_id(129)
[16:16:49.551770] {mesa vk display queue}  -> wl_surface#71.attach(wl_buffer#127, 0, 0)
[16:16:49.551772] {mesa vk display queue}  -> wl_surface#71.damage_buffer(0, 0, 373, 558)
[16:16:49.551774] {mesa vk display queue}  -> wl_surface#71.commit()
[16:16:49.551894]  -> wl_surface#42.frame(new id wl_callback#129)
[16:16:49.551897] {Default Queue}  -> wp_presentation#19.feedback(wl_surface#42, new id wp_presentation_feedback#72)
[16:16:49.551899]  -> wl_surface#42.offset(0, 0)
[16:16:49.551909] {mesa vk display queue}  -> wl_surface#42.attach(wl_buffer#97, 0, 0)
[16:16:49.551911] {mesa vk display queue}  -> wl_surface#42.damage_buffer(0, 0, 373, 558)
[16:16:49.551913] {mesa vk display queue}  -> wl_surface#42.commit()
[16:16:49.551938] discarded [unknown]#125.[event 0](0 fd, 8 byte)
[16:16:49.551939] discarded [unknown]#125.[event 0](0 fd, 8 byte)
[16:16:49.551942] {Display Queue} wl_display#1.delete_id(123)
[16:16:49.551944] {Display Queue} wl_display#1.delete_id(125)
[16:16:49.559147] {Display Queue} wl_display#1.delete_id(132)
[16:16:49.559150] {Display Queue} wl_display#1.delete_id(137)
[16:16:49.559151] {Display Queue} wl_display#1.delete_id(138)
[16:16:49.559153] {Display Queue} wl_display#1.delete_id(129)
[16:16:49.559159] {Default Queue} wp_presentation_feedback#132.sync_output(wl_output#29)
[16:16:49.559165] {Default Queue} wp_presentation_feedback#132.presented(0, 94875, 494488640, 0, 0, 0, 1)
[16:16:49.559170] {Default Queue} wp_presentation_feedback#137.sync_output(wl_output#29)
[16:16:49.559172] {Default Queue} wp_presentation_feedback#137.presented(0, 94875, 494488640, 0, 0, 0, 1)
[16:16:49.559174] {Default Queue} wl_callback#138.done(94875494)
[16:16:49.559179] {Default Queue} wl_callback#129.done(94875494)
[16:16:49.559287]  -> wl_surface#42.frame(new id wl_callback#129)
[16:16:49.559291] {Default Queue}  -> wp_presentation#19.feedback(wl_surface#42, new id wp_presentation_feedback#138)
[16:16:49.559293]  -> wl_surface#42.offset(0, 0)
[16:16:49.559304] {mesa vk display queue}  -> wl_surface#42.attach(wl_buffer#118, 0, 0)
[16:16:49.559306] {mesa vk display queue}  -> wl_surface#42.damage_buffer(0, 0, 373, 558)
[16:16:49.559309] {mesa vk display queue}  -> wl_surface#42.commit()
[16:16:49.575787] {Display Queue} wl_display#1.delete_id(72)
[16:16:49.575799] {Display Queue} wl_display#1.delete_id(139)
[16:16:49.575802] {Display Queue} wl_display#1.delete_id(129)
[16:16:49.575804] {Default Queue} wp_presentation_feedback#139.sync_output(wl_output#29)
[16:16:49.575807] {Default Queue} wp_presentation_feedback#139.presented(0, 94875, 510974511, 0, 0, 0, 1)
[16:16:49.575812] {Default Queue} wp_presentation_feedback#72.sync_output(wl_output#29)
[16:16:49.575814] {Default Queue} wp_presentation_feedback#72.presented(0, 94875, 510974511, 0, 0, 0, 1)
[16:16:49.575818] {Default Queue} wl_callback#129.done(94875511)
[16:16:49.576082]  -> wl_surface#42.frame(new id wl_callback#129)
[16:16:49.576089] {Default Queue}  -> wp_presentation#19.feedback(wl_surface#42, new id wp_presentation_feedback#72)
[16:16:49.576092]  -> wl_surface#42.offset(0, 0)
[16:16:49.576110] {mesa vk display queue}  -> wl_surface#42.attach(wl_buffer#134, 0, 0)
[16:16:49.576114] {mesa vk display queue}  -> wl_surface#42.damage_buffer(0, 0, 373, 558)
[16:16:49.576116] {mesa vk display queue}  -> wl_surface#42.commit()
[16:16:49.687931]  -> wl_surface#71.frame(new id wl_callback#139)
[16:16:49.687948] {Default Queue}  -> wp_presentation#19.feedback(wl_surface#71, new id wp_presentation_feedback#137)
[16:16:49.687953]  -> wl_surface#71.offset(0, 0)
[16:16:49.687991] {Display Queue} wl_display#1.delete_id(138)
[16:16:49.687996] {Display Queue} wl_display#1.delete_id(129)
[16:16:49.687997] {Display Queue} wl_display#1.delete_id(72)
[16:16:49.688000] {mesa vk display queue}  -> wl_surface#71.attach(wl_buffer#135, 0, 0)
[16:16:49.688003] {mesa vk display queue}  -> wl_surface#71.damage_buffer(0, 0, 373, 558)
[16:16:49.688006] {mesa vk display queue}  -> wl_surface#71.commit()
[16:16:49.688042] {Default Queue} wp_presentation_feedback#138.sync_output(wl_output#29)
[16:16:49.688045] {Default Queue} wp_presentation_feedback#138.presented(0, 94875, 527874840, 0, 0, 0, 1)
[16:16:49.688049] {Default Queue} wl_callback#129.done(94875527)
[16:16:49.688058] {Default Queue} wp_presentation_feedback#72.sync_output(wl_output#29)
[16:16:49.688060] {Default Queue} wp_presentation_feedback#72.presented(0, 94875, 544587372, 0, 0, 0, 1)
[16:16:49.688063] xdg_toplevel#107.configure(373, 510, array[16])
[16:16:49.688066] xdg_surface#106.configure(14)
[16:16:49.688069]  -> xdg_surface#106.ack_configure(14)
[16:16:49.688072] xdg_toplevel#75.configure(373, 510, array[20])
[16:16:49.688074] xdg_surface#74.configure(13)
[16:16:49.688076]  -> xdg_surface#74.ack_configure(13)
[16:16:49.688186] {mesa present modes query}  -> wl_display#1.get_registry(new id wl_registry#72)
[16:16:49.688189] {mesa present modes query}  -> wl_display#1.sync(new id wl_callback#129)
[16:16:49.688255] {Display Queue} wl_display#1.delete_id(129)
[16:16:49.688257] {mesa present modes query} wl_registry#72.global(1, "wl_seat", 9)
[16:16:49.688260] {mesa present modes query} wl_registry#72.global(2, "wl_data_device_manager", 3)
[16:16:49.688262] {mesa present modes query} wl_registry#72.global(3, "wl_compositor", 6)
[16:16:49.688271] {mesa present modes query} wl_registry#72.global(4, "wl_subcompositor", 1)
[16:16:49.688280] {mesa present modes query} wl_registry#72.global(5, "wl_shm", 2)
[16:16:49.688282] {mesa present modes query} wl_registry#72.global(6, "wp_viewporter", 1)
[16:16:49.688284] {mesa present modes query} wl_registry#72.global(7, "wp_tearing_control_manager_v1", 1)
[16:16:49.688286] {mesa present modes query}  -> wl_registry#72.bind(7, "wp_tearing_control_manager_v1", 1, new id [unknown]#138)
[16:16:49.688290] {mesa present modes query} wl_registry#72.global(8, "wp_fractional_scale_manager_v1", 1)
[16:16:49.688291] {mesa present modes query} wl_registry#72.global(9, "zxdg_output_manager_v1", 3)
[16:16:49.688293] {mesa present modes query} wl_registry#72.global(10, "wp_cursor_shape_manager_v1", 2)
[16:16:49.688295] {mesa present modes query} wl_registry#72.global(11, "zwp_idle_inhibit_manager_v1", 1)
[16:16:49.688297] {mesa present modes query} wl_registry#72.global(12, "zwp_relative_pointer_manager_v1", 1)
[16:16:49.688299] {mesa present modes query} wl_registry#72.global(13, "zxdg_decoration_manager_v1", 2)
[16:16:49.688300] {mesa present modes query} wl_registry#72.global(14, "wp_alpha_modifier_v1", 1)
[16:16:49.688302] {mesa present modes query} wl_registry#72.global(15, "zwlr_gamma_control_manager_v1", 1)
[16:16:49.688304] {mesa present modes query} wl_registry#72.global(16, "ext_foreign_toplevel_list_v1", 1)
[16:16:49.688306] {mesa present modes query} wl_registry#72.global(17, "zwp_pointer_gestures_v1", 3)
[16:16:49.688308] {mesa present modes query} wl_registry#72.global(18, "zwlr_foreign_toplevel_manager_v1", 3)
[16:16:49.688309] {mesa present modes query} wl_registry#72.global(19, "zwp_keyboard_shortcuts_inhibit_manager_v1", 1)
[16:16:49.688311] {mesa present modes query} wl_registry#72.global(20, "zwp_text_input_manager_v1", 1)
[16:16:49.688313] {mesa present modes query} wl_registry#72.global(21, "zwp_text_input_manager_v3", 1)
[16:16:49.688315] {mesa present modes query} wl_registry#72.global(22, "zwp_pointer_constraints_v1", 1)
[16:16:49.688317] {mesa present modes query} wl_registry#72.global(23, "zwlr_output_power_manager_v1", 1)
[16:16:49.688318] {mesa present modes query} wl_registry#72.global(24, "xdg_activation_v1", 1)
[16:16:49.688320] {mesa present modes query} wl_registry#72.global(25, "ext_idle_notifier_v1", 2)
[16:16:49.688322] {mesa present modes query} wl_registry#72.global(26, "hyprland_lock_notifier_v1", 1)
[16:16:49.688324] {mesa present modes query} wl_registry#72.global(27, "ext_session_lock_manager_v1", 1)
[16:16:49.688326] {mesa present modes query} wl_registry#72.global(28, "zwp_input_method_manager_v2", 1)
[16:16:49.688327] {mesa present modes query} wl_registry#72.global(29, "zwp_virtual_keyboard_manager_v1", 1)
[16:16:49.688329] {mesa present modes query} wl_registry#72.global(30, "zwlr_virtual_pointer_manager_v1", 2)
[16:16:49.688331] {mesa present modes query} wl_registry#72.global(31, "zwlr_output_manager_v1", 4)
[16:16:49.688333] {mesa present modes query} wl_registry#72.global(32, "org_kde_kwin_server_decoration_manager", 1)
[16:16:49.688335] {mesa present modes query} wl_registry#72.global(33, "hyprland_focus_grab_manager_v1", 1)
[16:16:49.688336] {mesa present modes query} wl_registry#72.global(34, "zwp_tablet_manager_v2", 1)
[16:16:49.688338] {mesa present modes query} wl_registry#72.global(35, "zwlr_layer_shell_v1", 5)
[16:16:49.688340] {mesa present modes query} wl_registry#72.global(36, "wp_presentation", 2)
[16:16:49.688342] {mesa present modes query}  -> wl_registry#72.bind(36, "wp_presentation", 2, new id [unknown]#132)
[16:16:49.688344] {mesa present modes query} wl_registry#72.global(37, "xdg_wm_base", 7)
[16:16:49.688346] {mesa present modes query} wl_registry#72.global(38, "zwlr_data_control_manager_v1", 2)
[16:16:49.688347] {mesa present modes query} wl_registry#72.global(39, "zwp_primary_selection_device_manager_v1", 1)
[16:16:49.688349] {mesa present modes query} wl_registry#72.global(40, "xwayland_shell_v1", 1)
[16:16:49.688351] {mesa present modes query} wl_registry#72.global(41, "hyprland_toplevel_mapping_manager_v1", 1)
[16:16:49.688355] {mesa present modes query} wl_registry#72.global(42, "hyprland_global_shortcuts_manager_v1", 1)
[16:16:49.688357] {mesa present modes query} wl_registry#72.global(43, "xdg_wm_dialog_v1", 1)
[16:16:49.688359] {mesa present modes query} wl_registry#72.global(44, "wp_single_pixel_buffer_manager_v1", 1)
[16:16:49.688361] {mesa present modes query} wl_registry#72.global(45, "wp_security_context_manager_v1", 1)
[16:16:49.688363] {mesa present modes query} wl_registry#72.global(46, "hyprland_ctm_control_manager_v1", 2)
[16:16:49.688365] {mesa present modes query} wl_registry#72.global(47, "hyprland_input_capture_manager_v1", 1)
[16:16:49.688366] {mesa present modes query} wl_registry#72.global(48, "hyprland_surface_manager_v1", 2)
[16:16:49.688368] {mesa present modes query} wl_registry#72.global(49, "wp_content_type_manager_v1", 1)
[16:16:49.688370] {mesa present modes query} wl_registry#72.global(50, "xdg_toplevel_tag_manager_v1", 1)
[16:16:49.688372] {mesa present modes query} wl_registry#72.global(51, "xdg_system_bell_v1", 1)
[16:16:49.688373] {mesa present modes query} wl_registry#72.global(52, "vicinae_hotkey_manager_v1", 1)
[16:16:49.688375] {mesa present modes query} wl_registry#72.global(53, "ext_workspace_manager_v1", 1)
[16:16:49.688377] {mesa present modes query} wl_registry#72.global(54, "ext_data_control_manager_v1", 1)
[16:16:49.688379] {mesa present modes query} wl_registry#72.global(55, "wp_pointer_warp_v1", 1)
[16:16:49.688380] {mesa present modes query} wl_registry#72.global(56, "wp_fifo_manager_v1", 1)
[16:16:49.688382] {mesa present modes query}  -> wl_registry#72.bind(56, "wp_fifo_manager_v1", 1, new id [unknown]#125)
[16:16:49.688384] {mesa present modes query} wl_registry#72.global(57, "zxdg_exporter_v2", 1)
[16:16:49.688386] {mesa present modes query} wl_registry#72.global(58, "zxdg_importer_v2", 1)
[16:16:49.688388] {mesa present modes query} wl_registry#72.global(59, "ext_background_effect_manager_v1", 1)
[16:16:49.688390] {mesa present modes query} wl_registry#72.global(60, "wp_commit_timing_manager_v1", 1)
[16:16:49.688392] {mesa present modes query}  -> wl_registry#72.bind(60, "wp_commit_timing_manager_v1", 1, new id [unknown]#123)
[16:16:49.688395] {mesa present modes query} wl_registry#72.global(61, "zwlr_screencopy_manager_v1", 3)
[16:16:49.688397] {mesa present modes query} wl_registry#72.global(62, "hyprland_toplevel_export_manager_v1", 2)
[16:16:49.688399] {mesa present modes query} wl_registry#72.global(63, "ext_output_image_capture_source_manager_v1", 1)
[16:16:49.688400] {mesa present modes query} wl_registry#72.global(64, "ext_foreign_toplevel_image_capture_source_manager_v1", 1)
[16:16:49.688403] {mesa present modes query} wl_registry#72.global(65, "ext_image_copy_capture_manager_v1", 1)
[16:16:49.688405] {mesa present modes query} wl_registry#72.global(66, "wp_color_manager_v1", 3)
[16:16:49.688407] {mesa present modes query}  -> wl_registry#72.bind(66, "wp_color_manager_v1", 1, new id [unknown]#68)
[16:16:49.688409] {mesa present modes query} wl_registry#72.global(67, "wl_drm", 2)
[16:16:49.688411] {mesa present modes query} wl_registry#72.global(68, "zwp_linux_dmabuf_v1", 5)
[16:16:49.688412] {mesa present modes query}  -> wl_registry#72.bind(68, "zwp_linux_dmabuf_v1", 4, new id [unknown]#117)
[16:16:49.688414] {mesa present modes query} wl_registry#72.global(69, "wl_output", 4)
[16:16:49.688416] {mesa present modes query} wl_callback#129.done(15)
[16:16:49.688418] {mesa present modes query}  -> zwp_linux_dmabuf_v1#117.get_default_feedback(new id zwp_linux_dmabuf_feedback_v1#129)
[16:16:49.688421] {mesa present modes query}  -> wl_display#1.sync(new id wl_callback#121)
[16:16:49.688617] {Display Queue} wl_display#1.delete_id(121)
[16:16:49.688619] {mesa present modes query} wp_presentation#132.clock_id(1)
[16:16:49.688621] {mesa present modes query} wp_color_manager_v1#68.supported_feature(1)
[16:16:49.688623] {mesa present modes query} wp_color_manager_v1#68.supported_feature(2)
[16:16:49.688626] {mesa present modes query} wp_color_manager_v1#68.supported_feature(4)
[16:16:49.688628] {mesa present modes query} wp_color_manager_v1#68.supported_feature(7)
[16:16:49.688630] {mesa present modes query} wp_color_manager_v1#68.supported_feature(5)
[16:16:49.688632] {mesa present modes query} wp_color_manager_v1#68.supported_feature(6)
[16:16:49.688633] {mesa present modes query} wp_color_manager_v1#68.supported_primaries_named(1)
[16:16:49.688635] {mesa present modes query} wp_color_manager_v1#68.supported_primaries_named(6)
[16:16:49.688636] {mesa present modes query} wp_color_manager_v1#68.supported_primaries_named(2)
[16:16:49.688638] {mesa present modes query} wp_color_manager_v1#68.supported_primaries_named(3)
[16:16:49.688640] {mesa present modes query} wp_color_manager_v1#68.supported_primaries_named(4)
[16:16:49.688641] {mesa present modes query} wp_color_manager_v1#68.supported_primaries_named(5)
[16:16:49.688643] {mesa present modes query} wp_color_manager_v1#68.supported_primaries_named(8)
[16:16:49.688644] {mesa present modes query} wp_color_manager_v1#68.supported_primaries_named(9)
[16:16:49.688646] {mesa present modes query} wp_color_manager_v1#68.supported_primaries_named(10)
[16:16:49.688647] {mesa present modes query} wp_color_manager_v1#68.supported_primaries_named(7)
[16:16:49.688649] {mesa present modes query} wp_color_manager_v1#68.supported_tf_named(9)
[16:16:49.688650] {mesa present modes query} wp_color_manager_v1#68.supported_tf_named(10)
[16:16:49.688652] {mesa present modes query} wp_color_manager_v1#68.supported_tf_named(2)
[16:16:49.688653] {mesa present modes query} wp_color_manager_v1#68.supported_tf_named(3)
[16:16:49.688655] {mesa present modes query} wp_color_manager_v1#68.supported_tf_named(5)
[16:16:49.688656] {mesa present modes query} wp_color_manager_v1#68.supported_tf_named(11)
[16:16:49.688658] {mesa present modes query} wp_color_manager_v1#68.supported_tf_named(13)
[16:16:49.688660] {mesa present modes query} wp_color_manager_v1#68.supported_tf_named(1)
[16:16:49.688661] {mesa present modes query} wp_color_manager_v1#68.supported_tf_named(4)
[16:16:49.688663] {mesa present modes query} wp_color_manager_v1#68.supported_tf_named(6)
[16:16:49.688664] {mesa present modes query} wp_color_manager_v1#68.supported_tf_named(7)
[16:16:49.688666] {mesa present modes query} wp_color_manager_v1#68.supported_tf_named(8)
[16:16:49.688667] {mesa present modes query} wp_color_manager_v1#68.supported_tf_named(12)
[16:16:49.688669] {mesa present modes query} wp_color_manager_v1#68.supported_intent(0)
[16:16:49.688671] {mesa present modes query} wp_color_manager_v1#68.done()
[16:16:49.688672] {mesa present modes query} zwp_linux_dmabuf_feedback_v1#129.format_table(fd 17, 2960)
[16:16:49.688685] {mesa present modes query} zwp_linux_dmabuf_feedback_v1#129.main_device(array[8])
[16:16:49.688687] {mesa present modes query} zwp_linux_dmabuf_feedback_v1#129.tranche_target_device(array[8])
[16:16:49.688689] {mesa present modes query} zwp_linux_dmabuf_feedback_v1#129.tranche_flags(0)
[16:16:49.688691] {mesa present modes query} zwp_linux_dmabuf_feedback_v1#129.tranche_formats(array[370])
[16:16:49.688707] {mesa present modes query} zwp_linux_dmabuf_feedback_v1#129.tranche_done()
[16:16:49.688709] {mesa present modes query} zwp_linux_dmabuf_feedback_v1#129.done()
[16:16:49.688711] {mesa present modes query} wl_callback#121.done(15)
[16:16:49.688713] {mesa present modes query}  -> wl_display#1.sync(new id wl_callback#121)
[16:16:49.688911] {Display Queue} wl_display#1.delete_id(121)
[16:16:49.688913] {mesa present modes query} wl_callback#121.done(15)
[16:16:49.688916] {mesa present modes query}  -> zwp_linux_dmabuf_feedback_v1#129.destroy()
[16:16:49.688923] {mesa present modes query}  -> zwp_linux_dmabuf_v1#117.destroy()
[16:16:49.688925] {mesa present modes query}  -> wp_presentation#132.destroy()
[16:16:49.688927] {mesa present modes query}  -> wp_fifo_manager_v1#125.destroy()
[16:16:49.688929] {mesa present modes query}  -> wp_commit_timing_manager_v1#123.destroy()
[16:16:49.688930] {mesa present modes query}  -> wp_tearing_control_manager_v1#138.destroy()
[16:16:49.688933] {mesa present modes query}  -> wp_color_manager_v1#68.destroy()
[16:16:49.688937] {mesa present modes query}  -> wl_display#1.get_registry(new id wl_registry#121)
[16:16:49.688939] {mesa present modes query}  -> wl_display#1.sync(new id wl_callback#119)
[16:16:49.689006] {Display Queue} wl_display#1.delete_id(129)
[16:16:49.689008] {Display Queue} wl_display#1.delete_id(117)
[16:16:49.689010] {Display Queue} wl_display#1.delete_id(132)
[16:16:49.689011] {Display Queue} wl_display#1.delete_id(125)
[16:16:49.689013] {Display Queue} wl_display#1.delete_id(123)
[16:16:49.689015] {Display Queue} wl_display#1.delete_id(138)
[16:16:49.689016] {Display Queue} wl_display#1.delete_id(119)
[16:16:49.689018] {mesa present modes query} wl_registry#121.global(1, "wl_seat", 9)
[16:16:49.689020] {mesa present modes query} wl_registry#121.global(2, "wl_data_device_manager", 3)
[16:16:49.689021] {mesa present modes query} wl_registry#121.global(3, "wl_compositor", 6)
[16:16:49.689023] {mesa present modes query} wl_registry#121.global(4, "wl_subcompositor", 1)
[16:16:49.689025] {mesa present modes query} wl_registry#121.global(5, "wl_shm", 2)
[16:16:49.689027] {mesa present modes query} wl_registry#121.global(6, "wp_viewporter", 1)
[16:16:49.689028] {mesa present modes query} wl_registry#121.global(7, "wp_tearing_control_manager_v1", 1)
[16:16:49.689030] {mesa present modes query}  -> wl_registry#121.bind(7, "wp_tearing_control_manager_v1", 1, new id [unknown]#138)
[16:16:49.689033] {mesa present modes query} wl_registry#121.global(8, "wp_fractional_scale_manager_v1", 1)
[16:16:49.689035] {mesa present modes query} wl_registry#121.global(9, "zxdg_output_manager_v1", 3)
[16:16:49.689037] {mesa present modes query} wl_registry#121.global(10, "wp_cursor_shape_manager_v1", 2)
[16:16:49.689038] {mesa present modes query} wl_registry#121.global(11, "zwp_idle_inhibit_manager_v1", 1)
[16:16:49.689040] {mesa present modes query} wl_registry#121.global(12, "zwp_relative_pointer_manager_v1", 1)
[16:16:49.689042] {mesa present modes query} wl_registry#121.global(13, "zxdg_decoration_manager_v1", 2)
[16:16:49.689044] {mesa present modes query} wl_registry#121.global(14, "wp_alpha_modifier_v1", 1)
[16:16:49.689045] {mesa present modes query} wl_registry#121.global(15, "zwlr_gamma_control_manager_v1", 1)
[16:16:49.689047] {mesa present modes query} wl_registry#121.global(16, "ext_foreign_toplevel_list_v1", 1)
[16:16:49.689049] {mesa present modes query} wl_registry#121.global(17, "zwp_pointer_gestures_v1", 3)
[16:16:49.689051] {mesa present modes query} wl_registry#121.global(18, "zwlr_foreign_toplevel_manager_v1", 3)
[16:16:49.689053] {mesa present modes query} wl_registry#121.global(19, "zwp_keyboard_shortcuts_inhibit_manager_v1", 1)
[16:16:49.689054] {mesa present modes query} wl_registry#121.global(20, "zwp_text_input_manager_v1", 1)
[16:16:49.689056] {mesa present modes query} wl_registry#121.global(21, "zwp_text_input_manager_v3", 1)
[16:16:49.689058] {mesa present modes query} wl_registry#121.global(22, "zwp_pointer_constraints_v1", 1)
[16:16:49.689060] {mesa present modes query} wl_registry#121.global(23, "zwlr_output_power_manager_v1", 1)
[16:16:49.689061] {mesa present modes query} wl_registry#121.global(24, "xdg_activation_v1", 1)
[16:16:49.689063] {mesa present modes query} wl_registry#121.global(25, "ext_idle_notifier_v1", 2)
[16:16:49.689065] {mesa present modes query} wl_registry#121.global(26, "hyprland_lock_notifier_v1", 1)
[16:16:49.689067] {mesa present modes query} wl_registry#121.global(27, "ext_session_lock_manager_v1", 1)
[16:16:49.689068] {mesa present modes query} wl_registry#121.global(28, "zwp_input_method_manager_v2", 1)
[16:16:49.689070] {mesa present modes query} wl_registry#121.global(29, "zwp_virtual_keyboard_manager_v1", 1)
[16:16:49.689072] {mesa present modes query} wl_registry#121.global(30, "zwlr_virtual_pointer_manager_v1", 2)
[16:16:49.689074] {mesa present modes query} wl_registry#121.global(31, "zwlr_output_manager_v1", 4)
[16:16:49.689077] {mesa present modes query} wl_registry#121.global(32, "org_kde_kwin_server_decoration_manager", 1)
[16:16:49.689080] {mesa present modes query} wl_registry#121.global(33, "hyprland_focus_grab_manager_v1", 1)
[16:16:49.689082] {mesa present modes query} wl_registry#121.global(34, "zwp_tablet_manager_v2", 1)
[16:16:49.689084] {mesa present modes query} wl_registry#121.global(35, "zwlr_layer_shell_v1", 5)
[16:16:49.689085] {mesa present modes query} wl_registry#121.global(36, "wp_presentation", 2)
[16:16:49.689087] {mesa present modes query}  -> wl_registry#121.bind(36, "wp_presentation", 2, new id [unknown]#123)
[16:16:49.689089] {mesa present modes query} wl_registry#121.global(37, "xdg_wm_base", 7)
[16:16:49.689091] {mesa present modes query} wl_registry#121.global(38, "zwlr_data_control_manager_v1", 2)
[16:16:49.689093] {mesa present modes query} wl_registry#121.global(39, "zwp_primary_selection_device_manager_v1", 1)
[16:16:49.689094] {mesa present modes query} wl_registry#121.global(40, "xwayland_shell_v1", 1)
[16:16:49.689096] {mesa present modes query} wl_registry#121.global(41, "hyprland_toplevel_mapping_manager_v1", 1)
[16:16:49.689098] {mesa present modes query} wl_registry#121.global(42, "hyprland_global_shortcuts_manager_v1", 1)
[16:16:49.689100] {mesa present modes query} wl_registry#121.global(43, "xdg_wm_dialog_v1", 1)
[16:16:49.689102] {mesa present modes query} wl_registry#121.global(44, "wp_single_pixel_buffer_manager_v1", 1)
[16:16:49.689103] {mesa present modes query} wl_registry#121.global(45, "wp_security_context_manager_v1", 1)
[16:16:49.689105] {mesa present modes query} wl_registry#121.global(46, "hyprland_ctm_control_manager_v1", 2)
[16:16:49.689107] {mesa present modes query} wl_registry#121.global(47, "hyprland_input_capture_manager_v1", 1)
[16:16:49.689108] {mesa present modes query} wl_registry#121.global(48, "hyprland_surface_manager_v1", 2)
[16:16:49.689110] {mesa present modes query} wl_registry#121.global(49, "wp_content_type_manager_v1", 1)
[16:16:49.689112] {mesa present modes query} wl_registry#121.global(50, "xdg_toplevel_tag_manager_v1", 1)
[16:16:49.689114] {mesa present modes query} wl_registry#121.global(51, "xdg_system_bell_v1", 1)
[16:16:49.689115] {mesa present modes query} wl_registry#121.global(52, "vicinae_hotkey_manager_v1", 1)
[16:16:49.689117] {mesa present modes query} wl_registry#121.global(53, "ext_workspace_manager_v1", 1)
[16:16:49.689119] {mesa present modes query} wl_registry#121.global(54, "ext_data_control_manager_v1", 1)
[16:16:49.689121] {mesa present modes query} wl_registry#121.global(55, "wp_pointer_warp_v1", 1)
[16:16:49.689122] {mesa present modes query} wl_registry#121.global(56, "wp_fifo_manager_v1", 1)
[16:16:49.689124] {mesa present modes query}  -> wl_registry#121.bind(56, "wp_fifo_manager_v1", 1, new id [unknown]#125)
[16:16:49.689126] {mesa present modes query} wl_registry#121.global(57, "zxdg_exporter_v2", 1)
[16:16:49.689128] {mesa present modes query} wl_registry#121.global(58, "zxdg_importer_v2", 1)
[16:16:49.689130] {mesa present modes query} wl_registry#121.global(59, "ext_background_effect_manager_v1", 1)
[16:16:49.689132] {mesa present modes query} wl_registry#121.global(60, "wp_commit_timing_manager_v1", 1)
[16:16:49.689134] {mesa present modes query}  -> wl_registry#121.bind(60, "wp_commit_timing_manager_v1", 1, new id [unknown]#132)
[16:16:49.689136] {mesa present modes query} wl_registry#121.global(61, "zwlr_screencopy_manager_v1", 3)
[16:16:49.689138] {mesa present modes query} wl_registry#121.global(62, "hyprland_toplevel_export_manager_v1", 2)
[16:16:49.689140] {mesa present modes query} wl_registry#121.global(63, "ext_output_image_capture_source_manager_v1", 1)
[16:16:49.689142] {mesa present modes query} wl_registry#121.global(64, "ext_foreign_toplevel_image_capture_source_manager_v1", 1)
[16:16:49.689144] {mesa present modes query} wl_registry#121.global(65, "ext_image_copy_capture_manager_v1", 1)
[16:16:49.689146] {mesa present modes query} wl_registry#121.global(66, "wp_color_manager_v1", 3)
[16:16:49.689148] {mesa present modes query}  -> wl_registry#121.bind(66, "wp_color_manager_v1", 1, new id [unknown]#117)
[16:16:49.689151] {mesa present modes query} wl_registry#121.global(67, "wl_drm", 2)
[16:16:49.689154] {mesa present modes query} wl_registry#121.global(68, "zwp_linux_dmabuf_v1", 5)
[16:16:49.689156] {mesa present modes query}  -> wl_registry#121.bind(68, "zwp_linux_dmabuf_v1", 4, new id [unknown]#129)
[16:16:49.689158] {mesa present modes query} wl_registry#121.global(69, "wl_output", 4)
[16:16:49.689159] {mesa present modes query} wl_callback#119.done(15)
[16:16:49.689161] {mesa present modes query}  -> zwp_linux_dmabuf_v1#129.get_default_feedback(new id zwp_linux_dmabuf_feedback_v1#119)
[16:16:49.689164] {mesa present modes query}  -> wl_display#1.sync(new id wl_callback#128)
[16:16:49.689207] {Display Queue} wl_display#1.delete_id(128)
[16:16:49.689209] {mesa present modes query} wp_presentation#123.clock_id(1)
[16:16:49.689211] {mesa present modes query} wp_color_manager_v1#117.supported_feature(1)
[16:16:49.689212] {mesa present modes query} wp_color_manager_v1#117.supported_feature(2)
[16:16:49.689214] {mesa present modes query} wp_color_manager_v1#117.supported_feature(4)
[16:16:49.689215] {mesa present modes query} wp_color_manager_v1#117.supported_feature(7)
[16:16:49.689217] {mesa present modes query} wp_color_manager_v1#117.supported_feature(5)
[16:16:49.689219] {mesa present modes query} wp_color_manager_v1#117.supported_feature(6)
[16:16:49.689220] {mesa present modes query} wp_color_manager_v1#117.supported_primaries_named(1)
[16:16:49.689222] {mesa present modes query} wp_color_manager_v1#117.supported_primaries_named(6)
[16:16:49.689223] {mesa present modes query} wp_color_manager_v1#117.supported_primaries_named(2)
[16:16:49.689225] {mesa present modes query} wp_color_manager_v1#117.supported_primaries_named(3)
[16:16:49.689226] {mesa present modes query} wp_color_manager_v1#117.supported_primaries_named(4)
[16:16:49.689228] {mesa present modes query} wp_color_manager_v1#117.supported_primaries_named(5)
[16:16:49.689229] {mesa present modes query} wp_color_manager_v1#117.supported_primaries_named(8)
[16:16:49.689231] {mesa present modes query} wp_color_manager_v1#117.supported_primaries_named(9)
[16:16:49.689233] {mesa present modes query} wp_color_manager_v1#117.supported_primaries_named(10)
[16:16:49.689234] {mesa present modes query} wp_color_manager_v1#117.supported_primaries_named(7)
[16:16:49.689236] {mesa present modes query} wp_color_manager_v1#117.supported_tf_named(9)
[16:16:49.689237] {mesa present modes query} wp_color_manager_v1#117.supported_tf_named(10)
[16:16:49.689239] {mesa present modes query} wp_color_manager_v1#117.supported_tf_named(2)
[16:16:49.689240] {mesa present modes query} wp_color_manager_v1#117.supported_tf_named(3)
[16:16:49.689242] {mesa present modes query} wp_color_manager_v1#117.supported_tf_named(5)
[16:16:49.689243] {mesa present modes query} wp_color_manager_v1#117.supported_tf_named(11)
[16:16:49.689245] {mesa present modes query} wp_color_manager_v1#117.supported_tf_named(13)
[16:16:49.689246] {mesa present modes query} wp_color_manager_v1#117.supported_tf_named(1)
[16:16:49.689252] {mesa present modes query} wp_color_manager_v1#117.supported_tf_named(4)
[16:16:49.689253] {mesa present modes query} wp_color_manager_v1#117.supported_tf_named(6)
[16:16:49.689255] {mesa present modes query} wp_color_manager_v1#117.supported_tf_named(7)
[16:16:49.689257] {mesa present modes query} wp_color_manager_v1#117.supported_tf_named(8)
[16:16:49.689258] {mesa present modes query} wp_color_manager_v1#117.supported_tf_named(12)
[16:16:49.689260] {mesa present modes query} wp_color_manager_v1#117.supported_intent(0)
[16:16:49.689261] {mesa present modes query} wp_color_manager_v1#117.done()
[16:16:49.689263] {mesa present modes query} zwp_linux_dmabuf_feedback_v1#119.format_table(fd 17, 2960)
[16:16:49.689267] {mesa present modes query} zwp_linux_dmabuf_feedback_v1#119.main_device(array[8])
[16:16:49.689269] {mesa present modes query} zwp_linux_dmabuf_feedback_v1#119.tranche_target_device(array[8])
[16:16:49.689272] {mesa present modes query} zwp_linux_dmabuf_feedback_v1#119.tranche_flags(0)
[16:16:49.689275] {mesa present modes query} zwp_linux_dmabuf_feedback_v1#119.tranche_formats(array[370])
[16:16:49.689284] {mesa present modes query} zwp_linux_dmabuf_feedback_v1#119.tranche_done()
[16:16:49.689286] {mesa present modes query} zwp_linux_dmabuf_feedback_v1#119.done()
[16:16:49.689287] {mesa present modes query} wl_callback#128.done(15)
[16:16:49.689289] {mesa present modes query}  -> wl_display#1.sync(new id wl_callback#128)
[16:16:49.689504] {Display Queue} wl_display#1.delete_id(128)
[16:16:49.689506] {mesa present modes query} wl_callback#128.done(15)
[16:16:49.689508] {mesa present modes query}  -> zwp_linux_dmabuf_feedback_v1#119.destroy()
[16:16:49.689512] {mesa present modes query}  -> zwp_linux_dmabuf_v1#129.destroy()
[16:16:49.689514] {mesa present modes query}  -> wp_presentation#123.destroy()
[16:16:49.689516] {mesa present modes query}  -> wp_fifo_manager_v1#125.destroy()
[16:16:49.689517] {mesa present modes query}  -> wp_commit_timing_manager_v1#132.destroy()
[16:16:49.689519] {mesa present modes query}  -> wp_tearing_control_manager_v1#138.destroy()
[16:16:49.689520] {mesa present modes query}  -> wp_color_manager_v1#117.destroy()
[16:16:49.689524] {mesa vk display queue}  -> wp_fifo_v1#133.destroy()
[16:16:49.689526] {mesa vk display queue}  -> wp_commit_timer_v1#62.destroy()
[16:16:49.689528] {mesa vk display queue}  -> wl_display#1.sync(new id wl_callback#128)
[16:16:49.689530] {mesa vk display queue} wl_buffer#109.release()
[16:16:49.689532] {mesa vk display queue} wl_buffer#97.release()
[16:16:49.689534] {mesa vk display queue} wl_buffer#118.release()
[16:16:49.689890] {Display Queue} wl_display#1.delete_id(119)
[16:16:49.689903] {Display Queue} wl_display#1.delete_id(129)
[16:16:49.689905] {Display Queue} wl_display#1.delete_id(123)
[16:16:49.689907] {Display Queue} wl_display#1.delete_id(125)
[16:16:49.689909] {Display Queue} wl_display#1.delete_id(132)
[16:16:49.689911] {Display Queue} wl_display#1.delete_id(138)
[16:16:49.689912] {Display Queue} wl_display#1.delete_id(133)
[16:16:49.689914] {Display Queue} wl_display#1.delete_id(62)
[16:16:49.689916] {Display Queue} wl_display#1.delete_id(128)
[16:16:49.689918] {mesa vk display queue} wl_callback#128.done(15)
[16:16:49.689942] {mesa vk display queue}  -> wp_fifo_manager_v1#49.get_fifo(new id wp_fifo_v1#128, wl_surface#42)
[16:16:49.689946] {mesa vk display queue}  -> wp_commit_timing_manager_v1#48.get_timer(new id wp_commit_timer_v1#62, wl_surface#42)
[16:16:49.689982] {mesa vk display queue}  -> zwp_linux_dmabuf_v1#60.create_params(new id zwp_linux_buffer_params_v1#133)
[16:16:49.689985] {mesa vk display queue}  -> zwp_linux_buffer_params_v1#133.add(fd 21, 0, 0, 1536, 16777216, 15)
[16:16:49.689989] {mesa vk display queue}  -> zwp_linux_buffer_params_v1#133.add(fd 22, 1, 786432, 192, 16777216, 15)
[16:16:49.689992] {mesa vk display queue}  -> zwp_linux_buffer_params_v1#133.add(fd 23, 2, 790528, 64, 16777216, 15)
[16:16:49.689994] {mesa vk display queue}  -> zwp_linux_buffer_params_v1#133.create_immed(new id wl_buffer#138, 373, 510, 875713089, 0)
[16:16:49.689998] {mesa vk display queue}  -> zwp_linux_buffer_params_v1#133.destroy()
[16:16:49.690009] {mesa vk display queue}  -> zwp_linux_dmabuf_v1#60.create_params(new id zwp_linux_buffer_params_v1#132)
[16:16:49.690012] {mesa vk display queue}  -> zwp_linux_buffer_params_v1#132.add(fd 27, 0, 0, 1536, 16777216, 15)
[16:16:49.690014] {mesa vk display queue}  -> zwp_linux_buffer_params_v1#132.add(fd 28, 1, 786432, 192, 16777216, 15)
[16:16:49.690017] {mesa vk display queue}  -> zwp_linux_buffer_params_v1#132.add(fd 29, 2, 790528, 64, 16777216, 15)
[16:16:49.690019] {mesa vk display queue}  -> zwp_linux_buffer_params_v1#132.create_immed(new id wl_buffer#125, 373, 510, 875713089, 0)
[16:16:49.690022] {mesa vk display queue}  -> zwp_linux_buffer_params_v1#132.destroy()
[16:16:49.690031] {mesa vk display queue}  -> zwp_linux_dmabuf_v1#60.create_params(new id zwp_linux_buffer_params_v1#123)
[16:16:49.690038] {mesa vk display queue}  -> zwp_linux_buffer_params_v1#123.add(fd 33, 0, 0, 1536, 16777216, 15)
[16:16:49.690045] {mesa vk display queue}  -> zwp_linux_buffer_params_v1#123.add(fd 34, 1, 786432, 192, 16777216, 15)
[16:16:49.690048] {mesa vk display queue}  -> zwp_linux_buffer_params_v1#123.add(fd 35, 2, 790528, 64, 16777216, 15)
[16:16:49.690051] {mesa vk display queue}  -> zwp_linux_buffer_params_v1#123.create_immed(new id wl_buffer#129, 373, 510, 875713089, 0)
[16:16:49.690054] {mesa vk display queue}  -> zwp_linux_buffer_params_v1#123.destroy()
[16:16:49.690062] {mesa vk display queue}  -> zwp_linux_dmabuf_v1#60.create_params(new id zwp_linux_buffer_params_v1#119)
[16:16:49.690065] {mesa vk display queue}  -> zwp_linux_buffer_params_v1#119.add(fd 39, 0, 0, 1536, 16777216, 15)
[16:16:49.690067] {mesa vk display queue}  -> zwp_linux_buffer_params_v1#119.add(fd 40, 1, 786432, 192, 16777216, 15)
[16:16:49.690070] {mesa vk display queue}  -> zwp_linux_buffer_params_v1#119.add(fd 41, 2, 790528, 64, 16777216, 15)
[16:16:49.690072] {mesa vk display queue}  -> zwp_linux_buffer_params_v1#119.create_immed(new id wl_buffer#140, 373, 510, 875713089, 0)
[16:16:49.690075] {mesa vk display queue}  -> zwp_linux_buffer_params_v1#119.destroy()
[16:16:49.690147] {mesa vk display queue}  -> wl_buffer#109.destroy()
[16:16:49.690155] {mesa vk display queue}  -> wl_buffer#97.destroy()
[16:16:49.690160] {mesa vk display queue}  -> wl_buffer#118.destroy()
[16:16:49.690164] {mesa vk display queue}  -> wl_buffer#134.destroy()
[16:16:49.690876]  -> xdg_surface#74.set_window_geometry(0, 0, 373, 510)
[16:16:49.690880] {Default Queue}  -> wl_compositor#5.create_region(new id wl_region#141)
[16:16:49.690883] {Default Queue}  -> wl_region#141.add(0, 0, 373, 510)
[16:16:49.690885]  -> wl_surface#42.set_opaque_region(wl_region#141)
[16:16:49.690887] {Default Queue}  -> wl_region#141.destroy()
[16:16:49.690888] {Default Queue}  -> wp_viewport#44.set_destination(373, 510)
[16:16:49.690891]  -> wl_surface#42.frame(new id wl_callback#142)
[16:16:49.690893] {Default Queue}  -> wp_presentation#19.feedback(wl_surface#42, new id wp_presentation_feedback#143)
[16:16:49.690896]  -> wl_surface#42.offset(0, 0)
[16:16:49.690911] discarded [unknown]#109.[event 0](0 fd, 8 byte)
[16:16:49.690913] discarded [unknown]#109.[event 0](0 fd, 8 byte)
[16:16:49.690914] discarded [unknown]#97.[event 0](0 fd, 8 byte)
[16:16:49.690915] discarded [unknown]#97.[event 0](0 fd, 8 byte)
[16:16:49.690916] discarded [unknown]#118.[event 0](0 fd, 8 byte)
[16:16:49.690917] discarded [unknown]#118.[event 0](0 fd, 8 byte)
[16:16:49.690918] discarded [unknown]#134.[event 0](0 fd, 8 byte)
[16:16:49.690920] {Display Queue} wl_display#1.delete_id(133)
[16:16:49.690922] {Display Queue} wl_display#1.delete_id(132)
[16:16:49.690924] {Display Queue} wl_display#1.delete_id(123)
[16:16:49.690925] {Display Queue} wl_display#1.delete_id(119)
[16:16:49.690927] {Display Queue} wl_display#1.delete_id(109)
[16:16:49.690928] {Display Queue} wl_display#1.delete_id(97)
[16:16:49.690930] {Display Queue} wl_display#1.delete_id(118)
[16:16:49.690932] {mesa vk display queue}  -> wl_surface#42.attach(wl_buffer#138, 0, 0)
[16:16:49.690934] {mesa vk display queue}  -> wl_surface#42.damage_buffer(0, 0, 373, 510)
[16:16:49.690937] {mesa vk display queue}  -> wl_surface#42.commit()
[16:16:49.691116] discarded [unknown]#134.[event 0](0 fd, 8 byte)
[16:16:49.691118] discarded [unknown]#134.[event 0](0 fd, 8 byte)
[16:16:49.691121] {Display Queue} wl_display#1.delete_id(141)
[16:16:49.691122] {Display Queue} wl_display#1.delete_id(134)
[16:16:49.692147] {Display Queue} wl_display#1.delete_id(139)
[16:16:49.692158] {Display Queue} wl_display#1.delete_id(142)
[16:16:49.692160] {Default Queue} wl_callback#139.done(94875627)
[16:16:49.692167] {Default Queue} wl_callback#142.done(94875627)
[16:16:49.692263] {mesa present modes query}  -> wl_display#1.get_registry(new id wl_registry#142)
[16:16:49.692267] {mesa present modes query}  -> wl_display#1.sync(new id wl_callback#139)
[16:16:49.692510] {Display Queue} wl_display#1.delete_id(139)
[16:16:49.692516] {mesa present modes query} wl_registry#142.global(1, "wl_seat", 9)
[16:16:49.692523] {mesa present modes query} wl_registry#142.global(2, "wl_data_device_manager", 3)
[16:16:49.692526] {mesa present modes query} wl_registry#142.global(3, "wl_compositor", 6)
[16:16:49.692528] {mesa present modes query} wl_registry#142.global(4, "wl_subcompositor", 1)
[16:16:49.692530] {mesa present modes query} wl_registry#142.global(5, "wl_shm", 2)
[16:16:49.692532] {mesa present modes query} wl_registry#142.global(6, "wp_viewporter", 1)
[16:16:49.692534] {mesa present modes query} wl_registry#142.global(7, "wp_tearing_control_manager_v1", 1)
[16:16:49.692536] {mesa present modes query}  -> wl_registry#142.bind(7, "wp_tearing_control_manager_v1", 1, new id [unknown]#134)
[16:16:49.692540] {mesa present modes query} wl_registry#142.global(8, "wp_fractional_scale_manager_v1", 1)
[16:16:49.692542] {mesa present modes query} wl_registry#142.global(9, "zxdg_output_manager_v1", 3)
[16:16:49.692544] {mesa present modes query} wl_registry#142.global(10, "wp_cursor_shape_manager_v1", 2)
[16:16:49.692546] {mesa present modes query} wl_registry#142.global(11, "zwp_idle_inhibit_manager_v1", 1)
[16:16:49.692548] {mesa present modes query} wl_registry#142.global(12, "zwp_relative_pointer_manager_v1", 1)
[16:16:49.692550] {mesa present modes query} wl_registry#142.global(13, "zxdg_decoration_manager_v1", 2)
[16:16:49.692552] {mesa present modes query} wl_registry#142.global(14, "wp_alpha_modifier_v1", 1)
[16:16:49.692554] {mesa present modes query} wl_registry#142.global(15, "zwlr_gamma_control_manager_v1", 1)
[16:16:49.692556] {mesa present modes query} wl_registry#142.global(16, "ext_foreign_toplevel_list_v1", 1)
[16:16:49.692558] {mesa present modes query} wl_registry#142.global(17, "zwp_pointer_gestures_v1", 3)
[16:16:49.692560] {mesa present modes query} wl_registry#142.global(18, "zwlr_foreign_toplevel_manager_v1", 3)
[16:16:49.692562] {mesa present modes query} wl_registry#142.global(19, "zwp_keyboard_shortcuts_inhibit_manager_v1", 1)
[16:16:49.692564] {mesa present modes query} wl_registry#142.global(20, "zwp_text_input_manager_v1", 1)
[16:16:49.692566] {mesa present modes query} wl_registry#142.global(21, "zwp_text_input_manager_v3", 1)
[16:16:49.692568] {mesa present modes query} wl_registry#142.global(22, "zwp_pointer_constraints_v1", 1)
[16:16:49.692570] {mesa present modes query} wl_registry#142.global(23, "zwlr_output_power_manager_v1", 1)
[16:16:49.692572] {mesa present modes query} wl_registry#142.global(24, "xdg_activation_v1", 1)
[16:16:49.692573] {mesa present modes query} wl_registry#142.global(25, "ext_idle_notifier_v1", 2)
[16:16:49.692575] {mesa present modes query} wl_registry#142.global(26, "hyprland_lock_notifier_v1", 1)
[16:16:49.692577] {mesa present modes query} wl_registry#142.global(27, "ext_session_lock_manager_v1", 1)
[16:16:49.692579] {mesa present modes query} wl_registry#142.global(28, "zwp_input_method_manager_v2", 1)
[16:16:49.692581] {mesa present modes query} wl_registry#142.global(29, "zwp_virtual_keyboard_manager_v1", 1)
[16:16:49.692583] {mesa present modes query} wl_registry#142.global(30, "zwlr_virtual_pointer_manager_v1", 2)
[16:16:49.692585] {mesa present modes query} wl_registry#142.global(31, "zwlr_output_manager_v1", 4)
[16:16:49.692587] {mesa present modes query} wl_registry#142.global(32, "org_kde_kwin_server_decoration_manager", 1)
[16:16:49.692589] {mesa present modes query} wl_registry#142.global(33, "hyprland_focus_grab_manager_v1", 1)
[16:16:49.692591] {mesa present modes query} wl_registry#142.global(34, "zwp_tablet_manager_v2", 1)
[16:16:49.692593] {mesa present modes query} wl_registry#142.global(35, "zwlr_layer_shell_v1", 5)
[16:16:49.692595] {mesa present modes query} wl_registry#142.global(36, "wp_presentation", 2)
[16:16:49.692597] {mesa present modes query}  -> wl_registry#142.bind(36, "wp_presentation", 2, new id [unknown]#141)
[16:16:49.692599] {mesa present modes query} wl_registry#142.global(37, "xdg_wm_base", 7)
[16:16:49.692601] {mesa present modes query} wl_registry#142.global(38, "zwlr_data_control_manager_v1", 2)
[16:16:49.692605] {mesa present modes query} wl_registry#142.global(39, "zwp_primary_selection_device_manager_v1", 1)
[16:16:49.692608] {mesa present modes query} wl_registry#142.global(40, "xwayland_shell_v1", 1)
[16:16:49.692610] {mesa present modes query} wl_registry#142.global(41, "hyprland_toplevel_mapping_manager_v1", 1)
[16:16:49.692612] {mesa present modes query} wl_registry#142.global(42, "hyprland_global_shortcuts_manager_v1", 1)
[16:16:49.692614] {mesa present modes query} wl_registry#142.global(43, "xdg_wm_dialog_v1", 1)
[16:16:49.692616] {mesa present modes query} wl_registry#142.global(44, "wp_single_pixel_buffer_manager_v1", 1)
[16:16:49.692618] {mesa present modes query} wl_registry#142.global(45, "wp_security_context_manager_v1", 1)
[16:16:49.692620] {mesa present modes query} wl_registry#142.global(46, "hyprland_ctm_control_manager_v1", 2)
[16:16:49.692622] {mesa present modes query} wl_registry#142.global(47, "hyprland_input_capture_manager_v1", 1)
[16:16:49.692624] {mesa present modes query} wl_registry#142.global(48, "hyprland_surface_manager_v1", 2)
[16:16:49.692626] {mesa present modes query} wl_registry#142.global(49, "wp_content_type_manager_v1", 1)
[16:16:49.692628] {mesa present modes query} wl_registry#142.global(50, "xdg_toplevel_tag_manager_v1", 1)
[16:16:49.692630] {mesa present modes query} wl_registry#142.global(51, "xdg_system_bell_v1", 1)
[16:16:49.692632] {mesa present modes query} wl_registry#142.global(52, "vicinae_hotkey_manager_v1", 1)
[16:16:49.692634] {mesa present modes query} wl_registry#142.global(53, "ext_workspace_manager_v1", 1)
[16:16:49.692636] {mesa present modes query} wl_registry#142.global(54, "ext_data_control_manager_v1", 1)
[16:16:49.692638] {mesa present modes query} wl_registry#142.global(55, "wp_pointer_warp_v1", 1)
[16:16:49.692639] {mesa present modes query} wl_registry#142.global(56, "wp_fifo_manager_v1", 1)
[16:16:49.692642] {mesa present modes query}  -> wl_registry#142.bind(56, "wp_fifo_manager_v1", 1, new id [unknown]#118)
[16:16:49.692644] {mesa present modes query} wl_registry#142.global(57, "zxdg_exporter_v2", 1)
[16:16:49.692646] {mesa present modes query} wl_registry#142.global(58, "zxdg_importer_v2", 1)
[16:16:49.692648] {mesa present modes query} wl_registry#142.global(59, "ext_background_effect_manager_v1", 1)
[16:16:49.692650] {mesa present modes query} wl_registry#142.global(60, "wp_commit_timing_manager_v1", 1)
[16:16:49.692652] {mesa present modes query}  -> wl_registry#142.bind(60, "wp_commit_timing_manager_v1", 1, new id [unknown]#97)
[16:16:49.692655] {mesa present modes query} wl_registry#142.global(61, "zwlr_screencopy_manager_v1", 3)
[16:16:49.692657] {mesa present modes query} wl_registry#142.global(62, "hyprland_toplevel_export_manager_v1", 2)
[16:16:49.692659] {mesa present modes query} wl_registry#142.global(63, "ext_output_image_capture_source_manager_v1", 1)
[16:16:49.692661] {mesa present modes query} wl_registry#142.global(64, "ext_foreign_toplevel_image_capture_source_manager_v1", 1)
[16:16:49.692664] {mesa present modes query} wl_registry#142.global(65, "ext_image_copy_capture_manager_v1", 1)
[16:16:49.692666] {mesa present modes query} wl_registry#142.global(66, "wp_color_manager_v1", 3)
[16:16:49.692668] {mesa present modes query}  -> wl_registry#142.bind(66, "wp_color_manager_v1", 1, new id [unknown]#109)
[16:16:49.692670] {mesa present modes query} wl_registry#142.global(67, "wl_drm", 2)
[16:16:49.692672] {mesa present modes query} wl_registry#142.global(68, "zwp_linux_dmabuf_v1", 5)
[16:16:49.692674] {mesa present modes query}  -> wl_registry#142.bind(68, "zwp_linux_dmabuf_v1", 4, new id [unknown]#119)
[16:16:49.692676] {mesa present modes query} wl_registry#142.global(69, "wl_output", 4)
[16:16:49.692678] {mesa present modes query} wl_callback#139.done(15)
[16:16:49.692681] {mesa present modes query}  -> zwp_linux_dmabuf_v1#119.get_default_feedback(new id zwp_linux_dmabuf_feedback_v1#139)
[16:16:49.692684] {mesa present modes query}  -> wl_display#1.sync(new id wl_callback#123)
[16:16:49.692723] {Display Queue} wl_display#1.delete_id(123)
[16:16:49.692726] {mesa present modes query} wp_presentation#141.clock_id(1)
[16:16:49.692728] {mesa present modes query} wp_color_manager_v1#109.supported_feature(1)
[16:16:49.692730] {mesa present modes query} wp_color_manager_v1#109.supported_feature(2)
[16:16:49.692732] {mesa present modes query} wp_color_manager_v1#109.supported_feature(4)
[16:16:49.692733] {mesa present modes query} wp_color_manager_v1#109.supported_feature(7)
[16:16:49.692735] {mesa present modes query} wp_color_manager_v1#109.supported_feature(5)
[16:16:49.692736] {mesa present modes query} wp_color_manager_v1#109.supported_feature(6)
[16:16:49.692738] {mesa present modes query} wp_color_manager_v1#109.supported_primaries_named(1)
[16:16:49.692740] {mesa present modes query} wp_color_manager_v1#109.supported_primaries_named(6)
[16:16:49.692742] {mesa present modes query} wp_color_manager_v1#109.supported_primaries_named(2)
[16:16:49.692743] {mesa present modes query} wp_color_manager_v1#109.supported_primaries_named(3)
[16:16:49.692745] {mesa present modes query} wp_color_manager_v1#109.supported_primaries_named(4)
[16:16:49.692747] {mesa present modes query} wp_color_manager_v1#109.supported_primaries_named(5)
[16:16:49.692748] {mesa present modes query} wp_color_manager_v1#109.supported_primaries_named(8)
[16:16:49.692750] {mesa present modes query} wp_color_manager_v1#109.supported_primaries_named(9)
[16:16:49.692751] {mesa present modes query} wp_color_manager_v1#109.supported_primaries_named(10)
[16:16:49.692753] {mesa present modes query} wp_color_manager_v1#109.supported_primaries_named(7)
[16:16:49.692755] {mesa present modes query} wp_color_manager_v1#109.supported_tf_named(9)
[16:16:49.692757] {mesa present modes query} wp_color_manager_v1#109.supported_tf_named(10)
[16:16:49.692758] {mesa present modes query} wp_color_manager_v1#109.supported_tf_named(2)
[16:16:49.692760] {mesa present modes query} wp_color_manager_v1#109.supported_tf_named(3)
[16:16:49.692761] {mesa present modes query} wp_color_manager_v1#109.supported_tf_named(5)
[16:16:49.692763] {mesa present modes query} wp_color_manager_v1#109.supported_tf_named(11)
[16:16:49.692765] {mesa present modes query} wp_color_manager_v1#109.supported_tf_named(13)
[16:16:49.692767] {mesa present modes query} wp_color_manager_v1#109.supported_tf_named(1)
[16:16:49.692768] {mesa present modes query} wp_color_manager_v1#109.supported_tf_named(4)
[16:16:49.692770] {mesa present modes query} wp_color_manager_v1#109.supported_tf_named(6)
[16:16:49.692771] {mesa present modes query} wp_color_manager_v1#109.supported_tf_named(7)
[16:16:49.692773] {mesa present modes query} wp_color_manager_v1#109.supported_tf_named(8)
[16:16:49.692775] {mesa present modes query} wp_color_manager_v1#109.supported_tf_named(12)
[16:16:49.692776] {mesa present modes query} wp_color_manager_v1#109.supported_intent(0)
[16:16:49.692778] {mesa present modes query} wp_color_manager_v1#109.done()
[16:16:49.692780] {mesa present modes query} zwp_linux_dmabuf_feedback_v1#139.format_table(fd 16, 2960)
[16:16:49.692791] {mesa present modes query} zwp_linux_dmabuf_feedback_v1#139.main_device(array[8])
[16:16:49.692793] {mesa present modes query} zwp_linux_dmabuf_feedback_v1#139.tranche_target_device(array[8])
[16:16:49.692795] {mesa present modes query} zwp_linux_dmabuf_feedback_v1#139.tranche_flags(0)
[16:16:49.692797] {mesa present modes query} zwp_linux_dmabuf_feedback_v1#139.tranche_formats(array[370])
[16:16:49.692811] {mesa present modes query} zwp_linux_dmabuf_feedback_v1#139.tranche_done()
[16:16:49.692813] {mesa present modes query} zwp_linux_dmabuf_feedback_v1#139.done()
[16:16:49.692814] {mesa present modes query} wl_callback#123.done(15)
[16:16:49.692817] {mesa present modes query}  -> wl_display#1.sync(new id wl_callback#123)
[16:16:49.692828] {Display Queue} wl_display#1.delete_id(123)
[16:16:49.692830] {mesa present modes query} wl_callback#123.done(15)
[16:16:49.692833] {mesa present modes query}  -> zwp_linux_dmabuf_feedback_v1#139.destroy()
[16:16:49.692842] {mesa present modes query}  -> zwp_linux_dmabuf_v1#119.destroy()
[16:16:49.692845] {mesa present modes query}  -> wp_presentation#141.destroy()
[16:16:49.692847] {mesa present modes query}  -> wp_fifo_manager_v1#118.destroy()
[16:16:49.692849] {mesa present modes query}  -> wp_commit_timing_manager_v1#97.destroy()
[16:16:49.692851] {mesa present modes query}  -> wp_tearing_control_manager_v1#134.destroy()
[16:16:49.692853] {mesa present modes query}  -> wp_color_manager_v1#109.destroy()
[16:16:49.692855] {mesa present modes query}  -> wl_display#1.get_registry(new id wl_registry#123)
[16:16:49.692857] {mesa present modes query}  -> wl_display#1.sync(new id wl_callback#132)
[16:16:49.692891] {Display Queue} wl_display#1.delete_id(139)
[16:16:49.692893] {Display Queue} wl_display#1.delete_id(119)
[16:16:49.692894] {Display Queue} wl_display#1.delete_id(141)
[16:16:49.692896] {Display Queue} wl_display#1.delete_id(118)
[16:16:49.692897] {Display Queue} wl_display#1.delete_id(97)
[16:16:49.692899] {Display Queue} wl_display#1.delete_id(134)
[16:16:49.692900] {Display Queue} wl_display#1.delete_id(132)
[16:16:49.692902] {mesa present modes query} wl_registry#123.global(1, "wl_seat", 9)
[16:16:49.692904] {mesa present modes query} wl_registry#123.global(2, "wl_data_device_manager", 3)
[16:16:49.692905] {mesa present modes query} wl_registry#123.global(3, "wl_compositor", 6)
[16:16:49.692907] {mesa present modes query} wl_registry#123.global(4, "wl_subcompositor", 1)
[16:16:49.692909] {mesa present modes query} wl_registry#123.global(5, "wl_shm", 2)
[16:16:49.692911] {mesa present modes query} wl_registry#123.global(6, "wp_viewporter", 1)
[16:16:49.692912] {mesa present modes query} wl_registry#123.global(7, "wp_tearing_control_manager_v1", 1)
[16:16:49.692914] {mesa present modes query}  -> wl_registry#123.bind(7, "wp_tearing_control_manager_v1", 1, new id [unknown]#134)
[16:16:49.692917] {mesa present modes query} wl_registry#123.global(8, "wp_fractional_scale_manager_v1", 1)
[16:16:49.692919] {mesa present modes query} wl_registry#123.global(9, "zxdg_output_manager_v1", 3)
[16:16:49.692921] {mesa present modes query} wl_registry#123.global(10, "wp_cursor_shape_manager_v1", 2)
[16:16:49.692922] {mesa present modes query} wl_registry#123.global(11, "zwp_idle_inhibit_manager_v1", 1)
[16:16:49.692924] {mesa present modes query} wl_registry#123.global(12, "zwp_relative_pointer_manager_v1", 1)
[16:16:49.692926] {mesa present modes query} wl_registry#123.global(13, "zxdg_decoration_manager_v1", 2)
[16:16:49.692927] {mesa present modes query} wl_registry#123.global(14, "wp_alpha_modifier_v1", 1)
[16:16:49.692929] {mesa present modes query} wl_registry#123.global(15, "zwlr_gamma_control_manager_v1", 1)
[16:16:49.692931] {mesa present modes query} wl_registry#123.global(16, "ext_foreign_toplevel_list_v1", 1)
[16:16:49.692932] {mesa present modes query} wl_registry#123.global(17, "zwp_pointer_gestures_v1", 3)
[16:16:49.692934] {mesa present modes query} wl_registry#123.global(18, "zwlr_foreign_toplevel_manager_v1", 3)
[16:16:49.692936] {mesa present modes query} wl_registry#123.global(19, "zwp_keyboard_shortcuts_inhibit_manager_v1", 1)
[16:16:49.692937] {mesa present modes query} wl_registry#123.global(20, "zwp_text_input_manager_v1", 1)
[16:16:49.692939] {mesa present modes query} wl_registry#123.global(21, "zwp_text_input_manager_v3", 1)
[16:16:49.692941] {mesa present modes query} wl_registry#123.global(22, "zwp_pointer_constraints_v1", 1)
[16:16:49.692943] {mesa present modes query} wl_registry#123.global(23, "zwlr_output_power_manager_v1", 1)
[16:16:49.692944] {mesa present modes query} wl_registry#123.global(24, "xdg_activation_v1", 1)
[16:16:49.692946] {mesa present modes query} wl_registry#123.global(25, "ext_idle_notifier_v1", 2)
[16:16:49.692948] {mesa present modes query} wl_registry#123.global(26, "hyprland_lock_notifier_v1", 1)
[16:16:49.692949] {mesa present modes query} wl_registry#123.global(27, "ext_session_lock_manager_v1", 1)
[16:16:49.692951] {mesa present modes query} wl_registry#123.global(28, "zwp_input_method_manager_v2", 1)
[16:16:49.692954] {mesa present modes query} wl_registry#123.global(29, "zwp_virtual_keyboard_manager_v1", 1)
[16:16:49.692957] {mesa present modes query} wl_registry#123.global(30, "zwlr_virtual_pointer_manager_v1", 2)
[16:16:49.692958] {mesa present modes query} wl_registry#123.global(31, "zwlr_output_manager_v1", 4)
[16:16:49.692960] {mesa present modes query} wl_registry#123.global(32, "org_kde_kwin_server_decoration_manager", 1)
[16:16:49.692962] {mesa present modes query} wl_registry#123.global(33, "hyprland_focus_grab_manager_v1", 1)
[16:16:49.692964] {mesa present modes query} wl_registry#123.global(34, "zwp_tablet_manager_v2", 1)
[16:16:49.692965] {mesa present modes query} wl_registry#123.global(35, "zwlr_layer_shell_v1", 5)
[16:16:49.692967] {mesa present modes query} wl_registry#123.global(36, "wp_presentation", 2)
[16:16:49.692969] {mesa present modes query}  -> wl_registry#123.bind(36, "wp_presentation", 2, new id [unknown]#97)
[16:16:49.692971] {mesa present modes query} wl_registry#123.global(37, "xdg_wm_base", 7)
[16:16:49.692973] {mesa present modes query} wl_registry#123.global(38, "zwlr_data_control_manager_v1", 2)
[16:16:49.692975] {mesa present modes query} wl_registry#123.global(39, "zwp_primary_selection_device_manager_v1", 1)
[16:16:49.692977] {mesa present modes query} wl_registry#123.global(40, "xwayland_shell_v1", 1)
[16:16:49.692978] {mesa present modes query} wl_registry#123.global(41, "hyprland_toplevel_mapping_manager_v1", 1)
[16:16:49.692980] {mesa present modes query} wl_registry#123.global(42, "hyprland_global_shortcuts_manager_v1", 1)
[16:16:49.692982] {mesa present modes query} wl_registry#123.global(43, "xdg_wm_dialog_v1", 1)
[16:16:49.692984] {mesa present modes query} wl_registry#123.global(44, "wp_single_pixel_buffer_manager_v1", 1)
[16:16:49.692985] {mesa present modes query} wl_registry#123.global(45, "wp_security_context_manager_v1", 1)
[16:16:49.692987] {mesa present modes query} wl_registry#123.global(46, "hyprland_ctm_control_manager_v1", 2)
[16:16:49.692988] {mesa present modes query} wl_registry#123.global(47, "hyprland_input_capture_manager_v1", 1)
[16:16:49.692990] {mesa present modes query} wl_registry#123.global(48, "hyprland_surface_manager_v1", 2)
[16:16:49.692992] {mesa present modes query} wl_registry#123.global(49, "wp_content_type_manager_v1", 1)
[16:16:49.692994] {mesa present modes query} wl_registry#123.global(50, "xdg_toplevel_tag_manager_v1", 1)
[16:16:49.692995] {mesa present modes query} wl_registry#123.global(51, "xdg_system_bell_v1", 1)
[16:16:49.692997] {mesa present modes query} wl_registry#123.global(52, "vicinae_hotkey_manager_v1", 1)
[16:16:49.692999] {mesa present modes query} wl_registry#123.global(53, "ext_workspace_manager_v1", 1)
[16:16:49.693001] {mesa present modes query} wl_registry#123.global(54, "ext_data_control_manager_v1", 1)
[16:16:49.693002] {mesa present modes query} wl_registry#123.global(55, "wp_pointer_warp_v1", 1)
[16:16:49.693004] {mesa present modes query} wl_registry#123.global(56, "wp_fifo_manager_v1", 1)
[16:16:49.693006] {mesa present modes query}  -> wl_registry#123.bind(56, "wp_fifo_manager_v1", 1, new id [unknown]#118)
[16:16:49.693008] {mesa present modes query} wl_registry#123.global(57, "zxdg_exporter_v2", 1)
[16:16:49.693009] {mesa present modes query} wl_registry#123.global(58, "zxdg_importer_v2", 1)
[16:16:49.693011] {mesa present modes query} wl_registry#123.global(59, "ext_background_effect_manager_v1", 1)
[16:16:49.693013] {mesa present modes query} wl_registry#123.global(60, "wp_commit_timing_manager_v1", 1)
[16:16:49.693014] {mesa present modes query}  -> wl_registry#123.bind(60, "wp_commit_timing_manager_v1", 1, new id [unknown]#141)
[16:16:49.693017] {mesa present modes query} wl_registry#123.global(61, "zwlr_screencopy_manager_v1", 3)
[16:16:49.693019] {mesa present modes query} wl_registry#123.global(62, "hyprland_toplevel_export_manager_v1", 2)
[16:16:49.693020] {mesa present modes query} wl_registry#123.global(63, "ext_output_image_capture_source_manager_v1", 1)
[16:16:49.693024] {mesa present modes query} wl_registry#123.global(64, "ext_foreign_toplevel_image_capture_source_manager_v1", 1)
[16:16:49.693027] {mesa present modes query} wl_registry#123.global(65, "ext_image_copy_capture_manager_v1", 1)
[16:16:49.693029] {mesa present modes query} wl_registry#123.global(66, "wp_color_manager_v1", 3)
[16:16:49.693031] {mesa present modes query}  -> wl_registry#123.bind(66, "wp_color_manager_v1", 1, new id [unknown]#119)
[16:16:49.693033] {mesa present modes query} wl_registry#123.global(67, "wl_drm", 2)
[16:16:49.693034] {mesa present modes query} wl_registry#123.global(68, "zwp_linux_dmabuf_v1", 5)
[16:16:49.693036] {mesa present modes query}  -> wl_registry#123.bind(68, "zwp_linux_dmabuf_v1", 4, new id [unknown]#139)
[16:16:49.693038] {mesa present modes query} wl_registry#123.global(69, "wl_output", 4)
[16:16:49.693040] {mesa present modes query} wl_callback#132.done(15)
[16:16:49.693041] {mesa present modes query}  -> zwp_linux_dmabuf_v1#139.get_default_feedback(new id zwp_linux_dmabuf_feedback_v1#132)
[16:16:49.693044] {mesa present modes query}  -> wl_display#1.sync(new id wl_callback#133)
[16:16:49.693067] {Display Queue} wl_display#1.delete_id(133)
[16:16:49.693069] {mesa present modes query} wp_presentation#97.clock_id(1)
[16:16:49.693070] {mesa present modes query} wp_color_manager_v1#119.supported_feature(1)
[16:16:49.693072] {mesa present modes query} wp_color_manager_v1#119.supported_feature(2)
[16:16:49.693073] {mesa present modes query} wp_color_manager_v1#119.supported_feature(4)
[16:16:49.693075] {mesa present modes query} wp_color_manager_v1#119.supported_feature(7)
[16:16:49.693076] {mesa present modes query} wp_color_manager_v1#119.supported_feature(5)
[16:16:49.693078] {mesa present modes query} wp_color_manager_v1#119.supported_feature(6)
[16:16:49.693079] {mesa present modes query} wp_color_manager_v1#119.supported_primaries_named(1)
[16:16:49.693081] {mesa present modes query} wp_color_manager_v1#119.supported_primaries_named(6)
[16:16:49.693082] {mesa present modes query} wp_color_manager_v1#119.supported_primaries_named(2)
[16:16:49.693084] {mesa present modes query} wp_color_manager_v1#119.supported_primaries_named(3)
[16:16:49.693085] {mesa present modes query} wp_color_manager_v1#119.supported_primaries_named(4)
[16:16:49.693086] {mesa present modes query} wp_color_manager_v1#119.supported_primaries_named(5)
[16:16:49.693088] {mesa present modes query} wp_color_manager_v1#119.supported_primaries_named(8)
[16:16:49.693089] {mesa present modes query} wp_color_manager_v1#119.supported_primaries_named(9)
[16:16:49.693091] {mesa present modes query} wp_color_manager_v1#119.supported_primaries_named(10)
[16:16:49.693092] {mesa present modes query} wp_color_manager_v1#119.supported_primaries_named(7)
[16:16:49.693094] {mesa present modes query} wp_color_manager_v1#119.supported_tf_named(9)
[16:16:49.693095] {mesa present modes query} wp_color_manager_v1#119.supported_tf_named(10)
[16:16:49.693097] {mesa present modes query} wp_color_manager_v1#119.supported_tf_named(2)
[16:16:49.693098] {mesa present modes query} wp_color_manager_v1#119.supported_tf_named(3)
[16:16:49.693100] {mesa present modes query} wp_color_manager_v1#119.supported_tf_named(5)
[16:16:49.693101] {mesa present modes query} wp_color_manager_v1#119.supported_tf_named(11)
[16:16:49.693103] {mesa present modes query} wp_color_manager_v1#119.supported_tf_named(13)
[16:16:49.693104] {mesa present modes query} wp_color_manager_v1#119.supported_tf_named(1)
[16:16:49.693105] {mesa present modes query} wp_color_manager_v1#119.supported_tf_named(4)
[16:16:49.693107] {mesa present modes query} wp_color_manager_v1#119.supported_tf_named(6)
[16:16:49.693108] {mesa present modes query} wp_color_manager_v1#119.supported_tf_named(7)
[16:16:49.693110] {mesa present modes query} wp_color_manager_v1#119.supported_tf_named(8)
[16:16:49.693111] {mesa present modes query} wp_color_manager_v1#119.supported_tf_named(12)
[16:16:49.693113] {mesa present modes query} wp_color_manager_v1#119.supported_intent(0)
[16:16:49.693116] {mesa present modes query} wp_color_manager_v1#119.done()
[16:16:49.693118] {mesa present modes query} zwp_linux_dmabuf_feedback_v1#132.format_table(fd 16, 2960)
[16:16:49.693122] {mesa present modes query} zwp_linux_dmabuf_feedback_v1#132.main_device(array[8])
[16:16:49.693124] {mesa present modes query} zwp_linux_dmabuf_feedback_v1#132.tranche_target_device(array[8])
[16:16:49.693126] {mesa present modes query} zwp_linux_dmabuf_feedback_v1#132.tranche_flags(0)
[16:16:49.693127] {mesa present modes query} zwp_linux_dmabuf_feedback_v1#132.tranche_formats(array[370])
[16:16:49.693136] {mesa present modes query} zwp_linux_dmabuf_feedback_v1#132.tranche_done()
[16:16:49.693138] {mesa present modes query} zwp_linux_dmabuf_feedback_v1#132.done()
[16:16:49.693140] {mesa present modes query} wl_callback#133.done(15)
[16:16:49.693141] {mesa present modes query}  -> wl_display#1.sync(new id wl_callback#133)
[16:16:49.693152] {Display Queue} wl_display#1.delete_id(133)
[16:16:49.693154] {mesa present modes query} wl_callback#133.done(15)
[16:16:49.693156] {mesa present modes query}  -> zwp_linux_dmabuf_feedback_v1#132.destroy()
[16:16:49.693160] {mesa present modes query}  -> zwp_linux_dmabuf_v1#139.destroy()
[16:16:49.693162] {mesa present modes query}  -> wp_presentation#97.destroy()
[16:16:49.693163] {mesa present modes query}  -> wp_fifo_manager_v1#118.destroy()
[16:16:49.693165] {mesa present modes query}  -> wp_commit_timing_manager_v1#141.destroy()
[16:16:49.693166] {mesa present modes query}  -> wp_tearing_control_manager_v1#134.destroy()
[16:16:49.693168] {mesa present modes query}  -> wp_color_manager_v1#119.destroy()
[16:16:49.693171] {mesa vk display queue}  -> wp_fifo_v1#111.destroy()
[16:16:49.693173] {mesa vk display queue}  -> wp_commit_timer_v1#94.destroy()
[16:16:49.693175] {mesa vk display queue}  -> wl_display#1.sync(new id wl_callback#133)
[16:16:49.693177] {mesa vk display queue} wl_buffer#127.release()
[16:16:49.693192] {Display Queue} wl_display#1.delete_id(132)
[16:16:49.693194] {Display Queue} wl_display#1.delete_id(139)
[16:16:49.693196] {Display Queue} wl_display#1.delete_id(97)
[16:16:49.693197] {Display Queue} wl_display#1.delete_id(118)
[16:16:49.693199] {Display Queue} wl_display#1.delete_id(141)
[16:16:49.693200] {Display Queue} wl_display#1.delete_id(134)
[16:16:49.693202] {Display Queue} wl_display#1.delete_id(111)
[16:16:49.693203] {Display Queue} wl_display#1.delete_id(94)
[16:16:49.693204] {Display Queue} wl_display#1.delete_id(133)
[16:16:49.693206] {mesa vk display queue} wl_callback#133.done(15)
[16:16:49.693222] {mesa vk display queue}  -> wp_fifo_manager_v1#81.get_fifo(new id wp_fifo_v1#133, wl_surface#71)
[16:16:49.693224] {mesa vk display queue}  -> wp_commit_timing_manager_v1#80.get_timer(new id wp_commit_timer_v1#94, wl_surface#71)
[16:16:49.693245] {mesa vk display queue}  -> zwp_linux_dmabuf_v1#92.create_params(new id zwp_linux_buffer_params_v1#111)
[16:16:49.693250] {mesa vk display queue}  -> zwp_linux_buffer_params_v1#111.add(fd 21, 0, 0, 1536, 16777216, 15)
[16:16:49.693253] {mesa vk display queue}  -> zwp_linux_buffer_params_v1#111.add(fd 22, 1, 786432, 192, 16777216, 15)
[16:16:49.693255] {mesa vk display queue}  -> zwp_linux_buffer_params_v1#111.add(fd 23, 2, 790528, 64, 16777216, 15)
[16:16:49.693257] {mesa vk display queue}  -> zwp_linux_buffer_params_v1#111.create_immed(new id wl_buffer#134, 373, 510, 875713089, 0)
[16:16:49.693260] {mesa vk display queue}  -> zwp_linux_buffer_params_v1#111.destroy()
[16:16:49.693270] {mesa vk display queue}  -> zwp_linux_dmabuf_v1#92.create_params(new id zwp_linux_buffer_params_v1#141)
[16:16:49.693272] {mesa vk display queue}  -> zwp_linux_buffer_params_v1#141.add(fd 27, 0, 0, 1536, 16777216, 15)
[16:16:49.693274] {mesa vk display queue}  -> zwp_linux_buffer_params_v1#141.add(fd 28, 1, 786432, 192, 16777216, 15)
[16:16:49.693276] {mesa vk display queue}  -> zwp_linux_buffer_params_v1#141.add(fd 29, 2, 790528, 64, 16777216, 15)
[16:16:49.693278] {mesa vk display queue}  -> zwp_linux_buffer_params_v1#141.create_immed(new id wl_buffer#118, 373, 510, 875713089, 0)
[16:16:49.693284] {mesa vk display queue}  -> zwp_linux_buffer_params_v1#141.destroy()
[16:16:49.693291] {mesa vk display queue}  -> zwp_linux_dmabuf_v1#92.create_params(new id zwp_linux_buffer_params_v1#97)
[16:16:49.693293] {mesa vk display queue}  -> zwp_linux_buffer_params_v1#97.add(fd 33, 0, 0, 1536, 16777216, 15)
[16:16:49.693295] {mesa vk display queue}  -> zwp_linux_buffer_params_v1#97.add(fd 34, 1, 786432, 192, 16777216, 15)
[16:16:49.693297] {mesa vk display queue}  -> zwp_linux_buffer_params_v1#97.add(fd 35, 2, 790528, 64, 16777216, 15)
[16:16:49.693299] {mesa vk display queue}  -> zwp_linux_buffer_params_v1#97.create_immed(new id wl_buffer#139, 373, 510, 875713089, 0)
[16:16:49.693302] {mesa vk display queue}  -> zwp_linux_buffer_params_v1#97.destroy()
[16:16:49.693308] {mesa vk display queue}  -> zwp_linux_dmabuf_v1#92.create_params(new id zwp_linux_buffer_params_v1#132)
[16:16:49.693310] {mesa vk display queue}  -> zwp_linux_buffer_params_v1#132.add(fd 39, 0, 0, 1536, 16777216, 15)
[16:16:49.693312] {mesa vk display queue}  -> zwp_linux_buffer_params_v1#132.add(fd 40, 1, 786432, 192, 16777216, 15)
[16:16:49.693314] {mesa vk display queue}  -> zwp_linux_buffer_params_v1#132.add(fd 41, 2, 790528, 64, 16777216, 15)
[16:16:49.693317] {mesa vk display queue}  -> zwp_linux_buffer_params_v1#132.create_immed(new id wl_buffer#144, 373, 510, 875713089, 0)
[16:16:49.693319] {mesa vk display queue}  -> zwp_linux_buffer_params_v1#132.destroy()
[16:16:49.693396] {mesa vk display queue}  -> wl_buffer#127.destroy()
[16:16:49.693403] {mesa vk display queue}  -> wl_buffer#135.destroy()
[16:16:49.693407] {mesa vk display queue}  -> wl_buffer#131.destroy()
[16:16:49.693410] {mesa vk display queue}  -> wl_buffer#130.destroy()
[16:16:49.694117]  -> xdg_surface#106.set_window_geometry(0, 0, 373, 510)
[16:16:49.694123] {Default Queue}  -> wl_compositor#5.create_region(new id wl_region#145)
[16:16:49.694126] {Default Queue}  -> wl_region#145.add(0, 0, 373, 510)
[16:16:49.694128]  -> wl_surface#71.set_opaque_region(wl_region#145)
[16:16:49.694130] {Default Queue}  -> wl_region#145.destroy()
[16:16:49.694132] {Default Queue}  -> wp_viewport#67.set_destination(373, 510)
[16:16:49.694134]  -> wl_surface#71.frame(new id wl_callback#146)
[16:16:49.694136] {Default Queue}  -> wp_presentation#19.feedback(wl_surface#71, new id wp_presentation_feedback#147)
[16:16:49.694139]  -> wl_surface#71.offset(0, 0)
[16:16:49.694155] discarded [unknown]#127.[event 0](0 fd, 8 byte)
[16:16:49.694157] discarded [unknown]#127.[event 0](0 fd, 8 byte)
[16:16:49.694158] discarded [unknown]#135.[event 0](0 fd, 8 byte)
[16:16:49.694159] discarded [unknown]#131.[event 0](0 fd, 8 byte)
[16:16:49.694161] discarded [unknown]#131.[event 0](0 fd, 8 byte)
[16:16:49.694162] discarded [unknown]#130.[event 0](0 fd, 8 byte)
[16:16:49.694163] discarded [unknown]#130.[event 0](0 fd, 8 byte)
[16:16:49.694165] {Display Queue} wl_display#1.delete_id(111)
[16:16:49.694167] {Display Queue} wl_display#1.delete_id(141)
[16:16:49.694169] {Display Queue} wl_display#1.delete_id(97)
[16:16:49.694171] {Display Queue} wl_display#1.delete_id(132)
[16:16:49.694173] {Display Queue} wl_display#1.delete_id(127)
[16:16:49.694175] {Display Queue} wl_display#1.delete_id(131)
[16:16:49.694176] {Display Queue} wl_display#1.delete_id(130)
[16:16:49.694178] {mesa vk display queue}  -> wl_surface#71.attach(wl_buffer#134, 0, 0)
[16:16:49.694181] {mesa vk display queue}  -> wl_surface#71.damage_buffer(0, 0, 373, 510)
[16:16:49.694184] {mesa vk display queue}  -> wl_surface#71.commit()
[16:16:49.694305]  -> wl_surface#42.frame(new id wl_callback#130)
[16:16:49.694309] {Default Queue}  -> wp_presentation#19.feedback(wl_surface#42, new id wp_presentation_feedback#131)
[16:16:49.694312]  -> wl_surface#42.offset(0, 0)
[16:16:49.694322] {mesa vk display queue}  -> wl_surface#42.attach(wl_buffer#125, 0, 0)
[16:16:49.694325] {mesa vk display queue}  -> wl_surface#42.damage_buffer(0, 0, 373, 510)
[16:16:49.694327] {mesa vk display queue}  -> wl_surface#42.commit()
[16:16:49.694500] discarded [unknown]#135.[event 0](0 fd, 8 byte)
[16:16:49.694512] discarded [unknown]#135.[event 0](0 fd, 8 byte)
[16:16:49.694515] {Display Queue} wl_display#1.delete_id(145)
[16:16:49.694517] {Display Queue} wl_display#1.delete_id(135)
[16:16:49.708912] {Display Queue} wl_display#1.delete_id(137)
[16:16:49.708917] {Display Queue} wl_display#1.delete_id(143)
[16:16:49.708919] {Display Queue} wl_display#1.delete_id(146)
[16:16:49.708920] {Display Queue} wl_display#1.delete_id(130)
[16:16:49.708922] {Default Queue} wp_presentation_feedback#137.sync_output(wl_output#29)
[16:16:49.708924] {Default Queue} wp_presentation_feedback#137.presented(0, 94875, 644227359, 0, 0, 0, 1)
[16:16:49.708928] {Default Queue} wp_presentation_feedback#143.sync_output(wl_output#29)
[16:16:49.708930] {Default Queue} wp_presentation_feedback#143.presented(0, 94875, 644227359, 0, 0, 0, 1)
[16:16:49.708933] {Default Queue} wl_callback#146.done(94875644)
[16:16:49.708945] {Default Queue} wl_callback#130.done(94875644)
[16:16:49.709223]  -> wl_surface#71.frame(new id wl_callback#130)
[16:16:49.709229] {Default Queue}  -> wp_presentation#19.feedback(wl_surface#71, new id wp_presentation_feedback#146)
[16:16:49.709232]  -> wl_surface#71.offset(0, 0)
[16:16:49.709245] {mesa vk display queue}  -> wl_surface#71.attach(wl_buffer#118, 0, 0)
[16:16:49.709255] {mesa vk display queue}  -> wl_surface#71.damage_buffer(0, 0, 373, 510)
[16:16:49.709257] {mesa vk display queue}  -> wl_surface#71.commit()
[16:16:49.709343]  -> wl_surface#42.frame(new id wl_callback#143)
[16:16:49.709346] {Default Queue}  -> wp_presentation#19.feedback(wl_surface#42, new id wp_presentation_feedback#137)
[16:16:49.709349]  -> wl_surface#42.offset(0, 0)
[16:16:49.709357] {mesa vk display queue}  -> wl_surface#42.attach(wl_buffer#129, 0, 0)
[16:16:49.709359] {mesa vk display queue}  -> wl_surface#42.damage_buffer(0, 0, 373, 510)
[16:16:49.709361] {mesa vk display queue}  -> wl_surface#42.commit()
[16:16:49.725692] {Display Queue} wl_display#1.delete_id(147)
[16:16:49.725699] {Display Queue} wl_display#1.delete_id(131)
[16:16:49.725700] {Display Queue} wl_display#1.delete_id(130)
[16:16:49.725702] {Display Queue} wl_display#1.delete_id(143)
[16:16:49.725703] {Default Queue} wp_presentation_feedback#147.sync_output(wl_output#29)
[16:16:49.725705] {Default Queue} wp_presentation_feedback#147.presented(0, 94875, 660999358, 0, 0, 0, 1)
[16:16:49.725708] {Default Queue} wp_presentation_feedback#131.sync_output(wl_output#29)
[16:16:49.725710] {Default Queue} wp_presentation_feedback#131.presented(0, 94875, 660999358, 0, 0, 0, 1)
[16:16:49.725713] {Default Queue} wl_callback#130.done(94875661)
[16:16:49.725718] {Default Queue} wl_callback#143.done(94875661)
[16:16:49.725935]  -> wl_surface#71.frame(new id wl_callback#143)
[16:16:49.725941] {Default Queue}  -> wp_presentation#19.feedback(wl_surface#71, new id wp_presentation_feedback#130)
[16:16:49.725943]  -> wl_surface#71.offset(0, 0)
[16:16:49.725956] {mesa vk display queue}  -> wl_surface#71.attach(wl_buffer#139, 0, 0)
[16:16:49.725958] {mesa vk display queue}  -> wl_surface#71.damage_buffer(0, 0, 373, 510)
[16:16:49.725960] {mesa vk display queue}  -> wl_surface#71.commit()
[16:16:49.726045]  -> wl_surface#42.frame(new id wl_callback#131)
[16:16:49.726048] {Default Queue}  -> wp_presentation#19.feedback(wl_surface#42, new id wp_presentation_feedback#147)
[16:16:49.726050]  -> wl_surface#42.offset(0, 0)
[16:16:49.726058] {mesa vk display queue}  -> wl_surface#42.attach(wl_buffer#140, 0, 0)
[16:16:49.726060] {mesa vk display queue}  -> wl_surface#42.damage_buffer(0, 0, 373, 510)
[16:16:49.726062] {mesa vk display queue}  -> wl_surface#42.commit()
[16:16:49.742283] {Display Queue} wl_display#1.delete_id(146)
[16:16:49.742296] {Display Queue} wl_display#1.delete_id(137)
[16:16:49.742299] {Display Queue} wl_display#1.delete_id(143)
[16:16:49.742301] {Display Queue} wl_display#1.delete_id(131)
[16:16:49.742303] {Default Queue} wp_presentation_feedback#146.sync_output(wl_output#29)
[16:16:49.742306] {Default Queue} wp_presentation_feedback#146.presented(0, 94875, 677511722, 0, 0, 0, 1)
[16:16:49.742319] {Default Queue} wp_presentation_feedback#137.sync_output(wl_output#29)
[16:16:49.742332] {Default Queue} wp_presentation_feedback#137.presented(0, 94875, 677511722, 0, 0, 0, 1)
[16:16:49.742335] {Default Queue} wl_callback#143.done(94875677)
[16:16:49.742346] {Default Queue} wl_callback#131.done(94875677)
[16:16:49.742768]  -> wl_surface#71.frame(new id wl_callback#131)
[16:16:49.742776] {Default Queue}  -> wp_presentation#19.feedback(wl_surface#71, new id wp_presentation_feedback#143)
[16:16:49.742779]  -> wl_surface#71.offset(0, 0)
[16:16:49.742799] {mesa vk display queue}  -> wl_surface#71.attach(wl_buffer#144, 0, 0)
[16:16:49.742803] {mesa vk display queue}  -> wl_surface#71.damage_buffer(0, 0, 373, 510)
[16:16:49.742805] {mesa vk display queue}  -> wl_surface#71.commit()
[16:16:49.742873] {mesa vk display queue} wl_buffer#138.release()
[16:16:49.742878] {mesa vk display queue} wl_buffer#125.release()
[16:16:49.742880] {mesa vk display queue} wl_buffer#129.release()
[16:16:49.754185]  -> wl_surface#42.frame(new id wl_callback#137)
[16:16:49.754204] {Default Queue}  -> wp_presentation#19.feedback(wl_surface#42, new id wp_presentation_feedback#146)
[16:16:49.754210]  -> wl_surface#42.offset(0, 0)
[16:16:49.754253] {mesa vk display queue}  -> wl_surface#42.attach(wl_buffer#138, 0, 0)
[16:16:49.754258] {mesa vk display queue}  -> wl_surface#42.damage_buffer(7, 7, 102, 36)
[16:16:49.754261] {mesa vk display queue}  -> wl_surface#42.commit()
[16:16:49.758849] {Display Queue} wl_display#1.delete_id(130)
[16:16:49.758860] {Display Queue} wl_display#1.delete_id(147)
[16:16:49.758863] {Display Queue} wl_display#1.delete_id(131)
[16:16:49.758865] {Display Queue} wl_display#1.delete_id(137)
[16:16:49.758867] {Default Queue} wp_presentation_feedback#130.sync_output(wl_output#29)
[16:16:49.758871] {Default Queue} wp_presentation_feedback#130.presented(0, 94875, 694108586, 0, 0, 0, 1)
[16:16:49.758877] {Default Queue} wp_presentation_feedback#147.sync_output(wl_output#29)
[16:16:49.758880] {Default Queue} wp_presentation_feedback#147.presented(0, 94875, 694108586, 0, 0, 0, 1)
[16:16:49.758884] {Default Queue} wl_callback#131.done(94875694)
[16:16:49.758894] {Default Queue} wl_callback#137.done(94875694)
[16:16:49.759130] {mesa vk display queue} wl_buffer#134.release()
[16:16:49.759136] {mesa vk display queue} wl_buffer#118.release()
[16:16:49.759139] {mesa vk display queue} wl_buffer#139.release()
[16:16:49.759677]  -> wl_surface#71.frame(new id wl_callback#137)
[16:16:49.759686] {Default Queue}  -> wp_presentation#19.feedback(wl_surface#71, new id wp_presentation_feedback#131)
[16:16:49.759690]  -> wl_surface#71.offset(0, 0)
[16:16:49.759715] {mesa vk display queue}  -> wl_surface#71.attach(wl_buffer#134, 0, 0)
[16:16:49.759719] {mesa vk display queue}  -> wl_surface#71.damage_buffer(4, 4, 108, 42)
[16:16:49.759722] {mesa vk display queue}  -> wl_surface#71.damage_buffer(5, 87, 88, 41)
[16:16:49.759725] {mesa vk display queue}  -> wl_surface#71.commit()
[16:16:49.759863]  -> wl_surface#42.frame(new id wl_callback#147)
[16:16:49.759870] {Default Queue}  -> wp_presentation#19.feedback(wl_surface#42, new id wp_presentation_feedback#130)
[16:16:49.759873]  -> wl_surface#42.offset(0, 0)
[16:16:49.759891] {mesa vk display queue}  -> wl_surface#42.attach(wl_buffer#125, 0, 0)
[16:16:49.759894] {mesa vk display queue}  -> wl_surface#42.damage_buffer(7, 7, 102, 36)
[16:16:49.759897] {mesa vk display queue}  -> wl_surface#42.commit()
[16:16:49.775460] {Display Queue} wl_display#1.delete_id(143)
[16:16:49.775471] {Display Queue} wl_display#1.delete_id(146)
[16:16:49.775474] {Display Queue} wl_display#1.delete_id(137)
[16:16:49.775476] {Display Queue} wl_display#1.delete_id(147)
[16:16:49.775478] {Default Queue} wp_presentation_feedback#143.sync_output(wl_output#29)
[16:16:49.775482] {Default Queue} wp_presentation_feedback#143.presented(0, 94875, 710796969, 0, 0, 0, 1)
[16:16:49.775487] {Default Queue} wp_presentation_feedback#146.sync_output(wl_output#29)
[16:16:49.775497] {Default Queue} wp_presentation_feedback#146.presented(0, 94875, 710796969, 0, 0, 0, 1)
[16:16:49.775510] {Default Queue} wl_callback#137.done(94875710)
[16:16:49.775521] {Default Queue} wl_callback#147.done(94875710)
[16:16:49.810117]  -> wl_surface#71.frame(new id wl_callback#147)
[16:16:49.810131] {Default Queue}  -> wp_presentation#19.feedback(wl_surface#71, new id wp_presentation_feedback#137)
[16:16:49.810137]  -> wl_surface#71.offset(0, 0)
[16:16:49.810178] {Display Queue} wl_display#1.delete_id(131)
[16:16:49.810183] {Display Queue} wl_display#1.delete_id(130)
[16:16:49.810186] {mesa vk display queue}  -> wl_surface#71.attach(wl_buffer#118, 0, 0)
[16:16:49.810190] {mesa vk display queue}  -> wl_surface#71.damage_buffer(4, 4, 108, 42)
[16:16:49.810193] {mesa vk display queue}  -> wl_surface#71.damage_buffer(5, 87, 88, 41)
[16:16:49.810195] {mesa vk display queue}  -> wl_surface#71.commit()
[16:16:49.810452]  -> wl_surface#42.frame(new id wl_callback#146)
[16:16:49.810460] {Default Queue}  -> wp_presentation#19.feedback(wl_surface#42, new id wp_presentation_feedback#143)
[16:16:49.810463]  -> wl_surface#42.offset(0, 0)
[16:16:49.810482] {mesa vk display queue}  -> wl_surface#42.attach(wl_buffer#129, 0, 0)
[16:16:49.810486] {mesa vk display queue}  -> wl_surface#42.damage_buffer(7, 7, 102, 36)
[16:16:49.810489] {mesa vk display queue}  -> wl_surface#42.commit()
[16:16:49.810508] {Default Queue} wp_presentation_feedback#131.sync_output(wl_output#29)
[16:16:49.810512] {Default Queue} wp_presentation_feedback#131.presented(0, 94875, 727412498, 0, 0, 0, 1)
[16:16:49.810517] {Default Queue} wp_presentation_feedback#130.sync_output(wl_output#29)
[16:16:49.810520] {Default Queue} wp_presentation_feedback#130.presented(0, 94875, 727412498, 0, 0, 0, 1)
[16:16:49.825396] {Display Queue} wl_display#1.delete_id(147)
[16:16:49.825403] {Display Queue} wl_display#1.delete_id(146)
[16:16:49.825406] {Default Queue} wl_callback#147.done(94875760)
[16:16:49.825420] {Default Queue} wl_callback#146.done(94875760)
[16:16:49.825696]  -> wl_surface#71.frame(new id wl_callback#146)
[16:16:49.825704] {Default Queue}  -> wp_presentation#19.feedback(wl_surface#71, new id wp_presentation_feedback#147)
[16:16:49.825707]  -> wl_surface#71.offset(0, 0)
[16:16:49.825728] {mesa vk display queue}  -> wl_surface#71.attach(wl_buffer#139, 0, 0)
[16:16:49.825731] {mesa vk display queue}  -> wl_surface#71.damage_buffer(4, 4, 108, 42)
[16:16:49.825734] {mesa vk display queue}  -> wl_surface#71.damage_buffer(8, 90, 82, 34)
[16:16:49.825736] {mesa vk display queue}  -> wl_surface#71.commit()
[16:16:49.825802] {mesa vk display queue} wl_buffer#140.release()
[16:16:49.825806] {mesa vk display queue} wl_buffer#138.release()
[16:16:49.825809] {mesa vk display queue} wl_buffer#125.release()
[16:16:49.825866]  -> wl_surface#42.frame(new id wl_callback#130)
[16:16:49.825871] {Default Queue}  -> wp_presentation#19.feedback(wl_surface#42, new id wp_presentation_feedback#131)
[16:16:49.825874]  -> wl_surface#42.offset(0, 0)
[16:16:49.825890] {mesa vk display queue}  -> wl_surface#42.attach(wl_buffer#138, 0, 0)
[16:16:49.825894] {mesa vk display queue}  -> wl_surface#42.damage_buffer(17, 16, 1, 18)
[16:16:49.825896] {mesa vk display queue}  -> wl_surface#42.commit()
[16:16:49.842261] {Display Queue} wl_display#1.delete_id(137)
[16:16:49.842272] {Display Queue} wl_display#1.delete_id(143)
[16:16:49.842275] {Display Queue} wl_display#1.delete_id(146)
[16:16:49.842278] {Display Queue} wl_display#1.delete_id(130)
[16:16:49.842280] {Default Queue} wp_presentation_feedback#137.sync_output(wl_output#29)
[16:16:49.842282] {Default Queue} wp_presentation_feedback#137.presented(0, 94875, 777465398, 0, 0, 0, 1)
[16:16:49.842288] {Default Queue} wp_presentation_feedback#143.sync_output(wl_output#29)
[16:16:49.842290] {Default Queue} wp_presentation_feedback#143.presented(0, 94875, 777465398, 0, 0, 0, 1)
[16:16:49.842294] {Default Queue} wl_callback#146.done(94875777)
[16:16:49.842306] {Default Queue} wl_callback#130.done(94875777)
[16:16:49.842433] {mesa vk display queue} wl_buffer#144.release()
[16:16:49.842445] {mesa vk display queue} wl_buffer#134.release()
[16:16:49.842456] {mesa vk display queue} wl_buffer#118.release()
[16:16:49.842607]  -> wl_surface#71.frame(new id wl_callback#130)
[16:16:49.842613] {Default Queue}  -> wp_presentation#19.feedback(wl_surface#71, new id wp_presentation_feedback#146)
[16:16:49.842617]  -> wl_surface#71.offset(0, 0)
[16:16:49.842639] {mesa vk display queue}  -> wl_surface#71.attach(wl_buffer#134, 0, 0)
[16:16:49.842643] {mesa vk display queue}  -> wl_surface#71.damage_buffer(4, 4, 108, 42)
[16:16:49.842646] {mesa vk display queue}  -> wl_surface#71.damage_buffer(8, 90, 82, 34)
[16:16:49.842648] {mesa vk display queue}  -> wl_surface#71.commit()
[16:16:49.842767]  -> wl_surface#42.frame(new id wl_callback#143)
[16:16:49.842773] {Default Queue}  -> wp_presentation#19.feedback(wl_surface#42, new id wp_presentation_feedback#137)
[16:16:49.842776]  -> wl_surface#42.offset(0, 0)
[16:16:49.842791] {mesa vk display queue}  -> wl_surface#42.attach(wl_buffer#125, 0, 0)
[16:16:49.842794] {mesa vk display queue}  -> wl_surface#42.damage_buffer(17, 16, 1, 18)
[16:16:49.842798] {mesa vk display queue}  -> wl_surface#42.commit()
[16:16:49.859183] {Display Queue} wl_display#1.delete_id(147)
[16:16:49.859196] {Display Queue} wl_display#1.delete_id(131)
[16:16:49.859199] {Display Queue} wl_display#1.delete_id(130)
[16:16:49.859202] {Display Queue} wl_display#1.delete_id(143)
[16:16:49.859204] {Default Queue} wp_presentation_feedback#147.sync_output(wl_output#29)
[16:16:49.859208] {Default Queue} wp_presentation_feedback#147.presented(0, 94875, 794468870, 0, 0, 0, 1)
[16:16:49.859215] {Default Queue} wp_presentation_feedback#131.sync_output(wl_output#29)
[16:16:49.859218] {Default Queue} wp_presentation_feedback#131.presented(0, 94875, 794468870, 0, 0, 0, 1)
[16:16:49.859222] {Default Queue} wl_callback#130.done(94875794)
[16:16:49.859233] {Default Queue} wl_callback#143.done(94875794)
[16:16:49.859522]  -> wl_surface#71.frame(new id wl_callback#143)
[16:16:49.859530] {Default Queue}  -> wp_presentation#19.feedback(wl_surface#71, new id wp_presentation_feedback#130)
[16:16:49.859534]  -> wl_surface#71.offset(0, 0)
[16:16:49.859558] {mesa vk display queue}  -> wl_surface#71.attach(wl_buffer#118, 0, 0)
[16:16:49.859562] {mesa vk display queue}  -> wl_surface#71.damage_buffer(4, 4, 108, 42)
[16:16:49.859565] {mesa vk display queue}  -> wl_surface#71.commit()
[16:16:49.859695]  -> wl_surface#42.frame(new id wl_callback#131)
[16:16:49.859701] {Default Queue}  -> wp_presentation#19.feedback(wl_surface#42, new id wp_presentation_feedback#147)
[16:16:49.859705]  -> wl_surface#42.offset(0, 0)
[16:16:49.859722] {mesa vk display queue}  -> wl_surface#42.attach(wl_buffer#140, 0, 0)
[16:16:49.859726] {mesa vk display queue}  -> wl_surface#42.damage_buffer(17, 16, 1, 18)
[16:16:49.859729] {mesa vk display queue}  -> wl_surface#42.commit()
[16:16:49.875655] {Display Queue} wl_display#1.delete_id(146)
[16:16:49.875665] {Display Queue} wl_display#1.delete_id(137)
[16:16:49.875668] {Display Queue} wl_display#1.delete_id(143)
[16:16:49.875670] {Display Queue} wl_display#1.delete_id(131)
[16:16:49.875672] {Default Queue} wp_presentation_feedback#146.sync_output(wl_output#29)
[16:16:49.875675] {Default Queue} wp_presentation_feedback#146.presented(0, 94875, 810848711, 0, 0, 0, 1)
[16:16:49.875680] {Default Queue} wp_presentation_feedback#137.sync_output(wl_output#29)
[16:16:49.875682] {Default Queue} wp_presentation_feedback#137.presented(0, 94875, 810848711, 0, 0, 0, 1)
[16:16:49.875686] {Default Queue} wl_callback#143.done(94875810)
[16:16:49.875698] {Default Queue} wl_callback#131.done(94875810)
[16:16:49.875854] {mesa vk display queue} wl_buffer#129.release()
[16:16:49.875860] {mesa vk display queue} wl_buffer#138.release()
[16:16:49.875862] {mesa vk display queue} wl_buffer#125.release()
[16:16:49.875982]  -> wl_surface#42.frame(new id wl_callback#131)
[16:16:49.875988] {Default Queue}  -> wp_presentation#19.feedback(wl_surface#42, new id wp_presentation_feedback#143)
[16:16:49.875997]  -> wl_surface#42.offset(0, 0)
[16:16:49.876022] {mesa vk display queue}  -> wl_surface#42.attach(wl_buffer#138, 0, 0)
[16:16:49.876026] {mesa vk display queue}  -> wl_surface#42.damage_buffer(17, 16, 1, 18)
[16:16:49.876028] {mesa vk display queue}  -> wl_surface#42.commit()
[16:16:49.892184] {Display Queue} wl_display#1.delete_id(147)
[16:16:49.892197] {Display Queue} wl_display#1.delete_id(130)
[16:16:49.892200] {Display Queue} wl_display#1.delete_id(131)
[16:16:49.892202] {Default Queue} wp_presentation_feedback#130.sync_output(wl_output#29)
[16:16:49.892205] {Default Queue} wp_presentation_feedback#130.presented(0, 94875, 827459246, 0, 0, 0, 1)
[16:16:49.892209] {Default Queue} wp_presentation_feedback#147.sync_output(wl_output#29)
[16:16:49.892212] {Default Queue} wp_presentation_feedback#147.presented(0, 94875, 827459246, 0, 0, 0, 1)
[16:16:49.892216] {Default Queue} wl_callback#131.done(94875827)
[16:16:49.892422]  -> wl_surface#42.frame(new id wl_callback#131)
[16:16:49.892430] {Default Queue}  -> wp_presentation#19.feedback(wl_surface#42, new id wp_presentation_feedback#147)
[16:16:49.892433]  -> wl_surface#42.offset(0, 0)
[16:16:49.892451] {mesa vk display queue}  -> wl_surface#42.attach(wl_buffer#125, 0, 0)
[16:16:49.892455] {mesa vk display queue}  -> wl_surface#42.damage_buffer(17, 16, 1, 18)
[16:16:49.892457] {mesa vk display queue}  -> wl_surface#42.commit()
[16:16:49.908788] {Display Queue} wl_display#1.delete_id(143)
[16:16:49.908802] {Display Queue} wl_display#1.delete_id(131)
[16:16:49.908805] {Default Queue} wp_presentation_feedback#143.sync_output(wl_output#29)
[16:16:49.908807] {Default Queue} wp_presentation_feedback#143.presented(0, 94875, 844081329, 0, 0, 0, 1)
[16:16:49.908812] {Default Queue} wl_callback#131.done(94875844)
[16:16:49.908995]  -> wl_surface#42.frame(new id wl_callback#131)
[16:16:49.909002] {Default Queue}  -> wp_presentation#19.feedback(wl_surface#42, new id wp_presentation_feedback#143)
[16:16:49.909005]  -> wl_surface#42.offset(0, 0)
[16:16:49.909025] {mesa vk display queue}  -> wl_surface#42.attach(wl_buffer#129, 0, 0)
[16:16:49.909029] {mesa vk display queue}  -> wl_surface#42.damage_buffer(17, 16, 1, 18)
[16:16:49.909031] {mesa vk display queue}  -> wl_surface#42.commit()
[16:16:49.925411] {Display Queue} wl_display#1.delete_id(147)
[16:16:49.925421] {Display Queue} wl_display#1.delete_id(131)
[16:16:49.925423] {Default Queue} wp_presentation_feedback#147.sync_output(wl_output#29)
[16:16:49.925428] {Default Queue} wp_presentation_feedback#147.presented(0, 94875, 860712232, 0, 0, 0, 1)
[16:16:49.925433] {Default Queue} wl_callback#131.done(94875860)
[16:16:49.925510] {mesa vk display queue} wl_buffer#140.release()
[16:16:49.925514] {mesa vk display queue} wl_buffer#138.release()
[16:16:49.925516] {mesa vk display queue} wl_buffer#125.release()
[16:16:49.925611]  -> wl_surface#42.frame(new id wl_callback#131)
[16:16:49.925617] {Default Queue}  -> wp_presentation#19.feedback(wl_surface#42, new id wp_presentation_feedback#147)
[16:16:49.925620]  -> wl_surface#42.offset(0, 0)
[16:16:49.925637] {mesa vk display queue}  -> wl_surface#42.attach(wl_buffer#138, 0, 0)
[16:16:49.925641] {mesa vk display queue}  -> wl_surface#42.damage_buffer(17, 16, 1, 18)
[16:16:49.925643] {mesa vk display queue}  -> wl_surface#42.commit()
[16:16:49.942097] {Display Queue} wl_display#1.delete_id(143)
[16:16:49.942109] {Display Queue} wl_display#1.delete_id(131)
[16:16:49.942112] {Default Queue} wp_presentation_feedback#143.sync_output(wl_output#29)
[16:16:49.942114] {Default Queue} wp_presentation_feedback#143.presented(0, 94875, 877466097, 0, 0, 0, 1)
[16:16:49.942119] {Default Queue} wl_callback#131.done(94875877)
[16:16:49.942293]  -> wl_surface#42.frame(new id wl_callback#131)
[16:16:49.942299] {Default Queue}  -> wp_presentation#19.feedback(wl_surface#42, new id wp_presentation_feedback#143)
[16:16:49.942302]  -> wl_surface#42.offset(0, 0)
[16:16:49.942321] {mesa vk display queue}  -> wl_surface#42.attach(wl_buffer#125, 0, 0)
[16:16:49.942324] {mesa vk display queue}  -> wl_surface#42.damage_buffer(17, 16, 1, 18)
[16:16:49.942333] {mesa vk display queue}  -> wl_surface#42.commit()
[16:16:49.958811] {Display Queue} wl_display#1.delete_id(147)
[16:16:49.958823] {Display Queue} wl_display#1.delete_id(131)
[16:16:49.958826] {Default Queue} wp_presentation_feedback#147.sync_output(wl_output#29)
[16:16:49.958829] {Default Queue} wp_presentation_feedback#147.presented(0, 94875, 894171588, 0, 0, 0, 1)
[16:16:49.958833] {Default Queue} wl_callback#131.done(94875894)
[16:16:49.959097]  -> wl_surface#42.frame(new id wl_callback#131)
[16:16:49.959103] {Default Queue}  -> wp_presentation#19.feedback(wl_surface#42, new id wp_presentation_feedback#147)
[16:16:49.959106]  -> wl_surface#42.offset(0, 0)
[16:16:49.959124] {mesa vk display queue}  -> wl_surface#42.attach(wl_buffer#140, 0, 0)
[16:16:49.959127] {mesa vk display queue}  -> wl_surface#42.damage_buffer(17, 16, 1, 18)
[16:16:49.959129] {mesa vk display queue}  -> wl_surface#42.commit()
[16:16:49.975632] {Display Queue} wl_display#1.delete_id(143)
[16:16:49.975644] {Display Queue} wl_display#1.delete_id(131)
[16:16:49.975647] {Default Queue} wp_presentation_feedback#143.sync_output(wl_output#29)
[16:16:49.975650] {Default Queue} wp_presentation_feedback#143.presented(0, 94875, 910959512, 0, 0, 0, 1)
[16:16:49.975655] {Default Queue} wl_callback#131.done(94875910)
[16:16:49.975731] {mesa vk display queue} wl_buffer#129.release()
[16:16:49.975735] {mesa vk display queue} wl_buffer#138.release()
[16:16:49.975737] {mesa vk display queue} wl_buffer#125.release()
[16:16:49.975834]  -> wl_surface#42.frame(new id wl_callback#131)
[16:16:49.975840] {Default Queue}  -> wp_presentation#19.feedback(wl_surface#42, new id wp_presentation_feedback#143)
[16:16:49.975843]  -> wl_surface#42.offset(0, 0)
[16:16:49.975861] {mesa vk display queue}  -> wl_surface#42.attach(wl_buffer#138, 0, 0)
[16:16:49.975864] {mesa vk display queue}  -> wl_surface#42.damage_buffer(17, 16, 1, 18)
[16:16:49.975867] {mesa vk display queue}  -> wl_surface#42.commit()
[16:16:49.992204] {Display Queue} wl_display#1.delete_id(147)
[16:16:49.992216] {Display Queue} wl_display#1.delete_id(131)
[16:16:49.992219] {Default Queue} wp_presentation_feedback#147.sync_output(wl_output#29)
[16:16:49.992222] {Default Queue} wp_presentation_feedback#147.presented(0, 94875, 927609632, 0, 0, 0, 1)
[16:16:49.992227] {Default Queue} wl_callback#131.done(94875927)
[16:16:49.992387]  -> wl_surface#42.frame(new id wl_callback#131)
[16:16:49.992393] {Default Queue}  -> wp_presentation#19.feedback(wl_surface#42, new id wp_presentation_feedback#147)
[16:16:49.992396]  -> wl_surface#42.offset(0, 0)
[16:16:49.992414] {mesa vk display queue}  -> wl_surface#42.attach(wl_buffer#125, 0, 0)
[16:16:49.992418] {mesa vk display queue}  -> wl_surface#42.damage_buffer(17, 16, 1, 18)
[16:16:49.992420] {mesa vk display queue}  -> wl_surface#42.commit()
[16:16:50.008997] {Display Queue} wl_display#1.delete_id(143)
[16:16:50.009008] {Display Queue} wl_display#1.delete_id(131)
[16:16:50.009011] {Default Queue} wp_presentation_feedback#143.sync_output(wl_output#29)
[16:16:50.009014] {Default Queue} wp_presentation_feedback#143.presented(0, 94875, 944348093, 0, 0, 0, 1)
[16:16:50.009018] {Default Queue} wl_callback#131.done(94875944)
[16:16:50.009165]  -> wl_surface#42.frame(new id wl_callback#131)
[16:16:50.009172] {Default Queue}  -> wp_presentation#19.feedback(wl_surface#42, new id wp_presentation_feedback#143)
[16:16:50.009174]  -> wl_surface#42.offset(0, 0)
[16:16:50.009192] {mesa vk display queue}  -> wl_surface#42.attach(wl_buffer#129, 0, 0)
[16:16:50.009195] {mesa vk display queue}  -> wl_surface#42.damage_buffer(17, 16, 1, 18)
[16:16:50.009198] {mesa vk display queue}  -> wl_surface#42.commit()
[16:16:50.025694] {Display Queue} wl_display#1.delete_id(147)
[16:16:50.025705] {Display Queue} wl_display#1.delete_id(131)
[16:16:50.025708] {Default Queue} wp_presentation_feedback#147.sync_output(wl_output#29)
[16:16:50.025711] {Default Queue} wp_presentation_feedback#147.presented(0, 94875, 960996238, 0, 0, 0, 1)
[16:16:50.025717] {Default Queue} wl_callback#131.done(94875961)
[16:16:50.025801] {mesa vk display queue} wl_buffer#140.release()
[16:16:50.025810] {mesa vk display queue} wl_buffer#138.release()
[16:16:50.025812] {mesa vk display queue} wl_buffer#125.release()
[16:16:50.025914]  -> wl_surface#42.frame(new id wl_callback#131)
[16:16:50.025921] {Default Queue}  -> wp_presentation#19.feedback(wl_surface#42, new id wp_presentation_feedback#147)
[16:16:50.025924]  -> wl_surface#42.offset(0, 0)
[16:16:50.025946] {mesa vk display queue}  -> wl_surface#42.attach(wl_buffer#138, 0, 0)
[16:16:50.025950] {mesa vk display queue}  -> wl_surface#42.damage_buffer(17, 16, 1, 18)
[16:16:50.025953] {mesa vk display queue}  -> wl_surface#42.commit()
[16:16:50.042086] {Display Queue} wl_display#1.delete_id(143)
[16:16:50.042098] {Display Queue} wl_display#1.delete_id(131)
[16:16:50.042100] {Default Queue} wp_presentation_feedback#143.sync_output(wl_output#29)
[16:16:50.042103] {Default Queue} wp_presentation_feedback#143.presented(0, 94875, 977417332, 0, 0, 0, 1)
[16:16:50.042108] {Default Queue} wl_callback#131.done(94875977)
[16:16:50.042273]  -> wl_surface#42.frame(new id wl_callback#131)
[16:16:50.042280] {Default Queue}  -> wp_presentation#19.feedback(wl_surface#42, new id wp_presentation_feedback#143)
[16:16:50.042283]  -> wl_surface#42.offset(0, 0)
[16:16:50.042301] {mesa vk display queue}  -> wl_surface#42.attach(wl_buffer#125, 0, 0)
[16:16:50.042305] {mesa vk display queue}  -> wl_surface#42.damage_buffer(17, 16, 1, 18)
[16:16:50.042307] {mesa vk display queue}  -> wl_surface#42.commit()
[16:16:50.058942] {Display Queue} wl_display#1.delete_id(147)
[16:16:50.058953] {Display Queue} wl_display#1.delete_id(131)
[16:16:50.058955] {Default Queue} wp_presentation_feedback#147.sync_output(wl_output#29)
[16:16:50.058958] {Default Queue} wp_presentation_feedback#147.presented(0, 94875, 994217108, 0, 0, 0, 1)
[16:16:50.058963] {Default Queue} wl_callback#131.done(94875994)
[16:16:50.075855] {Display Queue} wl_display#1.delete_id(143)
[16:16:50.075869] {Default Queue} wp_presentation_feedback#143.sync_output(wl_output#29)
[16:16:50.075872] {Default Queue} wp_presentation_feedback#143.presented(0, 94876, 11108355, 0, 0, 0, 1)
[16:16:50.076265] {Default Queue} wl_keyboard#41.modifiers(20, 0, 0, 0, 0)
[16:16:50.076289] {Default Queue} wl_keyboard#41.leave(21, wl_surface#42)
[16:16:50.092566]  -> wl_surface#42.frame(new id wl_callback#143)
[16:16:50.092579] {Default Queue}  -> wp_presentation#19.feedback(wl_surface#42, new id wp_presentation_feedback#131)
[16:16:50.092584]  -> wl_surface#42.offset(0, 0)
[16:16:50.092610] {mesa vk display queue}  -> wl_surface#42.attach(wl_buffer#140, 0, 0)
[16:16:50.092614] {mesa vk display queue}  -> wl_surface#42.damage_buffer(17, 16, 1, 18)
[16:16:50.092617] {mesa vk display queue}  -> wl_surface#42.commit()
[16:16:50.109089] {Display Queue} wl_display#1.delete_id(143)
[16:16:50.109101] {Default Queue} wl_callback#143.done(94876044)
[16:16:50.109261] {mesa vk display queue} wl_buffer#129.release()
[16:16:50.109267] {mesa vk display queue} wl_buffer#138.release()
[16:16:50.109269] {mesa vk display queue} wl_buffer#125.release()
[16:16:50.109428]  -> wl_surface#42.frame(new id wl_callback#143)
[16:16:50.109434] {Default Queue}  -> wp_presentation#19.feedback(wl_surface#42, new id wp_presentation_feedback#147)
[16:16:50.109438]  -> wl_surface#42.offset(0, 0)
[16:16:50.109461] {mesa vk display queue}  -> wl_surface#42.attach(wl_buffer#138, 0, 0)
[16:16:50.109465] {mesa vk display queue}  -> wl_surface#42.damage_buffer(7, 7, 102, 36)
[16:16:50.109467] {mesa vk display queue}  -> wl_surface#42.commit()
[16:16:50.125486] {Display Queue} wl_display#1.delete_id(131)
[16:16:50.125496] {Display Queue} wl_display#1.delete_id(143)
[16:16:50.125500] {Default Queue} wp_presentation_feedback#131.sync_output(wl_output#29)
[16:16:50.125503] {Default Queue} wp_presentation_feedback#131.presented(0, 94876, 60813290, 0, 0, 0, 1)
[16:16:50.125508] {Default Queue} wl_callback#143.done(94876060)
[16:16:50.125736]  -> wl_surface#42.frame(new id wl_callback#143)
[16:16:50.125748] {Default Queue}  -> wp_presentation#19.feedback(wl_surface#42, new id wp_presentation_feedback#131)
[16:16:50.125759]  -> wl_surface#42.offset(0, 0)
[16:16:50.125778] {mesa vk display queue}  -> wl_surface#42.attach(wl_buffer#125, 0, 0)
[16:16:50.125782] {mesa vk display queue}  -> wl_surface#42.damage_buffer(7, 7, 102, 36)
[16:16:50.125784] {mesa vk display queue}  -> wl_surface#42.commit()
[16:16:50.142176] {Display Queue} wl_display#1.delete_id(147)
[16:16:50.142185] {Display Queue} wl_display#1.delete_id(143)
[16:16:50.142189] {Default Queue} wp_presentation_feedback#147.sync_output(wl_output#29)
[16:16:50.142192] {Default Queue} wp_presentation_feedback#147.presented(0, 94876, 77514630, 0, 0, 0, 1)
[16:16:50.142198] {Default Queue} wl_callback#143.done(94876077)
[16:16:50.142468]  -> wl_surface#42.frame(new id wl_callback#143)
[16:16:50.142478] {Default Queue}  -> wp_presentation#19.feedback(wl_surface#42, new id wp_presentation_feedback#147)
[16:16:50.142483]  -> wl_surface#42.offset(0, 0)
[16:16:50.142512] {mesa vk display queue}  -> wl_surface#42.attach(wl_buffer#129, 0, 0)
[16:16:50.142518] {mesa vk display queue}  -> wl_surface#42.damage_buffer(6, 6, 104, 38)
[16:16:50.142522] {mesa vk display queue}  -> wl_surface#42.commit()
[16:16:50.159034] {Display Queue} wl_display#1.delete_id(131)
[16:16:50.159044] {Display Queue} wl_display#1.delete_id(143)
[16:16:50.159047] {Default Queue} wp_presentation_feedback#131.sync_output(wl_output#29)
[16:16:50.159051] {Default Queue} wp_presentation_feedback#131.presented(0, 94876, 94421458, 0, 0, 0, 1)
[16:16:50.159056] {Default Queue} wl_callback#143.done(94876094)
[16:16:50.159159] {mesa vk display queue} wl_buffer#140.release()
[16:16:50.159163] {mesa vk display queue} wl_buffer#138.release()
[16:16:50.159165] {mesa vk display queue} wl_buffer#125.release()
[16:16:50.159267]  -> wl_surface#42.frame(new id wl_callback#143)
[16:16:50.159272] {Default Queue}  -> wp_presentation#19.feedback(wl_surface#42, new id wp_presentation_feedback#131)
[16:16:50.159275]  -> wl_surface#42.offset(0, 0)
[16:16:50.159291] {mesa vk display queue}  -> wl_surface#42.attach(wl_buffer#138, 0, 0)
[16:16:50.159294] {mesa vk display queue}  -> wl_surface#42.damage_buffer(6, 6, 104, 38)
[16:16:50.159296] {mesa vk display queue}  -> wl_surface#42.commit()
[16:16:50.175571] {Display Queue} wl_display#1.delete_id(147)
[16:16:50.175580] {Display Queue} wl_display#1.delete_id(143)
[16:16:50.175584] {Default Queue} wp_presentation_feedback#147.sync_output(wl_output#29)
[16:16:50.175589] {Default Queue} wp_presentation_feedback#147.presented(0, 94876, 110892954, 0, 0, 0, 1)
[16:16:50.175596] {Default Queue} wl_callback#143.done(94876110)
[16:16:50.175828]  -> wl_surface#42.frame(new id wl_callback#143)
[16:16:50.175836] {Default Queue}  -> wp_presentation#19.feedback(wl_surface#42, new id wp_presentation_feedback#147)
[16:16:50.175840]  -> wl_surface#42.offset(0, 0)
[16:16:50.175863] {mesa vk display queue}  -> wl_surface#42.attach(wl_buffer#125, 0, 0)
[16:16:50.175867] {mesa vk display queue}  -> wl_surface#42.damage_buffer(6, 6, 104, 38)
[16:16:50.175871] {mesa vk display queue}  -> wl_surface#42.commit()
[16:16:50.192277] {Display Queue} wl_display#1.delete_id(131)
[16:16:50.192287] {Display Queue} wl_display#1.delete_id(143)
[16:16:50.192290] {Default Queue} wp_presentation_feedback#131.sync_output(wl_output#29)
[16:16:50.192293] {Default Queue} wp_presentation_feedback#131.presented(0, 94876, 127673707, 0, 0, 0, 1)
[16:16:50.192298] {Default Queue} wl_callback#143.done(94876127)
[16:16:50.192485]  -> wl_surface#42.frame(new id wl_callback#143)
[16:16:50.192491] {Default Queue}  -> wp_presentation#19.feedback(wl_surface#42, new id wp_presentation_feedback#131)
[16:16:50.192494]  -> wl_surface#42.offset(0, 0)
[16:16:50.192512] {mesa vk display queue}  -> wl_surface#42.attach(wl_buffer#140, 0, 0)
[16:16:50.192515] {mesa vk display queue}  -> wl_surface#42.damage_buffer(5, 5, 106, 40)
[16:16:50.192517] {mesa vk display queue}  -> wl_surface#42.commit()
[16:16:50.208995] {Display Queue} wl_display#1.delete_id(147)
[16:16:50.209017] {Display Queue} wl_display#1.delete_id(143)
[16:16:50.209031] {Default Queue} wp_presentation_feedback#147.sync_output(wl_output#29)
[16:16:50.209034] {Default Queue} wp_presentation_feedback#147.presented(0, 94876, 144305630, 0, 0, 0, 1)
[16:16:50.209038] {Default Queue} wl_callback#143.done(94876144)
[16:16:50.209132] {mesa vk display queue} wl_buffer#129.release()
[16:16:50.209135] {mesa vk display queue} wl_buffer#138.release()
[16:16:50.209137] {mesa vk display queue} wl_buffer#125.release()
[16:16:50.209227]  -> wl_surface#42.frame(new id wl_callback#143)
[16:16:50.209232] {Default Queue}  -> wp_presentation#19.feedback(wl_surface#42, new id wp_presentation_feedback#147)
[16:16:50.209235]  -> wl_surface#42.offset(0, 0)
[16:16:50.209255] {mesa vk display queue}  -> wl_surface#42.attach(wl_buffer#138, 0, 0)
[16:16:50.209258] {mesa vk display queue}  -> wl_surface#42.damage_buffer(5, 5, 106, 40)
[16:16:50.209260] {mesa vk display queue}  -> wl_surface#42.commit()
[16:16:50.225473] {Display Queue} wl_display#1.delete_id(131)
[16:16:50.225481] {Display Queue} wl_display#1.delete_id(143)
[16:16:50.225485] {Default Queue} wp_presentation_feedback#131.sync_output(wl_output#29)
[16:16:50.225487] {Default Queue} wp_presentation_feedback#131.presented(0, 94876, 160913716, 0, 0, 0, 1)
[16:16:50.225492] {Default Queue} wl_callback#143.done(94876160)
[16:16:50.225655]  -> wl_surface#42.frame(new id wl_callback#143)
[16:16:50.225660] {Default Queue}  -> wp_presentation#19.feedback(wl_surface#42, new id wp_presentation_feedback#131)
[16:16:50.225663]  -> wl_surface#42.offset(0, 0)
[16:16:50.225679] {mesa vk display queue}  -> wl_surface#42.attach(wl_buffer#125, 0, 0)
[16:16:50.225682] {mesa vk display queue}  -> wl_surface#42.damage_buffer(5, 5, 106, 40)
[16:16:50.225684] {mesa vk display queue}  -> wl_surface#42.commit()
[16:16:50.242436] {Display Queue} wl_display#1.delete_id(147)
[16:16:50.242445] {Display Queue} wl_display#1.delete_id(143)
[16:16:50.242448] {Default Queue} wp_presentation_feedback#147.sync_output(wl_output#29)
[16:16:50.242450] {Default Queue} wp_presentation_feedback#147.presented(0, 94876, 177838931, 0, 0, 0, 1)
[16:16:50.242455] {Default Queue} wl_callback#143.done(94876177)
[16:16:50.242632]  -> wl_surface#42.frame(new id wl_callback#143)
[16:16:50.242639] {Default Queue}  -> wp_presentation#19.feedback(wl_surface#42, new id wp_presentation_feedback#147)
[16:16:50.242642]  -> wl_surface#42.offset(0, 0)
[16:16:50.242659] {mesa vk display queue}  -> wl_surface#42.attach(wl_buffer#129, 0, 0)
[16:16:50.242662] {mesa vk display queue}  -> wl_surface#42.damage_buffer(4, 4, 108, 42)
[16:16:50.242664] {mesa vk display queue}  -> wl_surface#42.commit()
[16:16:50.258891] {Display Queue} wl_display#1.delete_id(131)
[16:16:50.258907] {Display Queue} wl_display#1.delete_id(143)
[16:16:50.258911] {Default Queue} wp_presentation_feedback#131.sync_output(wl_output#29)
[16:16:50.258914] {Default Queue} wp_presentation_feedback#131.presented(0, 94876, 194256195, 0, 0, 0, 1)
[16:16:50.258921] {Default Queue} wl_callback#143.done(94876194)
[16:16:50.259034] {mesa vk display queue} wl_buffer#140.release()
[16:16:50.259040] {mesa vk display queue} wl_buffer#138.release()
[16:16:50.259043] {mesa vk display queue} wl_buffer#125.release()
[16:16:50.259163]  -> wl_surface#42.frame(new id wl_callback#143)
[16:16:50.259171] {Default Queue}  -> wp_presentation#19.feedback(wl_surface#42, new id wp_presentation_feedback#131)
[16:16:50.259175]  -> wl_surface#42.offset(0, 0)
[16:16:50.259197] {mesa vk display queue}  -> wl_surface#42.attach(wl_buffer#138, 0, 0)
[16:16:50.259202] {mesa vk display queue}  -> wl_surface#42.damage_buffer(4, 4, 108, 42)
[16:16:50.259206] {mesa vk display queue}  -> wl_surface#42.commit()
[16:16:50.275594] {Display Queue} wl_display#1.delete_id(147)
[16:16:50.275606] {Display Queue} wl_display#1.delete_id(143)
[16:16:50.275609] {Default Queue} wp_presentation_feedback#147.sync_output(wl_output#29)
[16:16:50.275611] {Default Queue} wp_presentation_feedback#147.presented(0, 94876, 211044941, 0, 0, 0, 1)
[16:16:50.275621] {Default Queue} wl_callback#143.done(94876211)
[16:16:50.275802]  -> wl_surface#42.frame(new id wl_callback#143)
[16:16:50.275809] {Default Queue}  -> wp_presentation#19.feedback(wl_surface#42, new id wp_presentation_feedback#147)
[16:16:50.275812]  -> wl_surface#42.offset(0, 0)
[16:16:50.275830] {mesa vk display queue}  -> wl_surface#42.attach(wl_buffer#125, 0, 0)
[16:16:50.275833] {mesa vk display queue}  -> wl_surface#42.damage_buffer(4, 4, 108, 42)
[16:16:50.275836] {mesa vk display queue}  -> wl_surface#42.commit()
[16:16:50.292042] {Display Queue} wl_display#1.delete_id(131)
[16:16:50.292054] {Display Queue} wl_display#1.delete_id(143)
[16:16:50.292056] {Default Queue} wp_presentation_feedback#131.sync_output(wl_output#29)
[16:16:50.292058] {Default Queue} wp_presentation_feedback#131.presented(0, 94876, 227438283, 0, 0, 0, 1)
[16:16:50.292063] {Default Queue} wl_callback#143.done(94876227)
[16:16:50.292250]  -> wl_surface#42.frame(new id wl_callback#143)
[16:16:50.292257] {Default Queue}  -> wp_presentation#19.feedback(wl_surface#42, new id wp_presentation_feedback#131)
[16:16:50.292261]  -> wl_surface#42.offset(0, 0)
[16:16:50.292279] {mesa vk display queue}  -> wl_surface#42.attach(wl_buffer#140, 0, 0)
[16:16:50.292282] {mesa vk display queue}  -> wl_surface#42.damage_buffer(4, 4, 108, 42)
[16:16:50.292284] {mesa vk display queue}  -> wl_surface#42.commit()
[16:16:50.309086] {Display Queue} wl_display#1.delete_id(147)
[16:16:50.309117] {Display Queue} wl_display#1.delete_id(143)
[16:16:50.309125] {Default Queue} wp_presentation_feedback#147.sync_output(wl_output#29)
[16:16:50.309133] {Default Queue} wp_presentation_feedback#147.presented(0, 94876, 244487439, 0, 0, 0, 1)
[16:16:50.309146] {Default Queue} wl_callback#143.done(94876244)
[16:16:50.309251] {mesa vk display queue} wl_buffer#129.release()
[16:16:50.309256] {mesa vk display queue} wl_buffer#138.release()
[16:16:50.309258] {mesa vk display queue} wl_buffer#125.release()
[16:16:50.309358]  -> wl_surface#42.frame(new id wl_callback#143)
[16:16:50.309364] {Default Queue}  -> wp_presentation#19.feedback(wl_surface#42, new id wp_presentation_feedback#147)
[16:16:50.309367]  -> wl_surface#42.offset(0, 0)
[16:16:50.309386] {mesa vk display queue}  -> wl_surface#42.attach(wl_buffer#138, 0, 0)
[16:16:50.309389] {mesa vk display queue}  -> wl_surface#42.damage_buffer(4, 4, 108, 42)
[16:16:50.309392] {mesa vk display queue}  -> wl_surface#42.commit()
[16:16:50.325487] {Display Queue} wl_display#1.delete_id(131)
[16:16:50.325516] {Display Queue} wl_display#1.delete_id(143)
[16:16:50.325524] {Default Queue} wp_presentation_feedback#131.sync_output(wl_output#29)
[16:16:50.325532] {Default Queue} wp_presentation_feedback#131.presented(0, 94876, 260914908, 0, 0, 0, 1)
[16:16:50.325545] {Default Queue} wl_callback#143.done(94876260)
[16:16:50.325715]  -> wl_surface#42.frame(new id wl_callback#143)
[16:16:50.325721] {Default Queue}  -> wp_presentation#19.feedback(wl_surface#42, new id wp_presentation_feedback#131)
[16:16:50.325723]  -> wl_surface#42.offset(0, 0)
[16:16:50.325740] {mesa vk display queue}  -> wl_surface#42.attach(wl_buffer#125, 0, 0)
[16:16:50.325743] {mesa vk display queue}  -> wl_surface#42.damage_buffer(4, 4, 108, 42)
[16:16:50.325746] {mesa vk display queue}  -> wl_surface#42.commit()
[16:16:50.332117] {Default Queue} wl_keyboard#41.enter(31, wl_surface#71, array[0])
[16:16:50.332137] {Default Queue} wl_keyboard#41.modifiers(32, 0, 0, 0, 0)
[16:16:50.332153] {Default Queue} wl_data_device#33.selection(nil)
[16:16:50.332160] {Default Queue} wl_pointer#31.enter(35, wl_surface#71, 40.00000000, 153.00000000)
[16:16:50.332165] {Default Queue} wl_pointer#31.frame()
[16:16:50.332178] {Default Queue}  -> wp_cursor_shape_device_v1#40.set_shape(35, 1)
[16:16:50.332181] {Default Queue} wl_pointer#31.motion(0, 40.00000000, 153.00000000)
[16:16:50.332184] xdg_toplevel#107.configure(373, 510, array[20])
[16:16:50.332187] xdg_surface#106.configure(33)
[16:16:50.332191]  -> xdg_surface#106.ack_configure(33)
[16:16:50.332198] xdg_toplevel#75.configure(373, 510, array[16])
[16:16:50.332204] xdg_surface#74.configure(28)
[16:16:50.332232]  -> xdg_surface#74.ack_configure(28)
[16:16:50.332590] {Default Queue} wl_keyboard#41.modifiers(37, 0, 0, 0, 0)
[16:16:50.332602] {Default Queue} wl_keyboard#41.leave(38, wl_surface#71)
[16:16:50.332605] {Default Queue} wl_pointer#31.leave(41, wl_surface#71)
[16:16:50.332608] {Default Queue} wl_pointer#31.frame()
[16:16:50.333001]  -> wl_surface#71.frame(new id wl_callback#130)
[16:16:50.333009] {Default Queue}  -> wp_presentation#19.feedback(wl_surface#71, new id wp_presentation_feedback#137)
[16:16:50.333012]  -> wl_surface#71.offset(0, 0)
[16:16:50.333033] {mesa vk display queue}  -> wl_surface#71.attach(wl_buffer#144, 0, 0)
[16:16:50.333037] {mesa vk display queue}  -> wl_surface#71.damage_buffer(0, 0, 373, 510)
[16:16:50.333040] {mesa vk display queue}  -> wl_surface#71.commit()
[16:16:50.342688] {Display Queue} wl_display#1.delete_id(147)
[16:16:50.342719] {Display Queue} wl_display#1.delete_id(143)
[16:16:50.342727] {Display Queue} wl_display#1.delete_id(130)
[16:16:50.342734] {Default Queue} wp_presentation_feedback#147.sync_output(wl_output#29)
[16:16:50.342743] {Default Queue} wp_presentation_feedback#147.presented(0, 94876, 277858905, 0, 0, 0, 1)
[16:16:50.342757] {Default Queue} wl_callback#143.done(94876277)
[16:16:50.342782] {Default Queue} wl_callback#130.done(94876277)
[16:16:50.343100]  -> wl_surface#42.frame(new id wl_callback#130)
[16:16:50.343107] {Default Queue}  -> wp_presentation#19.feedback(wl_surface#42, new id wp_presentation_feedback#143)
[16:16:50.343110]  -> wl_surface#42.offset(0, 0)
[16:16:50.343133] {mesa vk display queue}  -> wl_surface#42.attach(wl_buffer#129, 0, 0)
[16:16:50.343137] {mesa vk display queue}  -> wl_surface#42.damage_buffer(0, 0, 373, 510)
[16:16:50.343139] {mesa vk display queue}  -> wl_surface#42.commit()
[16:16:50.359063] {Display Queue} wl_display#1.delete_id(137)
[16:16:50.359091] {Display Queue} wl_display#1.delete_id(131)
[16:16:50.359097] {Display Queue} wl_display#1.delete_id(130)
[16:16:50.359099] {Default Queue} wp_presentation_feedback#131.sync_output(wl_output#29)
[16:16:50.359102] {Default Queue} wp_presentation_feedback#131.presented(0, 94876, 294403097, 0, 0, 0, 1)
[16:16:50.359108] {Default Queue} wp_presentation_feedback#137.sync_output(wl_output#29)
[16:16:50.359110] {Default Queue} wp_presentation_feedback#137.presented(0, 94876, 294403097, 0, 0, 0, 1)
[16:16:50.359114] {Default Queue} wl_callback#130.done(94876294)
[16:16:50.359251] {mesa vk display queue} wl_buffer#140.release()
[16:16:50.359256] {mesa vk display queue} wl_buffer#138.release()
[16:16:50.359258] {mesa vk display queue} wl_buffer#125.release()
[16:16:50.359406]  -> wl_surface#42.frame(new id wl_callback#130)
[16:16:50.359411] {Default Queue}  -> wp_presentation#19.feedback(wl_surface#42, new id wp_presentation_feedback#137)
[16:16:50.359414]  -> wl_surface#42.offset(0, 0)
[16:16:50.359434] {mesa vk display queue}  -> wl_surface#42.attach(wl_buffer#138, 0, 0)
[16:16:50.359438] {mesa vk display queue}  -> wl_surface#42.damage_buffer(0, 0, 373, 510)
[16:16:50.359440] {mesa vk display queue}  -> wl_surface#42.commit()
[16:16:50.375495] {Display Queue} wl_display#1.delete_id(143)
[16:16:50.375519] {Display Queue} wl_display#1.delete_id(130)
[16:16:50.375526] {Default Queue} wp_presentation_feedback#143.sync_output(wl_output#29)
[16:16:50.375534] {Default Queue} wp_presentation_feedback#143.presented(0, 94876, 310862222, 0, 0, 0, 1)
[16:16:50.375547] {Default Queue} wl_callback#130.done(94876310)
[16:16:50.375774]  -> wl_surface#42.frame(new id wl_callback#130)
[16:16:50.375780] {Default Queue}  -> wp_presentation#19.feedback(wl_surface#42, new id wp_presentation_feedback#143)
[16:16:50.375783]  -> wl_surface#42.offset(0, 0)
[16:16:50.375801] {mesa vk display queue}  -> wl_surface#42.attach(wl_buffer#125, 0, 0)
[16:16:50.375804] {mesa vk display queue}  -> wl_surface#42.damage_buffer(0, 0, 373, 510)
[16:16:50.375806] {mesa vk display queue}  -> wl_surface#42.commit()
[16:16:50.392134] {Display Queue} wl_display#1.delete_id(137)
[16:16:50.392176] {Display Queue} wl_display#1.delete_id(130)
[16:16:50.392184] {Default Queue} wp_presentation_feedback#137.sync_output(wl_output#29)
[16:16:50.392191] {Default Queue} wp_presentation_feedback#137.presented(0, 94876, 327524784, 0, 0, 0, 1)
[16:16:50.392204] {Default Queue} wl_callback#130.done(94876327)
[16:16:50.409002] {Display Queue} wl_display#1.delete_id(143)
[16:16:50.409013] {Default Queue} wp_presentation_feedback#143.sync_output(wl_output#29)
[16:16:50.409015] {Default Queue} wp_presentation_feedback#143.presented(0, 94876, 344412608, 0, 0, 0, 1)
[16:16:50.577488] {Default Queue} xdg_wm_base#38.ping(1337)
[16:16:50.577507] {Default Queue}  -> xdg_wm_base#38.pong(1337)
[16:16:50.600113] xdg_toplevel#107.configure(373, 510, array[16])
[16:16:50.600126] xdg_surface#106.configure(61)
[16:16:50.600136]  -> xdg_surface#106.ack_configure(61)
[16:16:50.600393] {mesa vk display queue} wl_buffer#139.release()
[16:16:50.600400] {mesa vk display queue} wl_buffer#134.release()
[16:16:50.600402] {mesa vk display queue} wl_buffer#118.release()
[16:16:50.600843]  -> wl_surface#71.frame(new id wl_callback#143)
[16:16:50.600851] {Default Queue}  -> wp_presentation#19.feedback(wl_surface#71, new id wp_presentation_feedback#130)
[16:16:50.600854]  -> wl_surface#71.offset(0, 0)
[16:16:50.600880] {mesa vk display queue}  -> wl_surface#71.attach(wl_buffer#134, 0, 0)
[16:16:50.600884] {mesa vk display queue}  -> wl_surface#71.damage_buffer(0, 0, 373, 510)
[16:16:50.600887] {mesa vk display queue}  -> wl_surface#71.commit()
[16:16:50.609267] {Display Queue} wl_display#1.delete_id(143)
[16:16:50.609290] {Default Queue} wl_callback#143.done(94876544)
[16:16:50.609729]  -> wl_surface#71.frame(new id wl_callback#143)
[16:16:50.609735] {Default Queue}  -> wp_presentation#19.feedback(wl_surface#71, new id wp_presentation_feedback#137)
[16:16:50.609739]  -> wl_surface#71.offset(0, 0)
[16:16:50.609763] {mesa vk display queue}  -> wl_surface#71.attach(wl_buffer#118, 0, 0)
[16:16:50.609767] {mesa vk display queue}  -> wl_surface#71.damage_buffer(0, 0, 373, 510)
[16:16:50.609770] {mesa vk display queue}  -> wl_surface#71.commit()
[16:16:50.625687] {Display Queue} wl_display#1.delete_id(130)
[16:16:50.625704] {Display Queue} wl_display#1.delete_id(143)
[16:16:50.625710] {Default Queue} wp_presentation_feedback#130.sync_output(wl_output#29)
[16:16:50.625714] {Default Queue} wp_presentation_feedback#130.presented(0, 94876, 561017032, 0, 0, 0, 1)
[16:16:50.625722] {Default Queue} wl_callback#143.done(94876561)
[16:16:50.626132]  -> wl_surface#71.frame(new id wl_callback#143)
[16:16:50.626139] {Default Queue}  -> wp_presentation#19.feedback(wl_surface#71, new id wp_presentation_feedback#130)
[16:16:50.626143]  -> wl_surface#71.offset(0, 0)
[16:16:50.626165] {mesa vk display queue}  -> wl_surface#71.attach(wl_buffer#139, 0, 0)
[16:16:50.626167] {mesa vk display queue}  -> wl_surface#71.damage_buffer(0, 0, 373, 510)
[16:16:50.626170] {mesa vk display queue}  -> wl_surface#71.commit()
[16:16:50.642220] {Display Queue} wl_display#1.delete_id(137)
[16:16:50.642237] {Display Queue} wl_display#1.delete_id(143)
[16:16:50.642241] {Default Queue} wp_presentation_feedback#137.sync_output(wl_output#29)
[16:16:50.642244] {Default Queue} wp_presentation_feedback#137.presented(0, 94876, 577494576, 0, 0, 0, 1)
[16:16:50.642256] {Default Queue} wl_callback#143.done(94876577)
[16:16:50.642413] {mesa vk display queue} wl_buffer#144.release()
[16:16:50.642417] {mesa vk display queue} wl_buffer#134.release()
[16:16:50.642419] {mesa vk display queue} wl_buffer#118.release()
[16:16:50.642565]  -> wl_surface#71.frame(new id wl_callback#143)
[16:16:50.642569] {Default Queue}  -> wp_presentation#19.feedback(wl_surface#71, new id wp_presentation_feedback#137)
[16:16:50.642572]  -> wl_surface#71.offset(0, 0)
[16:16:50.642592] {mesa vk display queue}  -> wl_surface#71.attach(wl_buffer#134, 0, 0)
[16:16:50.642595] {mesa vk display queue}  -> wl_surface#71.damage_buffer(5, 87, 88, 41)
[16:16:50.642597] {mesa vk display queue}  -> wl_surface#71.commit()
[16:16:50.658924] {Display Queue} wl_display#1.delete_id(130)
[16:16:50.658951] {Display Queue} wl_display#1.delete_id(143)
[16:16:50.658956] {Default Queue} wp_presentation_feedback#130.sync_output(wl_output#29)
[16:16:50.658961] {Default Queue} wp_presentation_feedback#130.presented(0, 94876, 594239158, 0, 0, 0, 1)
[16:16:50.658969] {Default Queue} wl_callback#143.done(94876594)
[16:16:50.659265]  -> wl_surface#71.frame(new id wl_callback#143)
[16:16:50.659269] {Default Queue}  -> wp_presentation#19.feedback(wl_surface#71, new id wp_presentation_feedback#130)
[16:16:50.659272]  -> wl_surface#71.offset(0, 0)
[16:16:50.659289] {mesa vk display queue}  -> wl_surface#71.attach(wl_buffer#118, 0, 0)
[16:16:50.659292] {mesa vk display queue}  -> wl_surface#71.damage_buffer(5, 87, 88, 41)
[16:16:50.659294] {mesa vk display queue}  -> wl_surface#71.commit()
[16:16:50.675941] {Display Queue} wl_display#1.delete_id(137)
[16:16:50.675960] {Display Queue} wl_display#1.delete_id(143)
[16:16:50.675965] {Default Queue} wp_presentation_feedback#137.sync_output(wl_output#29)
[16:16:50.675969] {Default Queue} wp_presentation_feedback#137.presented(0, 94876, 611264306, 0, 0, 0, 1)
[16:16:50.675977] {Default Queue} wl_callback#143.done(94876611)
[16:16:50.676241]  -> wl_surface#71.frame(new id wl_callback#143)
[16:16:50.676245] {Default Queue}  -> wp_presentation#19.feedback(wl_surface#71, new id wp_presentation_feedback#137)
[16:16:50.676254]  -> wl_surface#71.offset(0, 0)
[16:16:50.676271] {mesa vk display queue}  -> wl_surface#71.attach(wl_buffer#144, 0, 0)
[16:16:50.676273] {mesa vk display queue}  -> wl_surface#71.damage_buffer(0, 0, 373, 510)
[16:16:50.676275] {mesa vk display queue}  -> wl_surface#71.commit()
[16:16:50.692411] {Display Queue} wl_display#1.delete_id(130)
[16:16:50.692431] {Display Queue} wl_display#1.delete_id(143)
[16:16:50.692436] {Default Queue} wp_presentation_feedback#130.sync_output(wl_output#29)
[16:16:50.692440] {Default Queue} wp_presentation_feedback#130.presented(0, 94876, 627832676, 0, 0, 0, 1)
[16:16:50.692448] {Default Queue} wl_callback#143.done(94876627)
[16:16:50.692595] {mesa vk display queue} wl_buffer#139.release()
[16:16:50.692598] {mesa vk display queue} wl_buffer#134.release()
[16:16:50.692599] {mesa vk display queue} wl_buffer#118.release()
[16:16:50.692722]  -> wl_surface#71.frame(new id wl_callback#143)
[16:16:50.692725] {Default Queue}  -> wp_presentation#19.feedback(wl_surface#71, new id wp_presentation_feedback#130)
[16:16:50.692728]  -> wl_surface#71.offset(0, 0)
[16:16:50.692740] {mesa vk display queue}  -> wl_surface#71.attach(wl_buffer#134, 0, 0)
[16:16:50.692743] {mesa vk display queue}  -> wl_surface#71.damage_buffer(5, 87, 88, 41)
[16:16:50.692745] {mesa vk display queue}  -> wl_surface#71.commit()
[16:16:50.709158] {Display Queue} wl_display#1.delete_id(137)
[16:16:50.709179] {Display Queue} wl_display#1.delete_id(143)
[16:16:50.709184] {Default Queue} wp_presentation_feedback#137.sync_output(wl_output#29)
[16:16:50.709189] {Default Queue} wp_presentation_feedback#137.presented(0, 94876, 644426720, 0, 0, 0, 1)
[16:16:50.709198] {Default Queue} wl_callback#143.done(94876644)
[16:16:50.709578]  -> wl_surface#71.frame(new id wl_callback#143)
[16:16:50.709582] {Default Queue}  -> wp_presentation#19.feedback(wl_surface#71, new id wp_presentation_feedback#137)
[16:16:50.709585]  -> wl_surface#71.offset(0, 0)
[16:16:50.709603] {mesa vk display queue}  -> wl_surface#71.attach(wl_buffer#118, 0, 0)
[16:16:50.709605] {mesa vk display queue}  -> wl_surface#71.damage_buffer(5, 87, 88, 41)
[16:16:50.709607] {mesa vk display queue}  -> wl_surface#71.commit()
[16:16:50.725983] {Display Queue} wl_display#1.delete_id(130)
[16:16:50.726003] {Display Queue} wl_display#1.delete_id(143)
[16:16:50.726008] {Default Queue} wp_presentation_feedback#130.sync_output(wl_output#29)
[16:16:50.726012] {Default Queue} wp_presentation_feedback#130.presented(0, 94876, 661236725, 0, 0, 0, 1)
[16:16:50.726020] {Default Queue} wl_callback#143.done(94876661)
[16:16:50.726477]  -> wl_surface#71.frame(new id wl_callback#143)
[16:16:50.726486] {Default Queue}  -> wp_presentation#19.feedback(wl_surface#71, new id wp_presentation_feedback#130)
[16:16:50.726489]  -> wl_surface#71.offset(0, 0)
[16:16:50.726505] {mesa vk display queue}  -> wl_surface#71.attach(wl_buffer#139, 0, 0)
[16:16:50.726508] {mesa vk display queue}  -> wl_surface#71.damage_buffer(5, 87, 88, 41)
[16:16:50.726510] {mesa vk display queue}  -> wl_surface#71.commit()
[16:16:50.742430] {Display Queue} wl_display#1.delete_id(137)
[16:16:50.742449] {Display Queue} wl_display#1.delete_id(143)
[16:16:50.742454] {Default Queue} wp_presentation_feedback#137.sync_output(wl_output#29)
[16:16:50.742458] {Default Queue} wp_presentation_feedback#137.presented(0, 94876, 677800892, 0, 0, 0, 1)
[16:16:50.742466] {Default Queue} wl_callback#143.done(94876677)
[16:16:50.742621] {mesa vk display queue} wl_buffer#144.release()
[16:16:50.742625] {mesa vk display queue} wl_buffer#134.release()
[16:16:50.742627] {mesa vk display queue} wl_buffer#118.release()
[16:16:50.742734]  -> wl_surface#71.frame(new id wl_callback#143)
[16:16:50.742737] {Default Queue}  -> wp_presentation#19.feedback(wl_surface#71, new id wp_presentation_feedback#137)
[16:16:50.742740]  -> wl_surface#71.offset(0, 0)
[16:16:50.742756] {mesa vk display queue}  -> wl_surface#71.attach(wl_buffer#134, 0, 0)
[16:16:50.742759] {mesa vk display queue}  -> wl_surface#71.damage_buffer(5, 87, 88, 41)
[16:16:50.742761] {mesa vk display queue}  -> wl_surface#71.commit()
[16:16:50.759006] {Display Queue} wl_display#1.delete_id(130)
[16:16:50.759025] {Display Queue} wl_display#1.delete_id(143)
[16:16:50.759030] {Default Queue} wp_presentation_feedback#130.sync_output(wl_output#29)
[16:16:50.759035] {Default Queue} wp_presentation_feedback#130.presented(0, 94876, 694325011, 0, 0, 0, 1)
[16:16:50.759043] {Default Queue} wl_callback#143.done(94876694)
[16:16:50.759334]  -> wl_surface#71.frame(new id wl_callback#143)
[16:16:50.759338] {Default Queue}  -> wp_presentation#19.feedback(wl_surface#71, new id wp_presentation_feedback#130)
[16:16:50.759341]  -> wl_surface#71.offset(0, 0)
[16:16:50.759355] {mesa vk display queue}  -> wl_surface#71.attach(wl_buffer#118, 0, 0)
[16:16:50.759357] {mesa vk display queue}  -> wl_surface#71.damage_buffer(5, 87, 88, 41)
[16:16:50.759359] {mesa vk display queue}  -> wl_surface#71.commit()
[16:16:50.775920] {Display Queue} wl_display#1.delete_id(137)
[16:16:50.775940] {Display Queue} wl_display#1.delete_id(143)
[16:16:50.775945] {Default Queue} wp_presentation_feedback#137.sync_output(wl_output#29)
[16:16:50.775950] {Default Queue} wp_presentation_feedback#137.presented(0, 94876, 711180436, 0, 0, 0, 1)
[16:16:50.775958] {Default Queue} wl_callback#143.done(94876711)
[16:16:50.776298]  -> wl_surface#71.frame(new id wl_callback#143)
[16:16:50.776303] {Default Queue}  -> wp_presentation#19.feedback(wl_surface#71, new id wp_presentation_feedback#137)
[16:16:50.776305]  -> wl_surface#71.offset(0, 0)
[16:16:50.776322] {mesa vk display queue}  -> wl_surface#71.attach(wl_buffer#144, 0, 0)
[16:16:50.776325] {mesa vk display queue}  -> wl_surface#71.damage_buffer(5, 87, 88, 41)
[16:16:50.776327] {mesa vk display queue}  -> wl_surface#71.commit()
[16:16:50.792292] {Display Queue} wl_display#1.delete_id(130)
[16:16:50.792311] {Display Queue} wl_display#1.delete_id(143)
[16:16:50.792316] {Default Queue} wp_presentation_feedback#130.sync_output(wl_output#29)
[16:16:50.792320] {Default Queue} wp_presentation_feedback#130.presented(0, 94876, 727569998, 0, 0, 0, 1)
[16:16:50.792328] {Default Queue} wl_callback#143.done(94876727)
[16:16:50.792496] {mesa vk display queue} wl_buffer#139.release()
[16:16:50.792498] {mesa vk display queue} wl_buffer#134.release()
[16:16:50.792500] {mesa vk display queue} wl_buffer#118.release()
[16:16:50.792633]  -> wl_surface#71.frame(new id wl_callback#143)
[16:16:50.792637] {Default Queue}  -> wp_presentation#19.feedback(wl_surface#71, new id wp_presentation_feedback#130)
[16:16:50.792640]  -> wl_surface#71.offset(0, 0)
[16:16:50.792658] {mesa vk display queue}  -> wl_surface#71.attach(wl_buffer#134, 0, 0)
[16:16:50.792667] {mesa vk display queue}  -> wl_surface#71.damage_buffer(5, 87, 88, 41)
[16:16:50.792676] {mesa vk display queue}  -> wl_surface#71.commit()
[16:16:50.809123] {Display Queue} wl_display#1.delete_id(137)
[16:16:50.809140] {Display Queue} wl_display#1.delete_id(143)
[16:16:50.809144] {Default Queue} wp_presentation_feedback#137.sync_output(wl_output#29)
[16:16:50.809148] {Default Queue} wp_presentation_feedback#137.presented(0, 94876, 744477568, 0, 0, 0, 1)
[16:16:50.809155] {Default Queue} wl_callback#143.done(94876744)
[16:16:50.809400]  -> wl_surface#71.frame(new id wl_callback#143)
[16:16:50.809404] {Default Queue}  -> wp_presentation#19.feedback(wl_surface#71, new id wp_presentation_feedback#137)
[16:16:50.809406]  -> wl_surface#71.offset(0, 0)
[16:16:50.809422] {mesa vk display queue}  -> wl_surface#71.attach(wl_buffer#118, 0, 0)
[16:16:50.809425] {mesa vk display queue}  -> wl_surface#71.damage_buffer(5, 87, 88, 41)
[16:16:50.809427] {mesa vk display queue}  -> wl_surface#71.commit()
[16:16:50.825794] {Display Queue} wl_display#1.delete_id(130)
[16:16:50.825813] {Display Queue} wl_display#1.delete_id(143)
[16:16:50.825818] {Default Queue} wp_presentation_feedback#130.sync_output(wl_output#29)
[16:16:50.825822] {Default Queue} wp_presentation_feedback#130.presented(0, 94876, 761142871, 0, 0, 0, 1)
[16:16:50.825830] {Default Queue} wl_callback#143.done(94876761)
[16:16:50.842594] {Display Queue} wl_display#1.delete_id(137)
[16:16:50.842614] {Default Queue} wp_presentation_feedback#137.sync_output(wl_output#29)
[16:16:50.842620] {Default Queue} wp_presentation_feedback#137.presented(0, 94876, 777954443, 0, 0, 0, 1)
[16:16:51.123283] {Default Queue} wl_keyboard#41.enter(76, wl_surface#71, array[0])
[16:16:51.123308] {Default Queue} wl_keyboard#41.modifiers(77, 0, 0, 0, 0)
[16:16:51.123326] {Default Queue} wl_data_device#33.selection(nil)
[16:16:51.123334] {Default Queue} wl_pointer#31.enter(80, wl_surface#71, 40.00000000, 153.00000000)
[16:16:51.123339] {Default Queue}  -> wp_cursor_shape_device_v1#40.set_shape(80, 1)
[16:16:51.123343] {Default Queue} wl_pointer#31.frame()
[16:16:51.123347] {Default Queue} wl_pointer#31.motion(0, 40.00000000, 153.00000000)
[16:16:51.123350] xdg_toplevel#107.configure(373, 510, array[20])
[16:16:51.123353] xdg_surface#106.configure(78)
[16:16:51.123358]  -> xdg_surface#106.ack_configure(78)
[16:16:51.123970]  -> wl_surface#71.frame(new id wl_callback#137)
[16:16:51.123980] {Default Queue}  -> wp_presentation#19.feedback(wl_surface#71, new id wp_presentation_feedback#143)
[16:16:51.123984]  -> wl_surface#71.offset(0, 0)
[16:16:51.124010] {mesa vk display queue}  -> wl_surface#71.attach(wl_buffer#139, 0, 0)
[16:16:51.124014] {mesa vk display queue}  -> wl_surface#71.damage_buffer(0, 0, 373, 510)
[16:16:51.124017] {mesa vk display queue}  -> wl_surface#71.commit()
[16:16:51.124034] {Default Queue} wl_keyboard#41.modifiers(82, 0, 0, 0, 0)
[16:16:51.124044] {Default Queue} wl_keyboard#41.leave(83, wl_surface#71)
[16:16:51.124048] {Default Queue} wl_pointer#31.leave(86, wl_surface#71)
[16:16:51.124052] {Default Queue} wl_pointer#31.frame()
[16:16:51.126449] {Display Queue} wl_display#1.delete_id(137)
[16:16:51.126469] {Default Queue} wl_callback#137.done(94877061)
[16:16:51.126598] {mesa vk display queue} wl_buffer#144.release()
[16:16:51.126601] {mesa vk display queue} wl_buffer#134.release()
[16:16:51.126602] {mesa vk display queue} wl_buffer#118.release()
[16:16:51.126711]  -> wl_surface#71.frame(new id wl_callback#137)
[16:16:51.126714] {Default Queue}  -> wp_presentation#19.feedback(wl_surface#71, new id wp_presentation_feedback#130)
[16:16:51.126717]  -> wl_surface#71.offset(0, 0)
[16:16:51.126732] {mesa vk display queue}  -> wl_surface#71.attach(wl_buffer#134, 0, 0)
[16:16:51.126735] {mesa vk display queue}  -> wl_surface#71.damage_buffer(0, 0, 373, 510)
[16:16:51.126737] {mesa vk display queue}  -> wl_surface#71.commit()
[16:16:51.142414] {Display Queue} wl_display#1.delete_id(143)
[16:16:51.142435] {Display Queue} wl_display#1.delete_id(137)
[16:16:51.142449] {Default Queue} wp_presentation_feedback#143.sync_output(wl_output#29)
[16:16:51.142464] {Default Queue} wp_presentation_feedback#143.presented(0, 94877, 77675352, 0, 0, 0, 1)
[16:16:51.142473] {Default Queue} wl_callback#137.done(94877077)
[16:16:51.159130] {Display Queue} wl_display#1.delete_id(130)
[16:16:51.159147] {Default Queue} wp_presentation_feedback#130.sync_output(wl_output#29)
[16:16:51.159153] {Default Queue} wp_presentation_feedback#130.presented(0, 94877, 94505127, 0, 0, 0, 1)
[16:16:51.351650] {Default Queue} wl_seat#3.capabilities(1)
[16:16:51.351664] {Default Queue}  -> wl_keyboard#41.release()
[16:16:51.409115] {Display Queue} wl_display#1.delete_id(41)
[16:16:51.409134] {Default Queue} wl_data_device#33.selection(nil)
[16:16:51.409146] {Default Queue} wl_seat#3.capabilities(3)
[16:16:51.409152] {Default Queue}  -> wl_seat#3.get_keyboard(new id wl_keyboard#41)
[16:16:51.409448] {Default Queue} wl_keyboard#41.keymap(1, fd 18, 35572)
[16:16:51.410434] {Default Queue} wl_keyboard#41.repeat_info(25, 600)
[16:16:51.410438] {Default Queue} wl_keyboard#41.enter(98, wl_surface#71, array[0])
[16:16:51.411013]  -> wl_surface#71.frame(new id wl_callback#130)
[16:16:51.411019] {Default Queue}  -> wp_presentation#19.feedback(wl_surface#71, new id wp_presentation_feedback#137)
[16:16:51.411023]  -> wl_surface#71.offset(0, 0)
[16:16:51.411044] {mesa vk display queue}  -> wl_surface#71.attach(wl_buffer#118, 0, 0)
[16:16:51.411047] {mesa vk display queue}  -> wl_surface#71.damage_buffer(0, 0, 373, 510)
[16:16:51.411050] {mesa vk display queue}  -> wl_surface#71.commit()
[16:16:51.425836] {Display Queue} wl_display#1.delete_id(130)
[16:16:51.425848] {Default Queue} wl_callback#130.done(94877361)
[16:16:51.426081]  -> wl_surface#71.frame(new id wl_callback#130)
[16:16:51.426085] {Default Queue}  -> wp_presentation#19.feedback(wl_surface#71, new id wp_presentation_feedback#143)
[16:16:51.426089]  -> wl_surface#71.offset(0, 0)
[16:16:51.426104] {mesa vk display queue}  -> wl_surface#71.attach(wl_buffer#144, 0, 0)
[16:16:51.426107] {mesa vk display queue}  -> wl_surface#71.damage_buffer(0, 0, 373, 510)
[16:16:51.426109] {mesa vk display queue}  -> wl_surface#71.commit()
[16:16:51.435060] {Default Queue} wl_keyboard#41.modifiers(99, 0, 0, 0, 0)
[16:16:51.435098] {Default Queue} wl_keyboard#41.key(100, 94877370, 30, 1)
[16:16:51.436228] {Default Queue}  -> zwp_text_input_v3#101.set_surrounding_text("a", 1, 1)
[16:16:51.436242] {Default Queue}  -> zwp_text_input_v3#101.set_text_change_cause(0)
[16:16:51.436266] {Default Queue}  -> zwp_text_input_v3#101.set_content_type(0, 0)
[16:16:51.436276] {Default Queue}  -> zwp_text_input_v3#101.set_cursor_rectangle(25, 9, 0, 32)
[16:16:51.436281] {Default Queue}  -> zwp_text_input_v3#101.commit()
[16:16:51.442420] {Display Queue} wl_display#1.delete_id(137)
[16:16:51.442429] {Display Queue} wl_display#1.delete_id(130)
[16:16:51.442432] {Default Queue} wp_presentation_feedback#137.sync_output(wl_output#29)
[16:16:51.442435] {Default Queue} wp_presentation_feedback#137.presented(0, 94877, 377760584, 0, 0, 0, 1)
[16:16:51.442439] {Default Queue} wl_callback#130.done(94877377)
[16:16:51.442600] {mesa vk display queue} wl_buffer#139.release()
[16:16:51.442605] {mesa vk display queue} wl_buffer#134.release()
[16:16:51.442607] {mesa vk display queue} wl_buffer#118.release()
[16:16:51.442841]  -> wl_surface#71.frame(new id wl_callback#130)
[16:16:51.442848] {Default Queue}  -> wp_presentation#19.feedback(wl_surface#71, new id wp_presentation_feedback#137)
[16:16:51.442851]  -> wl_surface#71.offset(0, 0)
[16:16:51.442870] {mesa vk display queue}  -> wl_surface#71.attach(wl_buffer#134, 0, 0)
[16:16:51.442873] {mesa vk display queue}  -> wl_surface#71.damage_buffer(4, 4, 108, 42)
[16:16:51.442876] {mesa vk display queue}  -> wl_surface#71.commit()
[16:16:51.456111] {Default Queue} wl_keyboard#41.key(101, 94877391, 30, 0)
[16:16:51.458853] {Display Queue} wl_display#1.delete_id(143)
[16:16:51.458863] {Display Queue} wl_display#1.delete_id(130)
[16:16:51.458874] {Default Queue} wp_presentation_feedback#143.sync_output(wl_output#29)
[16:16:51.458886] {Default Queue} wp_presentation_feedback#143.presented(0, 94877, 394181189, 0, 0, 0, 1)
[16:16:51.458892] {Default Queue} wl_callback#130.done(94877394)
[16:16:51.459147]  -> wl_surface#71.frame(new id wl_callback#130)
[16:16:51.459155] {Default Queue}  -> wp_presentation#19.feedback(wl_surface#71, new id wp_presentation_feedback#143)
[16:16:51.459159]  -> wl_surface#71.offset(0, 0)
[16:16:51.459182] {mesa vk display queue}  -> wl_surface#71.attach(wl_buffer#118, 0, 0)
[16:16:51.459186] {mesa vk display queue}  -> wl_surface#71.damage_buffer(4, 4, 108, 42)
[16:16:51.459189] {mesa vk display queue}  -> wl_surface#71.commit()
[16:16:51.476010] {Display Queue} wl_display#1.delete_id(137)
[16:16:51.476026] {Display Queue} wl_display#1.delete_id(130)
[16:16:51.476031] {Default Queue} wp_presentation_feedback#137.sync_output(wl_output#29)
[16:16:51.476035] {Default Queue} wp_presentation_feedback#137.presented(0, 94877, 411179614, 0, 0, 0, 1)
[16:16:51.476044] {Default Queue} wl_callback#130.done(94877411)
[16:16:51.476505]  -> wl_surface#71.frame(new id wl_callback#130)
[16:16:51.476517] {Default Queue}  -> wp_presentation#19.feedback(wl_surface#71, new id wp_presentation_feedback#137)
[16:16:51.476523]  -> wl_surface#71.offset(0, 0)
[16:16:51.476553] {mesa vk display queue}  -> wl_surface#71.attach(wl_buffer#139, 0, 0)
[16:16:51.476559] {mesa vk display queue}  -> wl_surface#71.damage_buffer(4, 4, 108, 42)
[16:16:51.476563] {mesa vk display queue}  -> wl_surface#71.commit()
[16:16:51.492227] {Display Queue} wl_display#1.delete_id(143)
[16:16:51.492244] {Display Queue} wl_display#1.delete_id(130)
[16:16:51.492258] {Default Queue} wp_presentation_feedback#143.sync_output(wl_output#29)
[16:16:51.492265] {Default Queue} wp_presentation_feedback#143.presented(0, 94877, 427474622, 0, 0, 0, 1)
[16:16:51.492274] {Default Queue} wl_callback#130.done(94877427)
[16:16:51.492422] {mesa vk display queue} wl_buffer#144.release()
[16:16:51.492430] {mesa vk display queue} wl_buffer#134.release()
[16:16:51.492433] {mesa vk display queue} wl_buffer#118.release()
[16:16:51.492595]  -> wl_surface#71.frame(new id wl_callback#130)
[16:16:51.492606] {Default Queue}  -> wp_presentation#19.feedback(wl_surface#71, new id wp_presentation_feedback#143)
[16:16:51.492612]  -> wl_surface#71.offset(0, 0)
[16:16:51.492643] {mesa vk display queue}  -> wl_surface#71.attach(wl_buffer#134, 0, 0)
[16:16:51.492649] {mesa vk display queue}  -> wl_surface#71.damage_buffer(4, 4, 108, 42)
[16:16:51.492654] {mesa vk display queue}  -> wl_surface#71.commit()
[16:16:51.509216] {Display Queue} wl_display#1.delete_id(137)
[16:16:51.509234] {Display Queue} wl_display#1.delete_id(130)
[16:16:51.509239] {Default Queue} wp_presentation_feedback#137.sync_output(wl_output#29)
[16:16:51.509244] {Default Queue} wp_presentation_feedback#137.presented(0, 94877, 444483862, 0, 0, 0, 1)
[16:16:51.509261] {Default Queue} wl_callback#130.done(94877444)
[16:16:51.509577]  -> wl_surface#71.frame(new id wl_callback#130)
[16:16:51.509590] {Default Queue}  -> wp_presentation#19.feedback(wl_surface#71, new id wp_presentation_feedback#137)
[16:16:51.509596]  -> wl_surface#71.offset(0, 0)
[16:16:51.509625] {mesa vk display queue}  -> wl_surface#71.attach(wl_buffer#118, 0, 0)
[16:16:51.509631] {mesa vk display queue}  -> wl_surface#71.damage_buffer(5, 5, 106, 40)
[16:16:51.509636] {mesa vk display queue}  -> wl_surface#71.commit()
[16:16:51.525573] {Display Queue} wl_display#1.delete_id(143)
[16:16:51.525584] {Display Queue} wl_display#1.delete_id(130)
[16:16:51.525586] {Default Queue} wp_presentation_feedback#143.sync_output(wl_output#29)
[16:16:51.525589] {Default Queue} wp_presentation_feedback#143.presented(0, 94877, 460758177, 0, 0, 0, 1)
[16:16:51.525595] {Default Queue} wl_callback#130.done(94877460)
[16:16:51.525872]  -> wl_surface#71.frame(new id wl_callback#130)
[16:16:51.525879] {Default Queue}  -> wp_presentation#19.feedback(wl_surface#71, new id wp_presentation_feedback#143)
[16:16:51.525886]  -> wl_surface#71.offset(0, 0)
[16:16:51.525912] {mesa vk display queue}  -> wl_surface#71.attach(wl_buffer#144, 0, 0)
[16:16:51.525916] {mesa vk display queue}  -> wl_surface#71.damage_buffer(4, 4, 108, 42)
[16:16:51.525918] {mesa vk display queue}  -> wl_surface#71.commit()
[16:16:51.542042] {Display Queue} wl_display#1.delete_id(137)
[16:16:51.542053] {Display Queue} wl_display#1.delete_id(130)
[16:16:51.542056] {Default Queue} wp_presentation_feedback#137.sync_output(wl_output#29)
[16:16:51.542059] {Default Queue} wp_presentation_feedback#137.presented(0, 94877, 477398466, 0, 0, 0, 1)
[16:16:51.542065] {Default Queue} wl_callback#130.done(94877477)
[16:16:51.542183] {mesa vk display queue} wl_buffer#139.release()
[16:16:51.542188] {mesa vk display queue} wl_buffer#134.release()
[16:16:51.542190] {mesa vk display queue} wl_buffer#118.release()
[16:16:51.542330]  -> wl_surface#71.frame(new id wl_callback#130)
[16:16:51.542337] {Default Queue}  -> wp_presentation#19.feedback(wl_surface#71, new id wp_presentation_feedback#137)
[16:16:51.542341]  -> wl_surface#71.offset(0, 0)
[16:16:51.542362] {mesa vk display queue}  -> wl_surface#71.attach(wl_buffer#134, 0, 0)
[16:16:51.542366] {mesa vk display queue}  -> wl_surface#71.damage_buffer(5, 5, 106, 40)
[16:16:51.542369] {mesa vk display queue}  -> wl_surface#71.commit()
[16:16:51.558954] {Display Queue} wl_display#1.delete_id(143)
[16:16:51.558965] {Display Queue} wl_display#1.delete_id(130)
[16:16:51.558967] {Default Queue} wp_presentation_feedback#143.sync_output(wl_output#29)
[16:16:51.558970] {Default Queue} wp_presentation_feedback#143.presented(0, 94877, 494327510, 0, 0, 0, 1)
[16:16:51.558975] {Default Queue} wl_callback#130.done(94877494)
[16:16:51.559223]  -> wl_surface#71.frame(new id wl_callback#130)
[16:16:51.559230] {Default Queue}  -> wp_presentation#19.feedback(wl_surface#71, new id wp_presentation_feedback#143)
[16:16:51.559233]  -> wl_surface#71.offset(0, 0)
[16:16:51.559257] {mesa vk display queue}  -> wl_surface#71.attach(wl_buffer#118, 0, 0)
[16:16:51.559261] {mesa vk display queue}  -> wl_surface#71.damage_buffer(6, 6, 104, 38)
[16:16:51.559263] {mesa vk display queue}  -> wl_surface#71.commit()
[16:16:51.575762] {Display Queue} wl_display#1.delete_id(137)
[16:16:51.575776] {Display Queue} wl_display#1.delete_id(130)
[16:16:51.575780] {Default Queue} wp_presentation_feedback#137.sync_output(wl_output#29)
[16:16:51.575784] {Default Queue} wp_presentation_feedback#137.presented(0, 94877, 510973592, 0, 0, 0, 1)
[16:16:51.575791] {Default Queue} wl_callback#130.done(94877510)
[16:16:51.576058]  -> wl_surface#71.frame(new id wl_callback#130)
[16:16:51.576068] {Default Queue}  -> wp_presentation#19.feedback(wl_surface#71, new id wp_presentation_feedback#137)
[16:16:51.576073]  -> wl_surface#71.offset(0, 0)
[16:16:51.576099] {mesa vk display queue}  -> wl_surface#71.attach(wl_buffer#139, 0, 0)
[16:16:51.576104] {mesa vk display queue}  -> wl_surface#71.damage_buffer(5, 5, 106, 40)
[16:16:51.576108] {mesa vk display queue}  -> wl_surface#71.commit()
[16:16:51.592597] {Display Queue} wl_display#1.delete_id(143)
[16:16:51.592615] {Display Queue} wl_display#1.delete_id(130)
[16:16:51.592621] {Default Queue} wp_presentation_feedback#143.sync_output(wl_output#29)
[16:16:51.592627] {Default Queue} wp_presentation_feedback#143.presented(0, 94877, 527689699, 0, 0, 0, 1)
[16:16:51.592635] {Default Queue} wl_callback#130.done(94877527)
[16:16:51.592797] {mesa vk display queue} wl_buffer#144.release()
[16:16:51.592804] {mesa vk display queue} wl_buffer#134.release()
[16:16:51.592808] {mesa vk display queue} wl_buffer#118.release()
[16:16:51.592959]  -> wl_surface#71.frame(new id wl_callback#130)
[16:16:51.592965] {Default Queue}  -> wp_presentation#19.feedback(wl_surface#71, new id wp_presentation_feedback#143)
[16:16:51.592967]  -> wl_surface#71.offset(0, 0)
[16:16:51.592983] {mesa vk display queue}  -> wl_surface#71.attach(wl_buffer#134, 0, 0)
[16:16:51.592987] {mesa vk display queue}  -> wl_surface#71.damage_buffer(6, 6, 104, 38)
[16:16:51.592989] {mesa vk display queue}  -> wl_surface#71.commit()
[16:16:51.608946] {Display Queue} wl_display#1.delete_id(137)
[16:16:51.608958] {Display Queue} wl_display#1.delete_id(130)
[16:16:51.608961] {Default Queue} wp_presentation_feedback#137.sync_output(wl_output#29)
[16:16:51.608963] {Default Queue} wp_presentation_feedback#137.presented(0, 94877, 544310636, 0, 0, 0, 1)
[16:16:51.608968] {Default Queue} wl_callback#130.done(94877544)
[16:16:51.609166]  -> wl_surface#71.frame(new id wl_callback#130)
[16:16:51.609172] {Default Queue}  -> wp_presentation#19.feedback(wl_surface#71, new id wp_presentation_feedback#137)
[16:16:51.609175]  -> wl_surface#71.offset(0, 0)
[16:16:51.609193] {mesa vk display queue}  -> wl_surface#71.attach(wl_buffer#118, 0, 0)
[16:16:51.609196] {mesa vk display queue}  -> wl_surface#71.damage_buffer(7, 7, 102, 36)
[16:16:51.609198] {mesa vk display queue}  -> wl_surface#71.commit()
[16:16:51.625468] {Display Queue} wl_display#1.delete_id(143)
[16:16:51.625478] {Display Queue} wl_display#1.delete_id(130)
[16:16:51.625481] {Default Queue} wp_presentation_feedback#143.sync_output(wl_output#29)
[16:16:51.625483] {Default Queue} wp_presentation_feedback#143.presented(0, 94877, 560767677, 0, 0, 0, 1)
[16:16:51.625489] {Default Queue} wl_callback#130.done(94877560)
[16:16:51.625727]  -> wl_surface#71.frame(new id wl_callback#130)
[16:16:51.625734] {Default Queue}  -> wp_presentation#19.feedback(wl_surface#71, new id wp_presentation_feedback#143)
[16:16:51.625737]  -> wl_surface#71.offset(0, 0)
[16:16:51.625756] {mesa vk display queue}  -> wl_surface#71.attach(wl_buffer#144, 0, 0)
[16:16:51.625760] {mesa vk display queue}  -> wl_surface#71.damage_buffer(6, 6, 104, 38)
[16:16:51.625762] {mesa vk display queue}  -> wl_surface#71.commit()
[16:16:51.642415] {Display Queue} wl_display#1.delete_id(137)
[16:16:51.642425] {Display Queue} wl_display#1.delete_id(130)
[16:16:51.642428] {Default Queue} wp_presentation_feedback#137.sync_output(wl_output#29)
[16:16:51.642430] {Default Queue} wp_presentation_feedback#137.presented(0, 94877, 577715271, 0, 0, 0, 1)
[16:16:51.642436] {Default Queue} wl_callback#130.done(94877577)
[16:16:51.642548] {mesa vk display queue} wl_buffer#139.release()
[16:16:51.642553] {mesa vk display queue} wl_buffer#134.release()
[16:16:51.642554] {mesa vk display queue} wl_buffer#118.release()
[16:16:51.642679]  -> wl_surface#71.frame(new id wl_callback#130)
[16:16:51.642684] {Default Queue}  -> wp_presentation#19.feedback(wl_surface#71, new id wp_presentation_feedback#137)
[16:16:51.642688]  -> wl_surface#71.offset(0, 0)
[16:16:51.642706] {mesa vk display queue}  -> wl_surface#71.attach(wl_buffer#134, 0, 0)
[16:16:51.642709] {mesa vk display queue}  -> wl_surface#71.damage_buffer(7, 7, 102, 36)
[16:16:51.642712] {mesa vk display queue}  -> wl_surface#71.commit()
[16:16:51.659092] {Display Queue} wl_display#1.delete_id(143)
[16:16:51.659109] {Display Queue} wl_display#1.delete_id(130)
[16:16:51.659114] {Default Queue} wp_presentation_feedback#143.sync_output(wl_output#29)
[16:16:51.659119] {Default Queue} wp_presentation_feedback#143.presented(0, 94877, 594343993, 0, 0, 0, 1)
[16:16:51.659127] {Default Queue} wl_callback#130.done(94877594)
[16:16:51.659432]  -> wl_surface#71.frame(new id wl_callback#130)
[16:16:51.659445] {Default Queue}  -> wp_presentation#19.feedback(wl_surface#71, new id wp_presentation_feedback#143)
[16:16:51.659450]  -> wl_surface#71.offset(0, 0)
[16:16:51.659483] {mesa vk display queue}  -> wl_surface#71.attach(wl_buffer#118, 0, 0)
[16:16:51.659489] {mesa vk display queue}  -> wl_surface#71.damage_buffer(7, 7, 102, 36)
[16:16:51.659494] {mesa vk display queue}  -> wl_surface#71.commit()
[16:16:51.675871] {Display Queue} wl_display#1.delete_id(137)
[16:16:51.675887] {Display Queue} wl_display#1.delete_id(130)
[16:16:51.675892] {Default Queue} wp_presentation_feedback#137.sync_output(wl_output#29)
[16:16:51.675897] {Default Queue} wp_presentation_feedback#137.presented(0, 94877, 611132047, 0, 0, 0, 1)
[16:16:51.675904] {Default Queue} wl_callback#130.done(94877611)
[16:16:51.676172]  -> wl_surface#71.frame(new id wl_callback#130)
[16:16:51.676194] {Default Queue}  -> wp_presentation#19.feedback(wl_surface#71, new id wp_presentation_feedback#137)
[16:16:51.676214]  -> wl_surface#71.offset(0, 0)
[16:16:51.676246] {mesa vk display queue}  -> wl_surface#71.attach(wl_buffer#139, 0, 0)
[16:16:51.676261] {mesa vk display queue}  -> wl_surface#71.damage_buffer(7, 7, 102, 36)
[16:16:51.676265] {mesa vk display queue}  -> wl_surface#71.commit()
[16:16:51.692083] {Display Queue} wl_display#1.delete_id(143)
[16:16:51.692095] {Display Queue} wl_display#1.delete_id(130)
[16:16:51.692098] {Default Queue} wp_presentation_feedback#143.sync_output(wl_output#29)
[16:16:51.692102] {Default Queue} wp_presentation_feedback#143.presented(0, 94877, 627433509, 0, 0, 0, 1)
[16:16:51.692108] {Default Queue} wl_callback#130.done(94877627)
[16:16:51.692216] {mesa vk display queue} wl_buffer#144.release()
[16:16:51.692221] {mesa vk display queue} wl_buffer#134.release()
[16:16:51.692224] {mesa vk display queue} wl_buffer#118.release()
[16:16:51.692349]  -> wl_surface#71.frame(new id wl_callback#130)
[16:16:51.692356] {Default Queue}  -> wp_presentation#19.feedback(wl_surface#71, new id wp_presentation_feedback#143)
[16:16:51.692359]  -> wl_surface#71.offset(0, 0)
[16:16:51.692380] {mesa vk display queue}  -> wl_surface#71.attach(wl_buffer#134, 0, 0)
[16:16:51.692384] {mesa vk display queue}  -> wl_surface#71.damage_buffer(7, 7, 102, 36)
[16:16:51.692387] {mesa vk display queue}  -> wl_surface#71.commit()
[16:16:51.709087] {Display Queue} wl_display#1.delete_id(137)
[16:16:51.709110] {Display Queue} wl_display#1.delete_id(130)
[16:16:51.709115] {Default Queue} wp_presentation_feedback#137.sync_output(wl_output#29)
[16:16:51.709120] {Default Queue} wp_presentation_feedback#137.presented(0, 94877, 644327405, 0, 0, 0, 1)
[16:16:51.709128] {Default Queue} wl_callback#130.done(94877644)
[16:16:51.709458]  -> wl_surface#71.frame(new id wl_callback#130)
[16:16:51.709472] {Default Queue}  -> wp_presentation#19.feedback(wl_surface#71, new id wp_presentation_feedback#137)
[16:16:51.709478]  -> wl_surface#71.offset(0, 0)
[16:16:51.709512] {mesa vk display queue}  -> wl_surface#71.attach(wl_buffer#118, 0, 0)
[16:16:51.709519] {mesa vk display queue}  -> wl_surface#71.damage_buffer(7, 7, 102, 36)
[16:16:51.709524] {mesa vk display queue}  -> wl_surface#71.commit()
[16:16:51.725713] {Display Queue} wl_display#1.delete_id(143)
[16:16:51.725729] {Display Queue} wl_display#1.delete_id(130)
[16:16:51.725733] {Default Queue} wp_presentation_feedback#143.sync_output(wl_output#29)
[16:16:51.725738] {Default Queue} wp_presentation_feedback#143.presented(0, 94877, 661065749, 0, 0, 0, 1)
[16:16:51.725745] {Default Queue} wl_callback#130.done(94877661)
[16:16:51.726119]  -> wl_surface#71.frame(new id wl_callback#130)
[16:16:51.726127] {Default Queue}  -> wp_presentation#19.feedback(wl_surface#71, new id wp_presentation_feedback#143)
[16:16:51.726131]  -> wl_surface#71.offset(0, 0)
[16:16:51.726151] {mesa vk display queue}  -> wl_surface#71.attach(wl_buffer#144, 0, 0)
[16:16:51.726156] {mesa vk display queue}  -> wl_surface#71.damage_buffer(7, 7, 102, 36)
[16:16:51.726159] {mesa vk display queue}  -> wl_surface#71.commit()
[16:16:51.742507] {Display Queue} wl_display#1.delete_id(137)
[16:16:51.742520] {Display Queue} wl_display#1.delete_id(130)
[16:16:51.742524] {Default Queue} wp_presentation_feedback#137.sync_output(wl_output#29)
[16:16:51.742528] {Default Queue} wp_presentation_feedback#137.presented(0, 94877, 677787595, 0, 0, 0, 1)
[16:16:51.742535] {Default Queue} wl_callback#130.done(94877677)
[16:16:51.742641] {mesa vk display queue} wl_buffer#139.release()
[16:16:51.742648] {mesa vk display queue} wl_buffer#134.release()
[16:16:51.742652] {mesa vk display queue} wl_buffer#118.release()
[16:16:51.742799]  -> wl_surface#71.frame(new id wl_callback#130)
[16:16:51.742808] {Default Queue}  -> wp_presentation#19.feedback(wl_surface#71, new id wp_presentation_feedback#137)
[16:16:51.742813]  -> wl_surface#71.offset(0, 0)
[16:16:51.742838] {mesa vk display queue}  -> wl_surface#71.attach(wl_buffer#134, 0, 0)
[16:16:51.742853] {mesa vk display queue}  -> wl_surface#71.damage_buffer(7, 7, 102, 36)
[16:16:51.742867] {mesa vk display queue}  -> wl_surface#71.commit()
[16:16:51.759101] {Display Queue} wl_display#1.delete_id(143)
[16:16:51.759111] {Display Queue} wl_display#1.delete_id(130)
[16:16:51.759114] {Default Queue} wp_presentation_feedback#143.sync_output(wl_output#29)
[16:16:51.759116] {Default Queue} wp_presentation_feedback#143.presented(0, 94877, 694527077, 0, 0, 0, 1)
[16:16:51.759121] {Default Queue} wl_callback#130.done(94877694)
[16:16:51.759356]  -> wl_surface#71.frame(new id wl_callback#130)
[16:16:51.759362] {Default Queue}  -> wp_presentation#19.feedback(wl_surface#71, new id wp_presentation_feedback#143)
[16:16:51.759365]  -> wl_surface#71.offset(0, 0)
[16:16:51.759381] {mesa vk display queue}  -> wl_surface#71.attach(wl_buffer#118, 0, 0)
[16:16:51.759385] {mesa vk display queue}  -> wl_surface#71.damage_buffer(7, 7, 102, 36)
[16:16:51.759387] {mesa vk display queue}  -> wl_surface#71.commit()
[16:16:51.775594] {Display Queue} wl_display#1.delete_id(137)
[16:16:51.775607] {Display Queue} wl_display#1.delete_id(130)
[16:16:51.775610] {Default Queue} wp_presentation_feedback#137.sync_output(wl_output#29)
[16:16:51.775613] {Default Queue} wp_presentation_feedback#137.presented(0, 94877, 711025584, 0, 0, 0, 1)
[16:16:51.775619] {Default Queue} wl_callback#130.done(94877711)
[16:16:51.775833]  -> wl_surface#71.frame(new id wl_callback#130)
[16:16:51.775841] {Default Queue}  -> wp_presentation#19.feedback(wl_surface#71, new id wp_presentation_feedback#137)
[16:16:51.775845]  -> wl_surface#71.offset(0, 0)
[16:16:51.775866] {mesa vk display queue}  -> wl_surface#71.attach(wl_buffer#139, 0, 0)
[16:16:51.775870] {mesa vk display queue}  -> wl_surface#71.damage_buffer(7, 7, 102, 36)
[16:16:51.775873] {mesa vk display queue}  -> wl_surface#71.commit()
[16:16:51.792223] {Display Queue} wl_display#1.delete_id(143)
[16:16:51.792237] {Display Queue} wl_display#1.delete_id(130)
[16:16:51.792241] {Default Queue} wp_presentation_feedback#143.sync_output(wl_output#29)
[16:16:51.792245] {Default Queue} wp_presentation_feedback#143.presented(0, 94877, 727452877, 0, 0, 0, 1)
[16:16:51.792259] {Default Queue} wl_callback#130.done(94877727)
[16:16:51.792373] {mesa vk display queue} wl_buffer#144.release()
[16:16:51.792379] {mesa vk display queue} wl_buffer#134.release()
[16:16:51.792381] {mesa vk display queue} wl_buffer#118.release()
[16:16:51.792518]  -> wl_surface#71.frame(new id wl_callback#130)
[16:16:51.792526] {Default Queue}  -> wp_presentation#19.feedback(wl_surface#71, new id wp_presentation_feedback#143)
[16:16:51.792530]  -> wl_surface#71.offset(0, 0)
[16:16:51.792556] {mesa vk display queue}  -> wl_surface#71.attach(wl_buffer#134, 0, 0)
[16:16:51.792562] {mesa vk display queue}  -> wl_surface#71.damage_buffer(25, 16, 1, 18)
[16:16:51.792566] {mesa vk display queue}  -> wl_surface#71.commit()
[16:16:51.809165] {Display Queue} wl_display#1.delete_id(137)
[16:16:51.809181] {Display Queue} wl_display#1.delete_id(130)
[16:16:51.809187] {Default Queue} wp_presentation_feedback#137.sync_output(wl_output#29)
[16:16:51.809191] {Default Queue} wp_presentation_feedback#137.presented(0, 94877, 744458060, 0, 0, 0, 1)
[16:16:51.809199] {Default Queue} wl_callback#130.done(94877744)
[16:16:51.809448]  -> wl_surface#71.frame(new id wl_callback#130)
[16:16:51.809461] {Default Queue}  -> wp_presentation#19.feedback(wl_surface#71, new id wp_presentation_feedback#137)
[16:16:51.809467]  -> wl_surface#71.offset(0, 0)
[16:16:51.809496] {mesa vk display queue}  -> wl_surface#71.attach(wl_buffer#118, 0, 0)
[16:16:51.809503] {mesa vk display queue}  -> wl_surface#71.damage_buffer(25, 16, 1, 18)
[16:16:51.809507] {mesa vk display queue}  -> wl_surface#71.commit()
[16:16:51.825961] {Display Queue} wl_display#1.delete_id(143)
[16:16:51.825977] {Display Queue} wl_display#1.delete_id(130)
[16:16:51.825983] {Default Queue} wp_presentation_feedback#143.sync_output(wl_output#29)
[16:16:51.825987] {Default Queue} wp_presentation_feedback#143.presented(0, 94877, 761201664, 0, 0, 0, 1)
[16:16:51.826006] {Default Queue} wl_callback#130.done(94877761)
[16:16:51.826448]  -> wl_surface#71.frame(new id wl_callback#130)
[16:16:51.826461] {Default Queue}  -> wp_presentation#19.feedback(wl_surface#71, new id wp_presentation_feedback#143)
[16:16:51.826467]  -> wl_surface#71.offset(0, 0)
[16:16:51.826498] {mesa vk display queue}  -> wl_surface#71.attach(wl_buffer#144, 0, 0)
[16:16:51.826505] {mesa vk display queue}  -> wl_surface#71.damage_buffer(25, 16, 1, 18)
[16:16:51.826510] {mesa vk display queue}  -> wl_surface#71.commit()
[16:16:51.842769] {Display Queue} wl_display#1.delete_id(137)
[16:16:51.842787] {Display Queue} wl_display#1.delete_id(130)
[16:16:51.842793] {Default Queue} wp_presentation_feedback#137.sync_output(wl_output#29)
[16:16:51.842798] {Default Queue} wp_presentation_feedback#137.presented(0, 94877, 777872475, 0, 0, 0, 1)
[16:16:51.842807] {Default Queue} wl_callback#130.done(94877777)
[16:16:51.842949] {mesa vk display queue} wl_buffer#139.release()
[16:16:51.842957] {mesa vk display queue} wl_buffer#134.release()
[16:16:51.842960] {mesa vk display queue} wl_buffer#118.release()
[16:16:51.843131]  -> wl_surface#71.frame(new id wl_callback#130)
[16:16:51.843141] {Default Queue}  -> wp_presentation#19.feedback(wl_surface#71, new id wp_presentation_feedback#137)
[16:16:51.843147]  -> wl_surface#71.offset(0, 0)
[16:16:51.843176] {mesa vk display queue}  -> wl_surface#71.attach(wl_buffer#134, 0, 0)
[16:16:51.843183] {mesa vk display queue}  -> wl_surface#71.damage_buffer(25, 16, 1, 18)
[16:16:51.843187] {mesa vk display queue}  -> wl_surface#71.commit()
[16:16:51.858899] {Display Queue} wl_display#1.delete_id(143)
[16:16:51.858915] {Display Queue} wl_display#1.delete_id(130)
[16:16:51.858920] {Default Queue} wp_presentation_feedback#143.sync_output(wl_output#29)
[16:16:51.858924] {Default Queue} wp_presentation_feedback#143.presented(0, 94877, 794160918, 0, 0, 0, 1)
[16:16:51.858932] {Default Queue} wl_callback#130.done(94877794)
[16:16:51.859229]  -> wl_surface#71.frame(new id wl_callback#130)
[16:16:51.859240] {Default Queue}  -> wp_presentation#19.feedback(wl_surface#71, new id wp_presentation_feedback#143)
[16:16:51.859244]  -> wl_surface#71.offset(0, 0)
[16:16:51.859283] {mesa vk display queue}  -> wl_surface#71.attach(wl_buffer#118, 0, 0)
[16:16:51.859289] {mesa vk display queue}  -> wl_surface#71.damage_buffer(25, 16, 1, 18)
[16:16:51.859294] {mesa vk display queue}  -> wl_surface#71.commit()
[16:16:51.875661] {Display Queue} wl_display#1.delete_id(137)
[16:16:51.875671] {Display Queue} wl_display#1.delete_id(130)
[16:16:51.875674] {Default Queue} wp_presentation_feedback#137.sync_output(wl_output#29)
[16:16:51.875676] {Default Queue} wp_presentation_feedback#137.presented(0, 94877, 811005510, 0, 0, 0, 1)
[16:16:51.875681] {Default Queue} wl_callback#130.done(94877811)
[16:16:51.875900]  -> wl_surface#71.frame(new id wl_callback#130)
[16:16:51.875906] {Default Queue}  -> wp_presentation#19.feedback(wl_surface#71, new id wp_presentation_feedback#137)
[16:16:51.875909]  -> wl_surface#71.offset(0, 0)
[16:16:51.875926] {mesa vk display queue}  -> wl_surface#71.attach(wl_buffer#139, 0, 0)
[16:16:51.875929] {mesa vk display queue}  -> wl_surface#71.damage_buffer(25, 16, 1, 18)
[16:16:51.875931] {mesa vk display queue}  -> wl_surface#71.commit()
[16:16:51.892455] {Display Queue} wl_display#1.delete_id(143)
[16:16:51.892464] {Display Queue} wl_display#1.delete_id(130)
[16:16:51.892467] {Default Queue} wp_presentation_feedback#143.sync_output(wl_output#29)
[16:16:51.892469] {Default Queue} wp_presentation_feedback#143.presented(0, 94877, 827817375, 0, 0, 0, 1)
[16:16:51.892475] {Default Queue} wl_callback#130.done(94877827)
[16:16:51.892554] {mesa vk display queue} wl_buffer#144.release()
[16:16:51.892558] {mesa vk display queue} wl_buffer#134.release()
[16:16:51.892560] {mesa vk display queue} wl_buffer#118.release()
[16:16:51.892660]  -> wl_surface#71.frame(new id wl_callback#130)
[16:16:51.892665] {Default Queue}  -> wp_presentation#19.feedback(wl_surface#71, new id wp_presentation_feedback#143)
[16:16:51.892672]  -> wl_surface#71.offset(0, 0)
[16:16:51.892693] {mesa vk display queue}  -> wl_surface#71.attach(wl_buffer#134, 0, 0)
[16:16:51.892697] {mesa vk display queue}  -> wl_surface#71.damage_buffer(25, 16, 1, 18)
[16:16:51.892699] {mesa vk display queue}  -> wl_surface#71.commit()
[16:16:51.909147] {Display Queue} wl_display#1.delete_id(137)
[16:16:51.909156] {Display Queue} wl_display#1.delete_id(130)
[16:16:51.909159] {Default Queue} wp_presentation_feedback#137.sync_output(wl_output#29)
[16:16:51.909162] {Default Queue} wp_presentation_feedback#137.presented(0, 94877, 844470107, 0, 0, 0, 1)
[16:16:51.909166] {Default Queue} wl_callback#130.done(94877844)
[16:16:51.909390]  -> wl_surface#71.frame(new id wl_callback#130)
[16:16:51.909397] {Default Queue}  -> wp_presentation#19.feedback(wl_surface#71, new id wp_presentation_feedback#137)
[16:16:51.909400]  -> wl_surface#71.offset(0, 0)
[16:16:51.909415] {mesa vk display queue}  -> wl_surface#71.attach(wl_buffer#118, 0, 0)
[16:16:51.909418] {mesa vk display queue}  -> wl_surface#71.damage_buffer(25, 16, 1, 18)
[16:16:51.909420] {mesa vk display queue}  -> wl_surface#71.commit()
[16:16:51.925883] {Display Queue} wl_display#1.delete_id(143)
[16:16:51.925896] {Display Queue} wl_display#1.delete_id(130)
[16:16:51.925899] {Default Queue} wp_presentation_feedback#143.sync_output(wl_output#29)
[16:16:51.925902] {Default Queue} wp_presentation_feedback#143.presented(0, 94877, 861152982, 0, 0, 0, 1)
[16:16:51.925908] {Default Queue} wl_callback#130.done(94877861)
[16:16:51.926162]  -> wl_surface#71.frame(new id wl_callback#130)
[16:16:51.926169] {Default Queue}  -> wp_presentation#19.feedback(wl_surface#71, new id wp_presentation_feedback#143)
[16:16:51.926173]  -> wl_surface#71.offset(0, 0)
[16:16:51.926196] {mesa vk display queue}  -> wl_surface#71.attach(wl_buffer#144, 0, 0)
[16:16:51.926200] {mesa vk display queue}  -> wl_surface#71.damage_buffer(25, 16, 1, 18)
[16:16:51.926202] {mesa vk display queue}  -> wl_surface#71.commit()
[16:16:51.942814] {Display Queue} wl_display#1.delete_id(137)
[16:16:51.942837] {Display Queue} wl_display#1.delete_id(130)
[16:16:51.942843] {Default Queue} wp_presentation_feedback#137.sync_output(wl_output#29)
[16:16:51.942849] {Default Queue} wp_presentation_feedback#137.presented(0, 94877, 878043444, 0, 0, 0, 1)
[16:16:51.942858] {Default Queue} wl_callback#130.done(94877878)
[16:16:51.943003] {mesa vk display queue} wl_buffer#139.release()
[16:16:51.943011] {mesa vk display queue} wl_buffer#134.release()
[16:16:51.943014] {mesa vk display queue} wl_buffer#118.release()
[16:16:51.943187]  -> wl_surface#71.frame(new id wl_callback#130)
[16:16:51.943198] {Default Queue}  -> wp_presentation#19.feedback(wl_surface#71, new id wp_presentation_feedback#137)
[16:16:51.943203]  -> wl_surface#71.offset(0, 0)
[16:16:51.943236] {mesa vk display queue}  -> wl_surface#71.attach(wl_buffer#134, 0, 0)
[16:16:51.943242] {mesa vk display queue}  -> wl_surface#71.damage_buffer(25, 16, 1, 18)
[16:16:51.943256] {mesa vk display queue}  -> wl_surface#71.commit()
[16:16:51.958667] {Display Queue} wl_display#1.delete_id(143)
[16:16:51.958690] {Display Queue} wl_display#1.delete_id(130)
[16:16:51.958697] {Default Queue} wp_presentation_feedback#143.sync_output(wl_output#29)
[16:16:51.958705] {Default Queue} wp_presentation_feedback#143.presented(0, 94877, 894098122, 0, 0, 0, 1)
[16:16:51.958713] {Default Queue} wl_callback#130.done(94877894)
[16:16:51.958903]  -> wl_surface#71.frame(new id wl_callback#130)
[16:16:51.958908] {Default Queue}  -> wp_presentation#19.feedback(wl_surface#71, new id wp_presentation_feedback#143)
[16:16:51.958911]  -> wl_surface#71.offset(0, 0)
[16:16:51.958926] {mesa vk display queue}  -> wl_surface#71.attach(wl_buffer#118, 0, 0)
[16:16:51.958929] {mesa vk display queue}  -> wl_surface#71.damage_buffer(25, 16, 1, 18)
[16:16:51.958931] {mesa vk display queue}  -> wl_surface#71.commit()
[16:16:51.975617] {Display Queue} wl_display#1.delete_id(137)
[16:16:51.975633] {Display Queue} wl_display#1.delete_id(130)
[16:16:51.975645] {Default Queue} wp_presentation_feedback#137.sync_output(wl_output#29)
[16:16:51.975648] {Default Queue} wp_presentation_feedback#137.presented(0, 94877, 911087486, 0, 0, 0, 1)
[16:16:51.975652] {Default Queue} wl_callback#130.done(94877911)
[16:16:51.975798]  -> wl_surface#71.frame(new id wl_callback#130)
[16:16:51.975803] {Default Queue}  -> wp_presentation#19.feedback(wl_surface#71, new id wp_presentation_feedback#137)
[16:16:51.975806]  -> wl_surface#71.offset(0, 0)
[16:16:51.975822] {mesa vk display queue}  -> wl_surface#71.attach(wl_buffer#139, 0, 0)
[16:16:51.975824] {mesa vk display queue}  -> wl_surface#71.damage_buffer(25, 16, 1, 18)
[16:16:51.975826] {mesa vk display queue}  -> wl_surface#71.commit()
[16:16:51.992448] {Display Queue} wl_display#1.delete_id(143)
[16:16:51.992458] {Display Queue} wl_display#1.delete_id(130)
[16:16:51.992460] {Default Queue} wp_presentation_feedback#143.sync_output(wl_output#29)
[16:16:51.992463] {Default Queue} wp_presentation_feedback#143.presented(0, 94877, 927892641, 0, 0, 0, 1)
[16:16:51.992467] {Default Queue} wl_callback#130.done(94877927)
[16:16:51.992541] {mesa vk display queue} wl_buffer#144.release()
[16:16:51.992544] {mesa vk display queue} wl_buffer#134.release()
[16:16:51.992546] {mesa vk display queue} wl_buffer#118.release()
[16:16:51.992635]  -> wl_surface#71.frame(new id wl_callback#130)
[16:16:51.992639] {Default Queue}  -> wp_presentation#19.feedback(wl_surface#71, new id wp_presentation_feedback#143)
[16:16:51.992642]  -> wl_surface#71.offset(0, 0)
[16:16:51.992657] {mesa vk display queue}  -> wl_surface#71.attach(wl_buffer#134, 0, 0)
[16:16:51.992660] {mesa vk display queue}  -> wl_surface#71.damage_buffer(25, 16, 1, 18)
[16:16:51.992662] {mesa vk display queue}  -> wl_surface#71.commit()
[16:16:52.009096] {Display Queue} wl_display#1.delete_id(137)
[16:16:52.009107] {Display Queue} wl_display#1.delete_id(130)
[16:16:52.009109] {Default Queue} wp_presentation_feedback#137.sync_output(wl_output#29)
[16:16:52.009111] {Default Queue} wp_presentation_feedback#137.presented(0, 94877, 944531644, 0, 0, 0, 1)
[16:16:52.009115] {Default Queue} wl_callback#130.done(94877944)
[16:16:52.009286]  -> wl_surface#71.frame(new id wl_callback#130)
[16:16:52.009292] {Default Queue}  -> wp_presentation#19.feedback(wl_surface#71, new id wp_presentation_feedback#137)
[16:16:52.009295]  -> wl_surface#71.offset(0, 0)
[16:16:52.009311] {mesa vk display queue}  -> wl_surface#71.attach(wl_buffer#118, 0, 0)
[16:16:52.009314] {mesa vk display queue}  -> wl_surface#71.damage_buffer(25, 16, 1, 18)
[16:16:52.009316] {mesa vk display queue}  -> wl_surface#71.commit()
[16:16:52.025847] {Display Queue} wl_display#1.delete_id(143)
[16:16:52.025864] {Display Queue} wl_display#1.delete_id(130)
[16:16:52.025868] {Default Queue} wp_presentation_feedback#143.sync_output(wl_output#29)
[16:16:52.025871] {Default Queue} wp_presentation_feedback#143.presented(0, 94877, 961175427, 0, 0, 0, 1)
[16:16:52.025878] {Default Queue} wl_callback#130.done(94877961)
[16:16:52.026117]  -> wl_surface#71.frame(new id wl_callback#130)
[16:16:52.026127] {Default Queue}  -> wp_presentation#19.feedback(wl_surface#71, new id wp_presentation_feedback#143)
[16:16:52.026131]  -> wl_surface#71.offset(0, 0)
[16:16:52.026155] {mesa vk display queue}  -> wl_surface#71.attach(wl_buffer#144, 0, 0)
[16:16:52.026160] {mesa vk display queue}  -> wl_surface#71.damage_buffer(25, 16, 1, 18)
[16:16:52.026163] {mesa vk display queue}  -> wl_surface#71.commit()
[16:16:52.042377] {Display Queue} wl_display#1.delete_id(137)
[16:16:52.042392] {Display Queue} wl_display#1.delete_id(130)
[16:16:52.042395] {Default Queue} wp_presentation_feedback#137.sync_output(wl_output#29)
[16:16:52.042398] {Default Queue} wp_presentation_feedback#137.presented(0, 94877, 977564979, 0, 0, 0, 1)
[16:16:52.042404] {Default Queue} wl_callback#130.done(94877977)
[16:16:52.058980] {Display Queue} wl_display#1.delete_id(143)
[16:16:52.058997] {Default Queue} wp_presentation_feedback#143.sync_output(wl_output#29)
[16:16:52.059009] {Default Queue} wp_presentation_feedback#143.presented(0, 94877, 994235134, 0, 0, 0, 1)
[16:16:52.077420] {Default Queue} xdg_wm_base#38.ping(1337)
[16:16:52.077435] {Default Queue}  -> xdg_wm_base#38.pong(1337)
[16:16:52.326118] {mesa vk display queue} wl_buffer#139.release()
[16:16:52.326131] {mesa vk display queue} wl_buffer#134.release()
[16:16:52.326134] {mesa vk display queue} wl_buffer#118.release()
[16:16:52.326435]  -> wl_surface#71.frame(new id wl_callback#143)
[16:16:52.326443] {Default Queue}  -> wp_presentation#19.feedback(wl_surface#71, new id wp_presentation_feedback#130)
[16:16:52.326448]  -> wl_surface#71.offset(0, 0)
[16:16:52.326469] {mesa vk display queue}  -> wl_surface#71.attach(wl_buffer#134, 0, 0)
[16:16:52.326473] {mesa vk display queue}  -> wl_surface#71.damage_buffer(25, 16, 1, 18)
[16:16:52.326476] {mesa vk display queue}  -> wl_surface#71.commit()
[16:16:52.342526] {Display Queue} wl_display#1.delete_id(143)
[16:16:52.342539] {Default Queue} wl_callback#143.done(94878277)
[16:16:52.342845]  -> wl_surface#71.frame(new id wl_callback#143)
[16:16:52.342854] {Default Queue}  -> wp_presentation#19.feedback(wl_surface#71, new id wp_presentation_feedback#137)
[16:16:52.342859]  -> wl_surface#71.offset(0, 0)
[16:16:52.342881] {mesa vk display queue}  -> wl_surface#71.attach(wl_buffer#118, 0, 0)
[16:16:52.342885] {mesa vk display queue}  -> wl_surface#71.damage_buffer(25, 16, 1, 18)
[16:16:52.342887] {mesa vk display queue}  -> wl_surface#71.commit()
[16:16:52.359023] {Display Queue} wl_display#1.delete_id(130)
[16:16:52.359036] {Display Queue} wl_display#1.delete_id(143)
[16:16:52.359039] {Default Queue} wp_presentation_feedback#130.sync_output(wl_output#29)
[16:16:52.359042] {Default Queue} wp_presentation_feedback#130.presented(0, 94878, 294360683, 0, 0, 0, 1)
[16:16:52.359048] {Default Queue} wl_callback#143.done(94878294)
[16:16:52.359332]  -> wl_surface#71.frame(new id wl_callback#143)
[16:16:52.359340] {Default Queue}  -> wp_presentation#19.feedback(wl_surface#71, new id wp_presentation_feedback#130)
[16:16:52.359344]  -> wl_surface#71.offset(0, 0)
[16:16:52.359364] {mesa vk display queue}  -> wl_surface#71.attach(wl_buffer#139, 0, 0)
[16:16:52.359368] {mesa vk display queue}  -> wl_surface#71.damage_buffer(25, 16, 1, 18)
[16:16:52.359370] {mesa vk display queue}  -> wl_surface#71.commit()
[16:16:52.375645] {Display Queue} wl_display#1.delete_id(137)
[16:16:52.375657] {Display Queue} wl_display#1.delete_id(143)
[16:16:52.375660] {Default Queue} wp_presentation_feedback#137.sync_output(wl_output#29)
[16:16:52.375663] {Default Queue} wp_presentation_feedback#137.presented(0, 94878, 310795919, 0, 0, 0, 1)
[16:16:52.375669] {Default Queue} wl_callback#143.done(94878310)
[16:16:52.375803] {mesa vk display queue} wl_buffer#144.release()
[16:16:52.375808] {mesa vk display queue} wl_buffer#134.release()
[16:16:52.375810] {mesa vk display queue} wl_buffer#118.release()
[16:16:52.375967]  -> wl_surface#71.frame(new id wl_callback#143)
[16:16:52.375973] {Default Queue}  -> wp_presentation#19.feedback(wl_surface#71, new id wp_presentation_feedback#137)
[16:16:52.375977]  -> wl_surface#71.offset(0, 0)
[16:16:52.375999] {mesa vk display queue}  -> wl_surface#71.attach(wl_buffer#134, 0, 0)
[16:16:52.376002] {mesa vk display queue}  -> wl_surface#71.damage_buffer(25, 16, 1, 18)
[16:16:52.376005] {mesa vk display queue}  -> wl_surface#71.commit()
[16:16:52.392604] {Display Queue} wl_display#1.delete_id(130)
[16:16:52.392616] {Display Queue} wl_display#1.delete_id(143)
[16:16:52.392619] {Default Queue} wp_presentation_feedback#130.sync_output(wl_output#29)
[16:16:52.392622] {Default Queue} wp_presentation_feedback#130.presented(0, 94878, 327696590, 0, 0, 0, 1)
[16:16:52.392628] {Default Queue} wl_callback#143.done(94878327)
[16:16:52.392904]  -> wl_surface#71.frame(new id wl_callback#143)
[16:16:52.392912] {Default Queue}  -> wp_presentation#19.feedback(wl_surface#71, new id wp_presentation_feedback#130)
[16:16:52.392915]  -> wl_surface#71.offset(0, 0)
[16:16:52.392938] {mesa vk display queue}  -> wl_surface#71.attach(wl_buffer#118, 0, 0)
[16:16:52.392949] {mesa vk display queue}  -> wl_surface#71.damage_buffer(25, 16, 1, 18)
[16:16:52.392960] {mesa vk display queue}  -> wl_surface#71.commit()
[16:16:52.408843] {Display Queue} wl_display#1.delete_id(137)
[16:16:52.408856] {Display Queue} wl_display#1.delete_id(143)
[16:16:52.408859] {Default Queue} wp_presentation_feedback#137.sync_output(wl_output#29)
[16:16:52.408862] {Default Queue} wp_presentation_feedback#137.presented(0, 94878, 344116150, 0, 0, 0, 1)
[16:16:52.408868] {Default Queue} wl_callback#143.done(94878344)
[16:16:52.409138]  -> wl_surface#71.frame(new id wl_callback#143)
[16:16:52.409146] {Default Queue}  -> wp_presentation#19.feedback(wl_surface#71, new id wp_presentation_feedback#137)
[16:16:52.409149]  -> wl_surface#71.offset(0, 0)
[16:16:52.409171] {mesa vk display queue}  -> wl_surface#71.attach(wl_buffer#144, 0, 0)
[16:16:52.409175] {mesa vk display queue}  -> wl_surface#71.damage_buffer(25, 16, 1, 18)
[16:16:52.409177] {mesa vk display queue}  -> wl_surface#71.commit()
[16:16:52.425630] {Display Queue} wl_display#1.delete_id(130)
[16:16:52.425643] {Display Queue} wl_display#1.delete_id(143)
[16:16:52.425646] {Default Queue} wp_presentation_feedback#130.sync_output(wl_output#29)
[16:16:52.425649] {Default Queue} wp_presentation_feedback#130.presented(0, 94878, 360790612, 0, 0, 0, 1)
[16:16:52.425656] {Default Queue} wl_callback#143.done(94878360)
[16:16:52.425809] {mesa vk display queue} wl_buffer#139.release()
[16:16:52.425814] {mesa vk display queue} wl_buffer#134.release()
[16:16:52.425816] {mesa vk display queue} wl_buffer#118.release()
[16:16:52.425982]  -> wl_surface#71.frame(new id wl_callback#143)
[16:16:52.425989] {Default Queue}  -> wp_presentation#19.feedback(wl_surface#71, new id wp_presentation_feedback#130)
[16:16:52.425992]  -> wl_surface#71.offset(0, 0)
[16:16:52.426014] {mesa vk display queue}  -> wl_surface#71.attach(wl_buffer#134, 0, 0)
[16:16:52.426018] {mesa vk display queue}  -> wl_surface#71.damage_buffer(25, 16, 1, 18)
[16:16:52.426021] {mesa vk display queue}  -> wl_surface#71.commit()
[16:16:52.442455] {Display Queue} wl_display#1.delete_id(137)
[16:16:52.442467] {Display Queue} wl_display#1.delete_id(143)
[16:16:52.442471] {Default Queue} wp_presentation_feedback#137.sync_output(wl_output#29)
[16:16:52.442474] {Default Queue} wp_presentation_feedback#137.presented(0, 94878, 377685353, 0, 0, 0, 1)
[16:16:52.442480] {Default Queue} wl_callback#143.done(94878377)
[16:16:52.442730]  -> wl_surface#71.frame(new id wl_callback#143)
[16:16:52.442737] {Default Queue}  -> wp_presentation#19.feedback(wl_surface#71, new id wp_presentation_feedback#137)
[16:16:52.442741]  -> wl_surface#71.offset(0, 0)
[16:16:52.442761] {mesa vk display queue}  -> wl_surface#71.attach(wl_buffer#118, 0, 0)
[16:16:52.442765] {mesa vk display queue}  -> wl_surface#71.damage_buffer(25, 16, 1, 18)
[16:16:52.442767] {mesa vk display queue}  -> wl_surface#71.commit()
[16:16:52.458765] {Display Queue} wl_display#1.delete_id(130)
[16:16:52.458776] {Display Queue} wl_display#1.delete_id(143)
[16:16:52.458779] {Default Queue} wp_presentation_feedback#130.sync_output(wl_output#29)
[16:16:52.458782] {Default Queue} wp_presentation_feedback#130.presented(0, 94878, 394067953, 0, 0, 0, 1)
[16:16:52.458787] {Default Queue} wl_callback#143.done(94878394)
[16:16:52.458988]  -> wl_surface#71.frame(new id wl_callback#143)
[16:16:52.458995] {Default Queue}  -> wp_presentation#19.feedback(wl_surface#71, new id wp_presentation_feedback#130)
[16:16:52.458999]  -> wl_surface#71.offset(0, 0)
[16:16:52.459018] {mesa vk display queue}  -> wl_surface#71.attach(wl_buffer#139, 0, 0)
[16:16:52.459022] {mesa vk display queue}  -> wl_surface#71.damage_buffer(25, 16, 1, 18)
[16:16:52.459024] {mesa vk display queue}  -> wl_surface#71.commit()
[16:16:52.475616] {Display Queue} wl_display#1.delete_id(137)
[16:16:52.475628] {Display Queue} wl_display#1.delete_id(143)
[16:16:52.475631] {Default Queue} wp_presentation_feedback#137.sync_output(wl_output#29)
[16:16:52.475640] {Default Queue} wp_presentation_feedback#137.presented(0, 94878, 410956039, 0, 0, 0, 1)
[16:16:52.475655] {Default Queue} wl_callback#143.done(94878410)
[16:16:52.475744] {mesa vk display queue} wl_buffer#144.release()
[16:16:52.475749] {mesa vk display queue} wl_buffer#134.release()
[16:16:52.475750] {mesa vk display queue} wl_buffer#118.release()
[16:16:52.475852]  -> wl_surface#71.frame(new id wl_callback#143)
[16:16:52.475858] {Default Queue}  -> wp_presentation#19.feedback(wl_surface#71, new id wp_presentation_feedback#137)
[16:16:52.475861]  -> wl_surface#71.offset(0, 0)
[16:16:52.475878] {mesa vk display queue}  -> wl_surface#71.attach(wl_buffer#134, 0, 0)
[16:16:52.475881] {mesa vk display queue}  -> wl_surface#71.damage_buffer(25, 16, 1, 18)
[16:16:52.475884] {mesa vk display queue}  -> wl_surface#71.commit()
[16:16:52.492108] {Display Queue} wl_display#1.delete_id(130)
[16:16:52.492119] {Display Queue} wl_display#1.delete_id(143)
[16:16:52.492122] {Default Queue} wp_presentation_feedback#130.sync_output(wl_output#29)
[16:16:52.492124] {Default Queue} wp_presentation_feedback#130.presented(0, 94878, 427459039, 0, 0, 0, 1)
[16:16:52.492130] {Default Queue} wl_callback#143.done(94878427)
[16:16:52.492332]  -> wl_surface#71.frame(new id wl_callback#143)
[16:16:52.492339] {Default Queue}  -> wp_presentation#19.feedback(wl_surface#71, new id wp_presentation_feedback#130)
[16:16:52.492343]  -> wl_surface#71.offset(0, 0)
[16:16:52.492362] {mesa vk display queue}  -> wl_surface#71.attach(wl_buffer#118, 0, 0)
[16:16:52.492365] {mesa vk display queue}  -> wl_surface#71.damage_buffer(25, 16, 1, 18)
[16:16:52.492368] {mesa vk display queue}  -> wl_surface#71.commit()
[16:16:52.509148] {Display Queue} wl_display#1.delete_id(137)
[16:16:52.509159] {Display Queue} wl_display#1.delete_id(143)
[16:16:52.509162] {Default Queue} wp_presentation_feedback#137.sync_output(wl_output#29)
[16:16:52.509165] {Default Queue} wp_presentation_feedback#137.presented(0, 94878, 444497119, 0, 0, 0, 1)
[16:16:52.509170] {Default Queue} wl_callback#143.done(94878444)
[16:16:52.509382]  -> wl_surface#71.frame(new id wl_callback#143)
[16:16:52.509390] {Default Queue}  -> wp_presentation#19.feedback(wl_surface#71, new id wp_presentation_feedback#137)
[16:16:52.509393]  -> wl_surface#71.offset(0, 0)
[16:16:52.509413] {mesa vk display queue}  -> wl_surface#71.attach(wl_buffer#144, 0, 0)
[16:16:52.509416] {mesa vk display queue}  -> wl_surface#71.damage_buffer(25, 16, 1, 18)
[16:16:52.509419] {mesa vk display queue}  -> wl_surface#71.commit()
[16:16:52.525762] {Display Queue} wl_display#1.delete_id(130)
[16:16:52.525775] {Display Queue} wl_display#1.delete_id(143)
[16:16:52.525777] {Default Queue} wp_presentation_feedback#130.sync_output(wl_output#29)
[16:16:52.525780] {Default Queue} wp_presentation_feedback#130.presented(0, 94878, 461038846, 0, 0, 0, 1)
[16:16:52.525786] {Default Queue} wl_callback#143.done(94878461)
[16:16:52.525886] {mesa vk display queue} wl_buffer#139.release()
[16:16:52.525891] {mesa vk display queue} wl_buffer#134.release()
[16:16:52.525893] {mesa vk display queue} wl_buffer#118.release()
[16:16:52.526009]  -> wl_surface#71.frame(new id wl_callback#143)
[16:16:52.526015] {Default Queue}  -> wp_presentation#19.feedback(wl_surface#71, new id wp_presentation_feedback#130)
[16:16:52.526019]  -> wl_surface#71.offset(0, 0)
[16:16:52.526038] {mesa vk display queue}  -> wl_surface#71.attach(wl_buffer#134, 0, 0)
[16:16:52.526042] {mesa vk display queue}  -> wl_surface#71.damage_buffer(25, 16, 1, 18)
[16:16:52.526044] {mesa vk display queue}  -> wl_surface#71.commit()
[16:16:52.542347] {Display Queue} wl_display#1.delete_id(137)
[16:16:52.542361] {Display Queue} wl_display#1.delete_id(143)
[16:16:52.542364] {Default Queue} wp_presentation_feedback#137.sync_output(wl_output#29)
[16:16:52.542366] {Default Queue} wp_presentation_feedback#137.presented(0, 94878, 477521389, 0, 0, 0, 1)
[16:16:52.542371] {Default Queue} wl_callback#143.done(94878477)
[16:16:52.542594]  -> wl_surface#71.frame(new id wl_callback#143)
[16:16:52.542599] {Default Queue}  -> wp_presentation#19.feedback(wl_surface#71, new id wp_presentation_feedback#137)
[16:16:52.542607]  -> wl_surface#71.offset(0, 0)
[16:16:52.542632] {mesa vk display queue}  -> wl_surface#71.attach(wl_buffer#118, 0, 0)
[16:16:52.542634] {mesa vk display queue}  -> wl_surface#71.damage_buffer(25, 16, 1, 18)
[16:16:52.542636] {mesa vk display queue}  -> wl_surface#71.commit()
[16:16:52.559142] {Display Queue} wl_display#1.delete_id(130)
[16:16:52.559155] {Display Queue} wl_display#1.delete_id(143)
[16:16:52.559157] {Default Queue} wp_presentation_feedback#130.sync_output(wl_output#29)
[16:16:52.559160] {Default Queue} wp_presentation_feedback#130.presented(0, 94878, 494441890, 0, 0, 0, 1)
[16:16:52.559166] {Default Queue} wl_callback#143.done(94878494)
[16:16:52.559413]  -> wl_surface#71.frame(new id wl_callback#143)
[16:16:52.559418] {Default Queue}  -> wp_presentation#19.feedback(wl_surface#71, new id wp_presentation_feedback#130)
[16:16:52.559421]  -> wl_surface#71.offset(0, 0)
[16:16:52.559439] {mesa vk display queue}  -> wl_surface#71.attach(wl_buffer#139, 0, 0)
[16:16:52.559443] {mesa vk display queue}  -> wl_surface#71.damage_buffer(25, 16, 1, 18)
[16:16:52.559445] {mesa vk display queue}  -> wl_surface#71.commit()
[16:16:52.575348] {Display Queue} wl_display#1.delete_id(137)
[16:16:52.575360] {Display Queue} wl_display#1.delete_id(143)
[16:16:52.575363] {Default Queue} wp_presentation_feedback#137.sync_output(wl_output#29)
[16:16:52.575366] {Default Queue} wp_presentation_feedback#137.presented(0, 94878, 510763337, 0, 0, 0, 1)
[16:16:52.575370] {Default Queue} wl_callback#143.done(94878510)
[16:16:52.575466] {mesa vk display queue} wl_buffer#144.release()
[16:16:52.575468] {mesa vk display queue} wl_buffer#134.release()
[16:16:52.575470] {mesa vk display queue} wl_buffer#118.release()
[16:16:52.575563]  -> wl_surface#71.frame(new id wl_callback#143)
[16:16:52.575566] {Default Queue}  -> wp_presentation#19.feedback(wl_surface#71, new id wp_presentation_feedback#137)
[16:16:52.575569]  -> wl_surface#71.offset(0, 0)
[16:16:52.575584] {mesa vk display queue}  -> wl_surface#71.attach(wl_buffer#134, 0, 0)
[16:16:52.575586] {mesa vk display queue}  -> wl_surface#71.damage_buffer(25, 16, 1, 18)
[16:16:52.575589] {mesa vk display queue}  -> wl_surface#71.commit()
[16:16:52.592533] {Display Queue} wl_display#1.delete_id(130)
[16:16:52.592544] {Display Queue} wl_display#1.delete_id(143)
[16:16:52.592547] {Default Queue} wp_presentation_feedback#130.sync_output(wl_output#29)
[16:16:52.592549] {Default Queue} wp_presentation_feedback#130.presented(0, 94878, 527799997, 0, 0, 0, 1)
[16:16:52.592555] {Default Queue} wl_callback#143.done(94878527)
[16:16:52.592803]  -> wl_surface#71.frame(new id wl_callback#143)
[16:16:52.592810] {Default Queue}  -> wp_presentation#19.feedback(wl_surface#71, new id wp_presentation_feedback#130)
[16:16:52.592813]  -> wl_surface#71.offset(0, 0)
[16:16:52.592831] {mesa vk display queue}  -> wl_surface#71.attach(wl_buffer#118, 0, 0)
[16:16:52.592835] {mesa vk display queue}  -> wl_surface#71.damage_buffer(25, 16, 1, 18)
[16:16:52.592838] {mesa vk display queue}  -> wl_surface#71.commit()
[16:16:52.609149] {Display Queue} wl_display#1.delete_id(137)
[16:16:52.609160] {Display Queue} wl_display#1.delete_id(143)
[16:16:52.609163] {Default Queue} wp_presentation_feedback#137.sync_output(wl_output#29)
[16:16:52.609166] {Default Queue} wp_presentation_feedback#137.presented(0, 94878, 544392324, 0, 0, 0, 1)
[16:16:52.609172] {Default Queue} wl_callback#143.done(94878544)
[16:16:52.609426]  -> wl_surface#71.frame(new id wl_callback#143)
[16:16:52.609433] {Default Queue}  -> wp_presentation#19.feedback(wl_surface#71, new id wp_presentation_feedback#137)
[16:16:52.609437]  -> wl_surface#71.offset(0, 0)
[16:16:52.609458] {mesa vk display queue}  -> wl_surface#71.attach(wl_buffer#144, 0, 0)
[16:16:52.609462] {mesa vk display queue}  -> wl_surface#71.damage_buffer(25, 16, 1, 18)
[16:16:52.609465] {mesa vk display queue}  -> wl_surface#71.commit()
[16:16:52.625563] {Display Queue} wl_display#1.delete_id(130)
[16:16:52.625579] {Display Queue} wl_display#1.delete_id(143)
[16:16:52.625586] {Default Queue} wp_presentation_feedback#130.sync_output(wl_output#29)
[16:16:52.625590] {Default Queue} wp_presentation_feedback#130.presented(0, 94878, 560797349, 0, 0, 0, 1)
[16:16:52.625595] {Default Queue} wl_callback#143.done(94878560)
[16:16:52.625724] {mesa vk display queue} wl_buffer#139.release()
[16:16:52.625730] {mesa vk display queue} wl_buffer#134.release()
[16:16:52.625733] {mesa vk display queue} wl_buffer#118.release()
[16:16:52.625880]  -> wl_surface#71.frame(new id wl_callback#143)
[16:16:52.625886] {Default Queue}  -> wp_presentation#19.feedback(wl_surface#71, new id wp_presentation_feedback#130)
[16:16:52.625889]  -> wl_surface#71.offset(0, 0)
[16:16:52.625910] {mesa vk display queue}  -> wl_surface#71.attach(wl_buffer#134, 0, 0)
[16:16:52.625913] {mesa vk display queue}  -> wl_surface#71.damage_buffer(25, 16, 1, 18)
[16:16:52.625916] {mesa vk display queue}  -> wl_surface#71.commit()
[16:16:52.642308] {Display Queue} wl_display#1.delete_id(137)
[16:16:52.642319] {Display Queue} wl_display#1.delete_id(143)
[16:16:52.642322] {Default Queue} wp_presentation_feedback#137.sync_output(wl_output#29)
[16:16:52.642325] {Default Queue} wp_presentation_feedback#137.presented(0, 94878, 577662377, 0, 0, 0, 1)
[16:16:52.642331] {Default Queue} wl_callback#143.done(94878577)
[16:16:52.658738] {Display Queue} wl_display#1.delete_id(130)
[16:16:52.658748] {Default Queue} wp_presentation_feedback#130.sync_output(wl_output#29)
[16:16:52.658750] {Default Queue} wp_presentation_feedback#130.presented(0, 94878, 594114446, 0, 0, 0, 1)
[16:16:52.926504]  -> wl_surface#71.frame(new id wl_callback#130)
[16:16:52.926515] {Default Queue}  -> wp_presentation#19.feedback(wl_surface#71, new id wp_presentation_feedback#143)
[16:16:52.926519]  -> wl_surface#71.offset(0, 0)
[16:16:52.926538] {mesa vk display queue}  -> wl_surface#71.attach(wl_buffer#118, 0, 0)
[16:16:52.926541] {mesa vk display queue}  -> wl_surface#71.damage_buffer(25, 16, 1, 18)
[16:16:52.926543] {mesa vk display queue}  -> wl_surface#71.commit()
[16:16:52.942255] {Display Queue} wl_display#1.delete_id(130)
[16:16:52.942265] {Default Queue} wl_callback#130.done(94878877)
[16:16:52.942432]  -> wl_surface#71.frame(new id wl_callback#130)
[16:16:52.942436] {Default Queue}  -> wp_presentation#19.feedback(wl_surface#71, new id wp_presentation_feedback#137)
[16:16:52.942439]  -> wl_surface#71.offset(0, 0)
[16:16:52.942468] {mesa vk display queue}  -> wl_surface#71.attach(wl_buffer#139, 0, 0)
[16:16:52.942471] {mesa vk display queue}  -> wl_surface#71.damage_buffer(25, 16, 1, 18)
[16:16:52.942472] {mesa vk display queue}  -> wl_surface#71.commit()
[16:16:52.959056] {Display Queue} wl_display#1.delete_id(143)
[16:16:52.959074] {Display Queue} wl_display#1.delete_id(130)
[16:16:52.959078] {Default Queue} wp_presentation_feedback#143.sync_output(wl_output#29)
[16:16:52.959083] {Default Queue} wp_presentation_feedback#143.presented(0, 94878, 894516724, 0, 0, 0, 1)
[16:16:52.959090] {Default Queue} wl_callback#130.done(94878894)
[16:16:52.959189] {mesa vk display queue} wl_buffer#144.release()
[16:16:52.959191] {mesa vk display queue} wl_buffer#134.release()
[16:16:52.959192] {mesa vk display queue} wl_buffer#118.release()
[16:16:52.959283]  -> wl_surface#71.frame(new id wl_callback#130)
[16:16:52.959287] {Default Queue}  -> wp_presentation#19.feedback(wl_surface#71, new id wp_presentation_feedback#143)
[16:16:52.959289]  -> wl_surface#71.offset(0, 0)
[16:16:52.959302] {mesa vk display queue}  -> wl_surface#71.attach(wl_buffer#134, 0, 0)
[16:16:52.959304] {mesa vk display queue}  -> wl_surface#71.damage_buffer(25, 16, 1, 18)
[16:16:52.959306] {mesa vk display queue}  -> wl_surface#71.commit()
[16:16:52.975665] {Display Queue} wl_display#1.delete_id(137)
[16:16:52.975688] {Display Queue} wl_display#1.delete_id(130)
[16:16:52.975692] {Default Queue} wp_presentation_feedback#137.sync_output(wl_output#29)
[16:16:52.975697] {Default Queue} wp_presentation_feedback#137.presented(0, 94878, 911047146, 0, 0, 0, 1)
[16:16:52.975713] {Default Queue} wl_callback#130.done(94878911)
[16:16:52.975931]  -> wl_surface#71.frame(new id wl_callback#130)
[16:16:52.975935] {Default Queue}  -> wp_presentation#19.feedback(wl_surface#71, new id wp_presentation_feedback#137)
[16:16:52.975939]  -> wl_surface#71.offset(0, 0)
[16:16:52.975955] {mesa vk display queue}  -> wl_surface#71.attach(wl_buffer#118, 0, 0)
[16:16:52.975958] {mesa vk display queue}  -> wl_surface#71.damage_buffer(25, 16, 1, 18)
[16:16:52.975960] {mesa vk display queue}  -> wl_surface#71.commit()
[16:16:52.992105] {Display Queue} wl_display#1.delete_id(143)
[16:16:52.992151] {Display Queue} wl_display#1.delete_id(130)
[16:16:52.992156] {Default Queue} wp_presentation_feedback#143.sync_output(wl_output#29)
[16:16:52.992160] {Default Queue} wp_presentation_feedback#143.presented(0, 94878, 927532225, 0, 0, 0, 1)
[16:16:52.992167] {Default Queue} wl_callback#130.done(94878927)
[16:16:52.992364]  -> wl_surface#71.frame(new id wl_callback#130)
[16:16:52.992367] {Default Queue}  -> wp_presentation#19.feedback(wl_surface#71, new id wp_presentation_feedback#143)
[16:16:52.992370]  -> wl_surface#71.offset(0, 0)
[16:16:52.992385] {mesa vk display queue}  -> wl_surface#71.attach(wl_buffer#144, 0, 0)
[16:16:52.992388] {mesa vk display queue}  -> wl_surface#71.damage_buffer(25, 16, 1, 18)
[16:16:52.992390] {mesa vk display queue}  -> wl_surface#71.commit()
[16:16:53.009146] {Display Queue} wl_display#1.delete_id(137)
[16:16:53.009152] {Display Queue} wl_display#1.delete_id(130)
[16:16:53.009154] {Default Queue} wp_presentation_feedback#137.sync_output(wl_output#29)
[16:16:53.009156] {Default Queue} wp_presentation_feedback#137.presented(0, 94878, 944522795, 0, 0, 0, 1)
[16:16:53.009159] {Default Queue} wl_callback#130.done(94878944)
[16:16:53.009226] {mesa vk display queue} wl_buffer#139.release()
[16:16:53.009229] {mesa vk display queue} wl_buffer#134.release()
[16:16:53.009230] {mesa vk display queue} wl_buffer#118.release()
[16:16:53.009327]  -> wl_surface#71.frame(new id wl_callback#130)
[16:16:53.009330] {Default Queue}  -> wp_presentation#19.feedback(wl_surface#71, new id wp_presentation_feedback#137)
[16:16:53.009333]  -> wl_surface#71.offset(0, 0)
[16:16:53.009346] {mesa vk display queue}  -> wl_surface#71.attach(wl_buffer#134, 0, 0)
[16:16:53.009348] {mesa vk display queue}  -> wl_surface#71.damage_buffer(25, 16, 1, 18)
[16:16:53.009351] {mesa vk display queue}  -> wl_surface#71.commit()
[16:16:53.026219] {Display Queue} wl_display#1.delete_id(143)
[16:16:53.026229] {Display Queue} wl_display#1.delete_id(130)
[16:16:53.026232] {Default Queue} wp_presentation_feedback#143.sync_output(wl_output#29)
[16:16:53.026235] {Default Queue} wp_presentation_feedback#143.presented(0, 94878, 961507065, 0, 0, 0, 1)
[16:16:53.026240] {Default Queue} wl_callback#130.done(94878961)
[16:16:53.026434]  -> wl_surface#71.frame(new id wl_callback#130)
[16:16:53.026441] {Default Queue}  -> wp_presentation#19.feedback(wl_surface#71, new id wp_presentation_feedback#143)
[16:16:53.026444]  -> wl_surface#71.offset(0, 0)
[16:16:53.026461] {mesa vk display queue}  -> wl_surface#71.attach(wl_buffer#118, 0, 0)
[16:16:53.026465] {mesa vk display queue}  -> wl_surface#71.damage_buffer(25, 16, 1, 18)
[16:16:53.026467] {mesa vk display queue}  -> wl_surface#71.commit()
[16:16:53.042182] {Display Queue} wl_display#1.delete_id(137)
[16:16:53.042195] {Display Queue} wl_display#1.delete_id(130)
[16:16:53.042199] {Default Queue} wp_presentation_feedback#137.sync_output(wl_output#29)
[16:16:53.042203] {Default Queue} wp_presentation_feedback#137.presented(0, 94878, 977487314, 0, 0, 0, 1)
[16:16:53.042209] {Default Queue} wl_callback#130.done(94878977)
[16:16:53.042445]  -> wl_surface#71.frame(new id wl_callback#130)
[16:16:53.042454] {Default Queue}  -> wp_presentation#19.feedback(wl_surface#71, new id wp_presentation_feedback#137)
[16:16:53.042459]  -> wl_surface#71.offset(0, 0)
[16:16:53.042485] {mesa vk display queue}  -> wl_surface#71.attach(wl_buffer#139, 0, 0)
[16:16:53.042490] {mesa vk display queue}  -> wl_surface#71.damage_buffer(25, 16, 1, 18)
[16:16:53.042501] {mesa vk display queue}  -> wl_surface#71.commit()
[16:16:53.059179] {Display Queue} wl_display#1.delete_id(143)
[16:16:53.059195] {Display Queue} wl_display#1.delete_id(130)
[16:16:53.059201] {Default Queue} wp_presentation_feedback#143.sync_output(wl_output#29)
[16:16:53.059206] {Default Queue} wp_presentation_feedback#143.presented(0, 94878, 994451552, 0, 0, 0, 1)
[16:16:53.059214] {Default Queue} wl_callback#130.done(94878994)
[16:16:53.059364] {mesa vk display queue} wl_buffer#144.release()
[16:16:53.059372] {mesa vk display queue} wl_buffer#134.release()
[16:16:53.059376] {mesa vk display queue} wl_buffer#118.release()
[16:16:53.059527]  -> wl_surface#71.frame(new id wl_callback#130)
[16:16:53.059532] {Default Queue}  -> wp_presentation#19.feedback(wl_surface#71, new id wp_presentation_feedback#143)
[16:16:53.059535]  -> wl_surface#71.offset(0, 0)
[16:16:53.059554] {mesa vk display queue}  -> wl_surface#71.attach(wl_buffer#134, 0, 0)
[16:16:53.059557] {mesa vk display queue}  -> wl_surface#71.damage_buffer(25, 16, 1, 18)
[16:16:53.059559] {mesa vk display queue}  -> wl_surface#71.commit()
[16:16:53.075848] {Display Queue} wl_display#1.delete_id(137)
[16:16:53.075859] {Display Queue} wl_display#1.delete_id(130)
[16:16:53.075861] {Default Queue} wp_presentation_feedback#137.sync_output(wl_output#29)
[16:16:53.075864] {Default Queue} wp_presentation_feedback#137.presented(0, 94879, 10789206, 0, 0, 0, 1)
[16:16:53.075869] {Default Queue} wl_callback#130.done(94879010)
[16:16:53.076084]  -> wl_surface#71.frame(new id wl_callback#130)
[16:16:53.076090] {Default Queue}  -> wp_presentation#19.feedback(wl_surface#71, new id wp_presentation_feedback#137)
[16:16:53.076094]  -> wl_surface#71.offset(0, 0)
[16:16:53.076113] {mesa vk display queue}  -> wl_surface#71.attach(wl_buffer#118, 0, 0)
[16:16:53.076117] {mesa vk display queue}  -> wl_surface#71.damage_buffer(25, 16, 1, 18)
[16:16:53.076119] {mesa vk display queue}  -> wl_surface#71.commit()
[16:16:53.092343] {Display Queue} wl_display#1.delete_id(143)
[16:16:53.092352] {Display Queue} wl_display#1.delete_id(130)
[16:16:53.092355] {Default Queue} wp_presentation_feedback#143.sync_output(wl_output#29)
[16:16:53.092357] {Default Queue} wp_presentation_feedback#143.presented(0, 94879, 27653325, 0, 0, 0, 1)
[16:16:53.092362] {Default Queue} wl_callback#130.done(94879027)
[16:16:53.092547]  -> wl_surface#71.frame(new id wl_callback#130)
[16:16:53.092554] {Default Queue}  -> wp_presentation#19.feedback(wl_surface#71, new id wp_presentation_feedback#143)
[16:16:53.092557]  -> wl_surface#71.offset(0, 0)
[16:16:53.092574] {mesa vk display queue}  -> wl_surface#71.attach(wl_buffer#144, 0, 0)
[16:16:53.092577] {mesa vk display queue}  -> wl_surface#71.damage_buffer(25, 16, 1, 18)
[16:16:53.092579] {mesa vk display queue}  -> wl_surface#71.commit()
[16:16:53.109096] {Display Queue} wl_display#1.delete_id(137)
[16:16:53.109109] {Display Queue} wl_display#1.delete_id(130)
[16:16:53.109112] {Default Queue} wp_presentation_feedback#137.sync_output(wl_output#29)
[16:16:53.109114] {Default Queue} wp_presentation_feedback#137.presented(0, 94879, 44516769, 0, 0, 0, 1)
[16:16:53.109118] {Default Queue} wl_callback#130.done(94879044)
[16:16:53.109196] {mesa vk display queue} wl_buffer#139.release()
[16:16:53.109200] {mesa vk display queue} wl_buffer#134.release()
[16:16:53.109202] {mesa vk display queue} wl_buffer#118.release()
[16:16:53.109308]  -> wl_surface#71.frame(new id wl_callback#130)
[16:16:53.109314] {Default Queue}  -> wp_presentation#19.feedback(wl_surface#71, new id wp_presentation_feedback#137)
[16:16:53.109317]  -> wl_surface#71.offset(0, 0)
[16:16:53.109335] {mesa vk display queue}  -> wl_surface#71.attach(wl_buffer#134, 0, 0)
[16:16:53.109338] {mesa vk display queue}  -> wl_surface#71.damage_buffer(25, 16, 1, 18)
[16:16:53.109341] {mesa vk display queue}  -> wl_surface#71.commit()
[16:16:53.125384] {Display Queue} wl_display#1.delete_id(143)
[16:16:53.125399] {Display Queue} wl_display#1.delete_id(130)
[16:16:53.125411] {Default Queue} wp_presentation_feedback#143.sync_output(wl_output#29)
[16:16:53.125425] {Default Queue} wp_presentation_feedback#143.presented(0, 94879, 60786515, 0, 0, 0, 1)
[16:16:53.125430] {Default Queue} wl_callback#130.done(94879060)
[16:16:53.125622]  -> wl_surface#71.frame(new id wl_callback#130)
[16:16:53.125628] {Default Queue}  -> wp_presentation#19.feedback(wl_surface#71, new id wp_presentation_feedback#143)
[16:16:53.125631]  -> wl_surface#71.offset(0, 0)
[16:16:53.125651] {mesa vk display queue}  -> wl_surface#71.attach(wl_buffer#118, 0, 0)
[16:16:53.125654] {mesa vk display queue}  -> wl_surface#71.damage_buffer(25, 16, 1, 18)
[16:16:53.125656] {mesa vk display queue}  -> wl_surface#71.commit()
[16:16:53.142283] {Display Queue} wl_display#1.delete_id(137)
[16:16:53.142308] {Display Queue} wl_display#1.delete_id(130)
[16:16:53.142315] {Default Queue} wp_presentation_feedback#137.sync_output(wl_output#29)
[16:16:53.142323] {Default Queue} wp_presentation_feedback#137.presented(0, 94879, 77725025, 0, 0, 0, 1)
[16:16:53.142336] {Default Queue} wl_callback#130.done(94879077)
[16:16:53.142535]  -> wl_surface#71.frame(new id wl_callback#130)
[16:16:53.142541] {Default Queue}  -> wp_presentation#19.feedback(wl_surface#71, new id wp_presentation_feedback#137)
[16:16:53.142544]  -> wl_surface#71.offset(0, 0)
[16:16:53.142558] {mesa vk display queue}  -> wl_surface#71.attach(wl_buffer#139, 0, 0)
[16:16:53.142561] {mesa vk display queue}  -> wl_surface#71.damage_buffer(25, 16, 1, 18)
[16:16:53.142563] {mesa vk display queue}  -> wl_surface#71.commit()
[16:16:53.158949] {Display Queue} wl_display#1.delete_id(143)
[16:16:53.158977] {Display Queue} wl_display#1.delete_id(130)
[16:16:53.158980] {Default Queue} wp_presentation_feedback#143.sync_output(wl_output#29)
[16:16:53.158982] {Default Queue} wp_presentation_feedback#143.presented(0, 94879, 94341388, 0, 0, 0, 1)
[16:16:53.158987] {Default Queue} wl_callback#130.done(94879094)
[16:16:53.159072] {mesa vk display queue} wl_buffer#144.release()
[16:16:53.159076] {mesa vk display queue} wl_buffer#134.release()
[16:16:53.159078] {mesa vk display queue} wl_buffer#118.release()
[16:16:53.159180]  -> wl_surface#71.frame(new id wl_callback#130)
[16:16:53.159185] {Default Queue}  -> wp_presentation#19.feedback(wl_surface#71, new id wp_presentation_feedback#143)
[16:16:53.159188]  -> wl_surface#71.offset(0, 0)
[16:16:53.159205] {mesa vk display queue}  -> wl_surface#71.attach(wl_buffer#134, 0, 0)
[16:16:53.159208] {mesa vk display queue}  -> wl_surface#71.damage_buffer(25, 16, 1, 18)
[16:16:53.159210] {mesa vk display queue}  -> wl_surface#71.commit()
[16:16:53.175631] {Display Queue} wl_display#1.delete_id(137)
[16:16:53.175639] {Display Queue} wl_display#1.delete_id(130)
[16:16:53.175641] {Default Queue} wp_presentation_feedback#137.sync_output(wl_output#29)
[16:16:53.175643] {Default Queue} wp_presentation_feedback#137.presented(0, 94879, 111095793, 0, 0, 0, 1)
[16:16:53.175647] {Default Queue} wl_callback#130.done(94879111)
[16:16:53.175816]  -> wl_surface#71.frame(new id wl_callback#130)
[16:16:53.175821] {Default Queue}  -> wp_presentation#19.feedback(wl_surface#71, new id wp_presentation_feedback#137)
[16:16:53.175825]  -> wl_surface#71.offset(0, 0)
[16:16:53.175839] {mesa vk display queue}  -> wl_surface#71.attach(wl_buffer#118, 0, 0)
[16:16:53.175842] {mesa vk display queue}  -> wl_surface#71.damage_buffer(25, 16, 1, 18)
[16:16:53.175844] {mesa vk display queue}  -> wl_surface#71.commit()
[16:16:53.192455] {Display Queue} wl_display#1.delete_id(143)
[16:16:53.192482] {Display Queue} wl_display#1.delete_id(130)
[16:16:53.192489] {Default Queue} wp_presentation_feedback#143.sync_output(wl_output#29)
[16:16:53.192497] {Default Queue} wp_presentation_feedback#143.presented(0, 94879, 127851355, 0, 0, 0, 1)
[16:16:53.192508] {Default Queue} wl_callback#130.done(94879127)
[16:16:53.192668]  -> wl_surface#71.frame(new id wl_callback#130)
[16:16:53.192674] {Default Queue}  -> wp_presentation#19.feedback(wl_surface#71, new id wp_presentation_feedback#143)
[16:16:53.192676]  -> wl_surface#71.offset(0, 0)
[16:16:53.192697] {mesa vk display queue}  -> wl_surface#71.attach(wl_buffer#144, 0, 0)
[16:16:53.192706] {mesa vk display queue}  -> wl_surface#71.damage_buffer(25, 16, 1, 18)
[16:16:53.192708] {mesa vk display queue}  -> wl_surface#71.commit()
[16:16:53.208727] {Display Queue} wl_display#1.delete_id(137)
[16:16:53.208735] {Display Queue} wl_display#1.delete_id(130)
[16:16:53.208737] {Default Queue} wp_presentation_feedback#137.sync_output(wl_output#29)
[16:16:53.208739] {Default Queue} wp_presentation_feedback#137.presented(0, 94879, 144202445, 0, 0, 0, 1)
[16:16:53.208743] {Default Queue} wl_callback#130.done(94879144)
[16:16:53.208819] {mesa vk display queue} wl_buffer#139.release()
[16:16:53.208822] {mesa vk display queue} wl_buffer#134.release()
[16:16:53.208824] {mesa vk display queue} wl_buffer#118.release()
[16:16:53.208922]  -> wl_surface#71.frame(new id wl_callback#130)
[16:16:53.208927] {Default Queue}  -> wp_presentation#19.feedback(wl_surface#71, new id wp_presentation_feedback#137)
[16:16:53.208929]  -> wl_surface#71.offset(0, 0)
[16:16:53.208945] {mesa vk display queue}  -> wl_surface#71.attach(wl_buffer#134, 0, 0)
[16:16:53.208948] {mesa vk display queue}  -> wl_surface#71.damage_buffer(25, 16, 1, 18)
[16:16:53.208950] {mesa vk display queue}  -> wl_surface#71.commit()
[16:16:53.225861] {Display Queue} wl_display#1.delete_id(143)
[16:16:53.225875] {Display Queue} wl_display#1.delete_id(130)
[16:16:53.225877] {Default Queue} wp_presentation_feedback#143.sync_output(wl_output#29)
[16:16:53.225880] {Default Queue} wp_presentation_feedback#143.presented(0, 94879, 161155132, 0, 0, 0, 1)
[16:16:53.225885] {Default Queue} wl_callback#130.done(94879161)
[16:16:53.226108]  -> wl_surface#71.frame(new id wl_callback#130)
[16:16:53.226114] {Default Queue}  -> wp_presentation#19.feedback(wl_surface#71, new id wp_presentation_feedback#143)
[16:16:53.226117]  -> wl_surface#71.offset(0, 0)
[16:16:53.226136] {mesa vk display queue}  -> wl_surface#71.attach(wl_buffer#118, 0, 0)
[16:16:53.226139] {mesa vk display queue}  -> wl_surface#71.damage_buffer(25, 16, 1, 18)
[16:16:53.226141] {mesa vk display queue}  -> wl_surface#71.commit()
[16:16:53.242201] {Display Queue} wl_display#1.delete_id(137)
[16:16:53.242221] {Display Queue} wl_display#1.delete_id(130)
[16:16:53.242225] {Default Queue} wp_presentation_feedback#137.sync_output(wl_output#29)
[16:16:53.242229] {Default Queue} wp_presentation_feedback#137.presented(0, 94879, 177530110, 0, 0, 0, 1)
[16:16:53.242236] {Default Queue} wl_callback#130.done(94879177)
[16:16:53.258969] {Display Queue} wl_display#1.delete_id(143)
[16:16:53.258989] {Default Queue} wp_presentation_feedback#143.sync_output(wl_output#29)
[16:16:53.258991] {Default Queue} wp_presentation_feedback#143.presented(0, 94879, 194384837, 0, 0, 0, 1)
[16:16:53.526311]  -> wl_surface#71.frame(new id wl_callback#143)
[16:16:53.526323] {Default Queue}  -> wp_presentation#19.feedback(wl_surface#71, new id wp_presentation_feedback#130)
[16:16:53.526327]  -> wl_surface#71.offset(0, 0)
[16:16:53.526348] {mesa vk display queue}  -> wl_surface#71.attach(wl_buffer#139, 0, 0)
[16:16:53.526351] {mesa vk display queue}  -> wl_surface#71.damage_buffer(25, 16, 1, 18)
[16:16:53.526353] {mesa vk display queue}  -> wl_surface#71.commit()
[16:16:53.542214] {Display Queue} wl_display#1.delete_id(143)
[16:16:53.542225] {Default Queue} wl_callback#143.done(94879477)
[16:16:53.542314] {mesa vk display queue} wl_buffer#144.release()
[16:16:53.542317] {mesa vk display queue} wl_buffer#134.release()
[16:16:53.542318] {mesa vk display queue} wl_buffer#118.release()
[16:16:53.542425]  -> wl_surface#71.frame(new id wl_callback#143)
[16:16:53.542428] {Default Queue}  -> wp_presentation#19.feedback(wl_surface#71, new id wp_presentation_feedback#137)
[16:16:53.542431]  -> wl_surface#71.offset(0, 0)
[16:16:53.542446] {mesa vk display queue}  -> wl_surface#71.attach(wl_buffer#134, 0, 0)
[16:16:53.542449] {mesa vk display queue}  -> wl_surface#71.damage_buffer(25, 16, 1, 18)
[16:16:53.542451] {mesa vk display queue}  -> wl_surface#71.commit()
[16:16:53.559037] {Display Queue} wl_display#1.delete_id(130)
[16:16:53.559077] {Display Queue} wl_display#1.delete_id(143)
[16:16:53.559083] {Default Queue} wp_presentation_feedback#130.sync_output(wl_output#29)
[16:16:53.559087] {Default Queue} wp_presentation_feedback#130.presented(0, 94879, 494290082, 0, 0, 0, 1)
[16:16:53.559097] {Default Queue} wl_callback#143.done(94879494)
[16:16:53.559353]  -> wl_surface#71.frame(new id wl_callback#143)
[16:16:53.559358] {Default Queue}  -> wp_presentation#19.feedback(wl_surface#71, new id wp_presentation_feedback#130)
[16:16:53.559361]  -> wl_surface#71.offset(0, 0)
[16:16:53.559377] {mesa vk display queue}  -> wl_surface#71.attach(wl_buffer#118, 0, 0)
[16:16:53.559380] {mesa vk display queue}  -> wl_surface#71.damage_buffer(25, 16, 1, 18)
[16:16:53.559382] {mesa vk display queue}  -> wl_surface#71.commit()
[16:16:53.575542] {Display Queue} wl_display#1.delete_id(137)
[16:16:53.575552] {Display Queue} wl_display#1.delete_id(143)
[16:16:53.575554] {Default Queue} wp_presentation_feedback#137.sync_output(wl_output#29)
[16:16:53.575556] {Default Queue} wp_presentation_feedback#137.presented(0, 94879, 510959758, 0, 0, 0, 1)
[16:16:53.575561] {Default Queue} wl_callback#143.done(94879510)
[16:16:53.575761]  -> wl_surface#71.frame(new id wl_callback#143)
[16:16:53.575765] {Default Queue}  -> wp_presentation#19.feedback(wl_surface#71, new id wp_presentation_feedback#137)
[16:16:53.575767]  -> wl_surface#71.offset(0, 0)
[16:16:53.575783] {mesa vk display queue}  -> wl_surface#71.attach(wl_buffer#144, 0, 0)
[16:16:53.575785] {mesa vk display queue}  -> wl_surface#71.damage_buffer(25, 16, 1, 18)
[16:16:53.575787] {mesa vk display queue}  -> wl_surface#71.commit()
[16:16:53.577328] {Default Queue} xdg_wm_base#38.ping(1337)
[16:16:53.577333] {Default Queue}  -> xdg_wm_base#38.pong(1337)
[16:16:53.592266] {Display Queue} wl_display#1.delete_id(130)
[16:16:53.592286] {Display Queue} wl_display#1.delete_id(143)
[16:16:53.592290] {Default Queue} wp_presentation_feedback#130.sync_output(wl_output#29)
[16:16:53.592294] {Default Queue} wp_presentation_feedback#130.presented(0, 94879, 527568633, 0, 0, 0, 1)
[16:16:53.592301] {Default Queue} wl_callback#143.done(94879527)
[16:16:53.592405] {mesa vk display queue} wl_buffer#139.release()
[16:16:53.592407] {mesa vk display queue} wl_buffer#134.release()
[16:16:53.592409] {mesa vk display queue} wl_buffer#118.release()
[16:16:53.592523]  -> wl_surface#71.frame(new id wl_callback#143)
[16:16:53.592526] {Default Queue}  -> wp_presentation#19.feedback(wl_surface#71, new id wp_presentation_feedback#130)
[16:16:53.592529]  -> wl_surface#71.offset(0, 0)
[16:16:53.592547] {mesa vk display queue}  -> wl_surface#71.attach(wl_buffer#134, 0, 0)
[16:16:53.592549] {mesa vk display queue}  -> wl_surface#71.damage_buffer(25, 16, 1, 18)
[16:16:53.592551] {mesa vk display queue}  -> wl_surface#71.commit()
[16:16:53.609367] {Display Queue} wl_display#1.delete_id(137)
[16:16:53.609384] {Display Queue} wl_display#1.delete_id(143)
[16:16:53.609387] {Default Queue} wp_presentation_feedback#137.sync_output(wl_output#29)
[16:16:53.609391] {Default Queue} wp_presentation_feedback#137.presented(0, 94879, 544611351, 0, 0, 0, 1)
[16:16:53.609398] {Default Queue} wl_callback#143.done(94879544)
[16:16:53.609614]  -> wl_surface#71.frame(new id wl_callback#143)
[16:16:53.609618] {Default Queue}  -> wp_presentation#19.feedback(wl_surface#71, new id wp_presentation_feedback#137)
[16:16:53.609621]  -> wl_surface#71.offset(0, 0)
[16:16:53.609637] {mesa vk display queue}  -> wl_surface#71.attach(wl_buffer#118, 0, 0)
[16:16:53.609641] {mesa vk display queue}  -> wl_surface#71.damage_buffer(25, 16, 1, 18)
[16:16:53.609643] {mesa vk display queue}  -> wl_surface#71.commit()
[16:16:53.625611] {Display Queue} wl_display#1.delete_id(130)
[16:16:53.625628] {Display Queue} wl_display#1.delete_id(143)
[16:16:53.625632] {Default Queue} wp_presentation_feedback#130.sync_output(wl_output#29)
[16:16:53.625635] {Default Queue} wp_presentation_feedback#130.presented(0, 94879, 560958960, 0, 0, 0, 1)
[16:16:53.625651] {Default Queue} wl_callback#143.done(94879560)
[16:16:53.625867]  -> wl_surface#71.frame(new id wl_callback#143)
[16:16:53.625872] {Default Queue}  -> wp_presentation#19.feedback(wl_surface#71, new id wp_presentation_feedback#130)
[16:16:53.625875]  -> wl_surface#71.offset(0, 0)
[16:16:53.625892] {mesa vk display queue}  -> wl_surface#71.attach(wl_buffer#139, 0, 0)
[16:16:53.625895] {mesa vk display queue}  -> wl_surface#71.damage_buffer(25, 16, 1, 18)
[16:16:53.625897] {mesa vk display queue}  -> wl_surface#71.commit()
[16:16:53.642441] {Display Queue} wl_display#1.delete_id(137)
[16:16:53.642458] {Display Queue} wl_display#1.delete_id(143)
[16:16:53.642462] {Default Queue} wp_presentation_feedback#137.sync_output(wl_output#29)
[16:16:53.642466] {Default Queue} wp_presentation_feedback#137.presented(0, 94879, 577686325, 0, 0, 0, 1)
[16:16:53.642473] {Default Queue} wl_callback#143.done(94879577)
[16:16:53.642581] {mesa vk display queue} wl_buffer#144.release()
[16:16:53.642584] {mesa vk display queue} wl_buffer#134.release()
[16:16:53.642585] {mesa vk display queue} wl_buffer#118.release()
[16:16:53.642699]  -> wl_surface#71.frame(new id wl_callback#143)
[16:16:53.642703] {Default Queue}  -> wp_presentation#19.feedback(wl_surface#71, new id wp_presentation_feedback#137)
[16:16:53.642705]  -> wl_surface#71.offset(0, 0)
[16:16:53.642720] {mesa vk display queue}  -> wl_surface#71.attach(wl_buffer#134, 0, 0)
[16:16:53.642722] {mesa vk display queue}  -> wl_surface#71.damage_buffer(25, 16, 1, 18)
[16:16:53.642724] {mesa vk display queue}  -> wl_surface#71.commit()
[16:16:53.658976] {Display Queue} wl_display#1.delete_id(130)
[16:16:53.658989] {Display Queue} wl_display#1.delete_id(143)
[16:16:53.658991] {Default Queue} wp_presentation_feedback#130.sync_output(wl_output#29)
[16:16:53.658994] {Default Queue} wp_presentation_feedback#130.presented(0, 94879, 594293042, 0, 0, 0, 1)
[16:16:53.658999] {Default Queue} wl_callback#143.done(94879594)
[16:16:53.659198]  -> wl_surface#71.frame(new id wl_callback#143)
[16:16:53.659202] {Default Queue}  -> wp_presentation#19.feedback(wl_surface#71, new id wp_presentation_feedback#130)
[16:16:53.659205]  -> wl_surface#71.offset(0, 0)
[16:16:53.659222] {mesa vk display queue}  -> wl_surface#71.attach(wl_buffer#118, 0, 0)
[16:16:53.659224] {mesa vk display queue}  -> wl_surface#71.damage_buffer(25, 16, 1, 18)
[16:16:53.659226] {mesa vk display queue}  -> wl_surface#71.commit()
[16:16:53.675748] {Display Queue} wl_display#1.delete_id(137)
[16:16:53.675760] {Display Queue} wl_display#1.delete_id(143)
[16:16:53.675763] {Default Queue} wp_presentation_feedback#137.sync_output(wl_output#29)
[16:16:53.675766] {Default Queue} wp_presentation_feedback#137.presented(0, 94879, 610882935, 0, 0, 0, 1)
[16:16:53.675771] {Default Queue} wl_callback#143.done(94879610)
[16:16:53.675985]  -> wl_surface#71.frame(new id wl_callback#143)
[16:16:53.675989] {Default Queue}  -> wp_presentation#19.feedback(wl_surface#71, new id wp_presentation_feedback#137)
[16:16:53.675992]  -> wl_surface#71.offset(0, 0)
[16:16:53.676009] {mesa vk display queue}  -> wl_surface#71.attach(wl_buffer#144, 0, 0)
[16:16:53.676012] {mesa vk display queue}  -> wl_surface#71.damage_buffer(25, 16, 1, 18)
[16:16:53.676014] {mesa vk display queue}  -> wl_surface#71.commit()
[16:16:53.692414] {Display Queue} wl_display#1.delete_id(130)
[16:16:53.692435] {Display Queue} wl_display#1.delete_id(143)
[16:16:53.692439] {Default Queue} wp_presentation_feedback#130.sync_output(wl_output#29)
[16:16:53.692445] {Default Queue} wp_presentation_feedback#130.presented(0, 94879, 627676487, 0, 0, 0, 1)
[16:16:53.692453] {Default Queue} wl_callback#143.done(94879627)
[16:16:53.692549] {mesa vk display queue} wl_buffer#139.release()
[16:16:53.692552] {mesa vk display queue} wl_buffer#134.release()
[16:16:53.692553] {mesa vk display queue} wl_buffer#118.release()
[16:16:53.692655]  -> wl_surface#71.frame(new id wl_callback#143)
[16:16:53.692659] {Default Queue}  -> wp_presentation#19.feedback(wl_surface#71, new id wp_presentation_feedback#130)
[16:16:53.692667]  -> wl_surface#71.offset(0, 0)
[16:16:53.692689] {mesa vk display queue}  -> wl_surface#71.attach(wl_buffer#134, 0, 0)
[16:16:53.692691] {mesa vk display queue}  -> wl_surface#71.damage_buffer(25, 16, 1, 18)
[16:16:53.692693] {mesa vk display queue}  -> wl_surface#71.commit()
[16:16:53.709014] {Display Queue} wl_display#1.delete_id(137)
[16:16:53.709034] {Display Queue} wl_display#1.delete_id(143)
[16:16:53.709039] {Default Queue} wp_presentation_feedback#137.sync_output(wl_output#29)
[16:16:53.709044] {Default Queue} wp_presentation_feedback#137.presented(0, 94879, 644353647, 0, 0, 0, 1)
[16:16:53.709052] {Default Queue} wl_callback#143.done(94879644)
[16:16:53.709236]  -> wl_surface#71.frame(new id wl_callback#143)
[16:16:53.709239] {Default Queue}  -> wp_presentation#19.feedback(wl_surface#71, new id wp_presentation_feedback#137)
[16:16:53.709242]  -> wl_surface#71.offset(0, 0)
[16:16:53.709261] {mesa vk display queue}  -> wl_surface#71.attach(wl_buffer#118, 0, 0)
[16:16:53.709263] {mesa vk display queue}  -> wl_surface#71.damage_buffer(25, 16, 1, 18)
[16:16:53.709265] {mesa vk display queue}  -> wl_surface#71.commit()
[16:16:53.725604] {Display Queue} wl_display#1.delete_id(130)
[16:16:53.725622] {Display Queue} wl_display#1.delete_id(143)
[16:16:53.725626] {Default Queue} wp_presentation_feedback#130.sync_output(wl_output#29)
[16:16:53.725631] {Default Queue} wp_presentation_feedback#130.presented(0, 94879, 660915717, 0, 0, 0, 1)
[16:16:53.725638] {Default Queue} wl_callback#143.done(94879660)
[16:16:53.725908]  -> wl_surface#71.frame(new id wl_callback#143)
[16:16:53.725912] {Default Queue}  -> wp_presentation#19.feedback(wl_surface#71, new id wp_presentation_feedback#130)
[16:16:53.725915]  -> wl_surface#71.offset(0, 0)
[16:16:53.725931] {mesa vk display queue}  -> wl_surface#71.attach(wl_buffer#139, 0, 0)
[16:16:53.725934] {mesa vk display queue}  -> wl_surface#71.damage_buffer(25, 16, 1, 18)
[16:16:53.725936] {mesa vk display queue}  -> wl_surface#71.commit()
[16:16:53.742279] {Display Queue} wl_display#1.delete_id(137)
[16:16:53.742295] {Display Queue} wl_display#1.delete_id(143)
[16:16:53.742299] {Default Queue} wp_presentation_feedback#137.sync_output(wl_output#29)
[16:16:53.742303] {Default Queue} wp_presentation_feedback#137.presented(0, 94879, 677612241, 0, 0, 0, 1)
[16:16:53.742310] {Default Queue} wl_callback#143.done(94879677)
[16:16:53.742422] {mesa vk display queue} wl_buffer#144.release()
[16:16:53.742425] {mesa vk display queue} wl_buffer#134.release()
[16:16:53.742427] {mesa vk display queue} wl_buffer#118.release()
[16:16:53.742526]  -> wl_surface#71.frame(new id wl_callback#143)
[16:16:53.742530] {Default Queue}  -> wp_presentation#19.feedback(wl_surface#71, new id wp_presentation_feedback#137)
[16:16:53.742534]  -> wl_surface#71.offset(0, 0)
[16:16:53.742548] {mesa vk display queue}  -> wl_surface#71.attach(wl_buffer#134, 0, 0)
[16:16:53.742550] {mesa vk display queue}  -> wl_surface#71.damage_buffer(25, 16, 1, 18)
[16:16:53.742552] {mesa vk display queue}  -> wl_surface#71.commit()
[16:16:53.759457] {Display Queue} wl_display#1.delete_id(130)
[16:16:53.759480] {Display Queue} wl_display#1.delete_id(143)
[16:16:53.759485] {Default Queue} wp_presentation_feedback#130.sync_output(wl_output#29)
[16:16:53.759491] {Default Queue} wp_presentation_feedback#130.presented(0, 94879, 694625624, 0, 0, 0, 1)
[16:16:53.759500] {Default Queue} wl_callback#143.done(94879694)
[16:16:53.759728]  -> wl_surface#71.frame(new id wl_callback#143)
[16:16:53.759732] {Default Queue}  -> wp_presentation#19.feedback(wl_surface#71, new id wp_presentation_feedback#130)
[16:16:53.759735]  -> wl_surface#71.offset(0, 0)
[16:16:53.759749] {mesa vk display queue}  -> wl_surface#71.attach(wl_buffer#118, 0, 0)
[16:16:53.759752] {mesa vk display queue}  -> wl_surface#71.damage_buffer(25, 16, 1, 18)
[16:16:53.759754] {mesa vk display queue}  -> wl_surface#71.commit()
[16:16:53.775718] {Display Queue} wl_display#1.delete_id(137)
[16:16:53.775739] {Display Queue} wl_display#1.delete_id(143)
[16:16:53.775755] {Default Queue} wp_presentation_feedback#137.sync_output(wl_output#29)
[16:16:53.775768] {Default Queue} wp_presentation_feedback#137.presented(0, 94879, 710957853, 0, 0, 0, 1)
[16:16:53.775772] {Default Queue} wl_callback#143.done(94879710)
[16:16:53.775938]  -> wl_surface#71.frame(new id wl_callback#143)
[16:16:53.775941] {Default Queue}  -> wp_presentation#19.feedback(wl_surface#71, new id wp_presentation_feedback#137)
[16:16:53.775944]  -> wl_surface#71.offset(0, 0)
[16:16:53.775958] {mesa vk display queue}  -> wl_surface#71.attach(wl_buffer#144, 0, 0)
[16:16:53.775961] {mesa vk display queue}  -> wl_surface#71.damage_buffer(25, 16, 1, 18)
[16:16:53.775963] {mesa vk display queue}  -> wl_surface#71.commit()
[16:16:53.792432] {Display Queue} wl_display#1.delete_id(130)
[16:16:53.792454] {Display Queue} wl_display#1.delete_id(143)
[16:16:53.792459] {Default Queue} wp_presentation_feedback#130.sync_output(wl_output#29)
[16:16:53.792465] {Default Queue} wp_presentation_feedback#130.presented(0, 94879, 727646599, 0, 0, 0, 1)
[16:16:53.792475] {Default Queue} wl_callback#143.done(94879727)
[16:16:53.792596] {mesa vk display queue} wl_buffer#139.release()
[16:16:53.792599] {mesa vk display queue} wl_buffer#134.release()
[16:16:53.792600] {mesa vk display queue} wl_buffer#118.release()
[16:16:53.792716]  -> wl_surface#71.frame(new id wl_callback#143)
[16:16:53.792720] {Default Queue}  -> wp_presentation#19.feedback(wl_surface#71, new id wp_presentation_feedback#130)
[16:16:53.792723]  -> wl_surface#71.offset(0, 0)
[16:16:53.792737] {mesa vk display queue}  -> wl_surface#71.attach(wl_buffer#134, 0, 0)
[16:16:53.792739] {mesa vk display queue}  -> wl_surface#71.damage_buffer(25, 16, 1, 18)
[16:16:53.792741] {mesa vk display queue}  -> wl_surface#71.commit()
[16:16:53.809071] {Display Queue} wl_display#1.delete_id(137)
[16:16:53.809089] {Display Queue} wl_display#1.delete_id(143)
[16:16:53.809094] {Default Queue} wp_presentation_feedback#137.sync_output(wl_output#29)
[16:16:53.809098] {Default Queue} wp_presentation_feedback#137.presented(0, 94879, 744365068, 0, 0, 0, 1)
[16:16:53.809106] {Default Queue} wl_callback#143.done(94879744)
[16:16:53.809334]  -> wl_surface#71.frame(new id wl_callback#143)
[16:16:53.809338] {Default Queue}  -> wp_presentation#19.feedback(wl_surface#71, new id wp_presentation_feedback#137)
[16:16:53.809341]  -> wl_surface#71.offset(0, 0)
[16:16:53.809357] {mesa vk display queue}  -> wl_surface#71.attach(wl_buffer#118, 0, 0)
[16:16:53.809360] {mesa vk display queue}  -> wl_surface#71.damage_buffer(25, 16, 1, 18)
[16:16:53.809362] {mesa vk display queue}  -> wl_surface#71.commit()
[16:16:53.825853] {Display Queue} wl_display#1.delete_id(130)
[16:16:53.825872] {Display Queue} wl_display#1.delete_id(143)
[16:16:53.825876] {Default Queue} wp_presentation_feedback#130.sync_output(wl_output#29)
[16:16:53.825880] {Default Queue} wp_presentation_feedback#130.presented(0, 94879, 761161568, 0, 0, 0, 1)
[16:16:53.825887] {Default Queue} wl_callback#143.done(94879761)
[16:16:53.826109]  -> wl_surface#71.frame(new id wl_callback#143)
[16:16:53.826113] {Default Queue}  -> wp_presentation#19.feedback(wl_surface#71, new id wp_presentation_feedback#130)
[16:16:53.826116]  -> wl_surface#71.offset(0, 0)
[16:16:53.826133] {mesa vk display queue}  -> wl_surface#71.attach(wl_buffer#139, 0, 0)
[16:16:53.826136] {mesa vk display queue}  -> wl_surface#71.damage_buffer(25, 16, 1, 18)
[16:16:53.826138] {mesa vk display queue}  -> wl_surface#71.commit()
[16:16:53.842597] {Display Queue} wl_display#1.delete_id(137)
[16:16:53.842619] {Display Queue} wl_display#1.delete_id(143)
[16:16:53.842624] {Default Queue} wp_presentation_feedback#137.sync_output(wl_output#29)
[16:16:53.842629] {Default Queue} wp_presentation_feedback#137.presented(0, 94879, 777855995, 0, 0, 0, 1)
[16:16:53.842638] {Default Queue} wl_callback#143.done(94879777)
[16:16:53.859286] {Display Queue} wl_display#1.delete_id(130)
[16:16:53.859297] {Default Queue} wp_presentation_feedback#130.sync_output(wl_output#29)
[16:16:53.859299] {Default Queue} wp_presentation_feedback#130.presented(0, 94879, 794694050, 0, 0, 0, 1)
[16:16:54.126555] {mesa vk display queue} wl_buffer#144.release()
[16:16:54.126574] {mesa vk display queue} wl_buffer#134.release()
[16:16:54.126578] {mesa vk display queue} wl_buffer#118.release()
[16:16:54.126727]  -> wl_surface#71.frame(new id wl_callback#130)
[16:16:54.126731] {Default Queue}  -> wp_presentation#19.feedback(wl_surface#71, new id wp_presentation_feedback#143)
[16:16:54.126735]  -> wl_surface#71.offset(0, 0)
[16:16:54.126754] {mesa vk display queue}  -> wl_surface#71.attach(wl_buffer#134, 0, 0)
[16:16:54.126756] {mesa vk display queue}  -> wl_surface#71.damage_buffer(25, 16, 1, 18)
[16:16:54.126758] {mesa vk display queue}  -> wl_surface#71.commit()
[16:16:54.142326] {Display Queue} wl_display#1.delete_id(130)
[16:16:54.142347] {Default Queue} wl_callback#130.done(94880077)
[16:16:54.142604]  -> wl_surface#71.frame(new id wl_callback#130)
[16:16:54.142609] {Default Queue}  -> wp_presentation#19.feedback(wl_surface#71, new id wp_presentation_feedback#137)
[16:16:54.142612]  -> wl_surface#71.offset(0, 0)
[16:16:54.142629] {mesa vk display queue}  -> wl_surface#71.attach(wl_buffer#118, 0, 0)
[16:16:54.142632] {mesa vk display queue}  -> wl_surface#71.damage_buffer(25, 16, 1, 18)
[16:16:54.142634] {mesa vk display queue}  -> wl_surface#71.commit()
[16:16:54.159001] {Display Queue} wl_display#1.delete_id(143)
[16:16:54.159011] {Display Queue} wl_display#1.delete_id(130)
[16:16:54.159014] {Default Queue} wp_presentation_feedback#143.sync_output(wl_output#29)
[16:16:54.159017] {Default Queue} wp_presentation_feedback#143.presented(0, 94880, 94283728, 0, 0, 0, 1)
[16:16:54.159022] {Default Queue} wl_callback#130.done(94880094)
[16:16:54.159268]  -> wl_surface#71.frame(new id wl_callback#130)
[16:16:54.159274] {Default Queue}  -> wp_presentation#19.feedback(wl_surface#71, new id wp_presentation_feedback#143)
[16:16:54.159278]  -> wl_surface#71.offset(0, 0)
[16:16:54.159296] {mesa vk display queue}  -> wl_surface#71.attach(wl_buffer#144, 0, 0)
[16:16:54.159299] {mesa vk display queue}  -> wl_surface#71.damage_buffer(25, 16, 1, 18)
[16:16:54.159301] {mesa vk display queue}  -> wl_surface#71.commit()
[16:16:54.175786] {Display Queue} wl_display#1.delete_id(137)
[16:16:54.175797] {Display Queue} wl_display#1.delete_id(130)
[16:16:54.175799] {Default Queue} wp_presentation_feedback#137.sync_output(wl_output#29)
[16:16:54.175802] {Default Queue} wp_presentation_feedback#137.presented(0, 94880, 111122139, 0, 0, 0, 1)
[16:16:54.175806] {Default Queue} wl_callback#130.done(94880111)
[16:16:54.175904] {mesa vk display queue} wl_buffer#139.release()
[16:16:54.175908] {mesa vk display queue} wl_buffer#134.release()
[16:16:54.175910] {mesa vk display queue} wl_buffer#118.release()
[16:16:54.176027]  -> wl_surface#71.frame(new id wl_callback#130)
[16:16:54.176033] {Default Queue}  -> wp_presentation#19.feedback(wl_surface#71, new id wp_presentation_feedback#137)
[16:16:54.176036]  -> wl_surface#71.offset(0, 0)
[16:16:54.176052] {mesa vk display queue}  -> wl_surface#71.attach(wl_buffer#134, 0, 0)
[16:16:54.176055] {mesa vk display queue}  -> wl_surface#71.damage_buffer(25, 16, 1, 18)
[16:16:54.176057] {mesa vk display queue}  -> wl_surface#71.commit()
[16:16:54.192432] {Display Queue} wl_display#1.delete_id(143)
[16:16:54.192447] {Display Queue} wl_display#1.delete_id(130)
[16:16:54.192451] {Default Queue} wp_presentation_feedback#143.sync_output(wl_output#29)
[16:16:54.192455] {Default Queue} wp_presentation_feedback#143.presented(0, 94880, 127542556, 0, 0, 0, 1)
[16:16:54.192463] {Default Queue} wl_callback#130.done(94880127)
[16:16:54.192766]  -> wl_surface#71.frame(new id wl_callback#130)
[16:16:54.192775] {Default Queue}  -> wp_presentation#19.feedback(wl_surface#71, new id wp_presentation_feedback#143)
[16:16:54.192780]  -> wl_surface#71.offset(0, 0)
[16:16:54.192805] {mesa vk display queue}  -> wl_surface#71.attach(wl_buffer#118, 0, 0)
[16:16:54.192811] {mesa vk display queue}  -> wl_surface#71.damage_buffer(25, 16, 1, 18)
[16:16:54.192814] {mesa vk display queue}  -> wl_surface#71.commit()
[16:16:54.209199] {Display Queue} wl_display#1.delete_id(137)
[16:16:54.209218] {Display Queue} wl_display#1.delete_id(130)
[16:16:54.209222] {Default Queue} wp_presentation_feedback#137.sync_output(wl_output#29)
[16:16:54.209226] {Default Queue} wp_presentation_feedback#137.presented(0, 94880, 144356050, 0, 0, 0, 1)
[16:16:54.209232] {Default Queue} wl_callback#130.done(94880144)
[16:16:54.209515]  -> wl_surface#71.frame(new id wl_callback#130)
[16:16:54.209523] {Default Queue}  -> wp_presentation#19.feedback(wl_surface#71, new id wp_presentation_feedback#137)
[16:16:54.209527]  -> wl_surface#71.offset(0, 0)
[16:16:54.209551] {mesa vk display queue}  -> wl_surface#71.attach(wl_buffer#139, 0, 0)
[16:16:54.209555] {mesa vk display queue}  -> wl_surface#71.damage_buffer(25, 16, 1, 18)
[16:16:54.209558] {mesa vk display queue}  -> wl_surface#71.commit()
[16:16:54.225848] {Display Queue} wl_display#1.delete_id(143)
[16:16:54.225863] {Display Queue} wl_display#1.delete_id(130)
[16:16:54.225868] {Default Queue} wp_presentation_feedback#143.sync_output(wl_output#29)
[16:16:54.225872] {Default Queue} wp_presentation_feedback#143.presented(0, 94880, 160979490, 0, 0, 0, 1)
[16:16:54.225880] {Default Queue} wl_callback#130.done(94880161)
[16:16:54.226020] {mesa vk display queue} wl_buffer#144.release()
[16:16:54.226027] {mesa vk display queue} wl_buffer#134.release()
[16:16:54.226030] {mesa vk display queue} wl_buffer#118.release()
[16:16:54.226203]  -> wl_surface#71.frame(new id wl_callback#130)
[16:16:54.226212] {Default Queue}  -> wp_presentation#19.feedback(wl_surface#71, new id wp_presentation_feedback#143)
[16:16:54.226217]  -> wl_surface#71.offset(0, 0)
[16:16:54.226243] {mesa vk display queue}  -> wl_surface#71.attach(wl_buffer#134, 0, 0)
[16:16:54.226256] {mesa vk display queue}  -> wl_surface#71.damage_buffer(25, 16, 1, 18)
[16:16:54.226260] {mesa vk display queue}  -> wl_surface#71.commit()
[16:16:54.242437] {Display Queue} wl_display#1.delete_id(137)
[16:16:54.242448] {Display Queue} wl_display#1.delete_id(130)
[16:16:54.242452] {Default Queue} wp_presentation_feedback#137.sync_output(wl_output#29)
[16:16:54.242455] {Default Queue} wp_presentation_feedback#137.presented(0, 94880, 177621794, 0, 0, 0, 1)
[16:16:54.242460] {Default Queue} wl_callback#130.done(94880177)
[16:16:54.242693]  -> wl_surface#71.frame(new id wl_callback#130)
[16:16:54.242700] {Default Queue}  -> wp_presentation#19.feedback(wl_surface#71, new id wp_presentation_feedback#137)
[16:16:54.242705]  -> wl_surface#71.offset(0, 0)
[16:16:54.242726] {mesa vk display queue}  -> wl_surface#71.attach(wl_buffer#118, 0, 0)
[16:16:54.242730] {mesa vk display queue}  -> wl_surface#71.damage_buffer(25, 16, 1, 18)
[16:16:54.242733] {mesa vk display queue}  -> wl_surface#71.commit()
[16:16:54.259180] {Display Queue} wl_display#1.delete_id(143)
[16:16:54.259191] {Display Queue} wl_display#1.delete_id(130)
[16:16:54.259195] {Default Queue} wp_presentation_feedback#143.sync_output(wl_output#29)
[16:16:54.259199] {Default Queue} wp_presentation_feedback#143.presented(0, 94880, 194430116, 0, 0, 0, 1)
[16:16:54.259205] {Default Queue} wl_callback#130.done(94880194)
[16:16:54.259440]  -> wl_surface#71.frame(new id wl_callback#130)
[16:16:54.259447] {Default Queue}  -> wp_presentation#19.feedback(wl_surface#71, new id wp_presentation_feedback#143)
[16:16:54.259451]  -> wl_surface#71.offset(0, 0)
[16:16:54.259472] {mesa vk display queue}  -> wl_surface#71.attach(wl_buffer#144, 0, 0)
[16:16:54.259476] {mesa vk display queue}  -> wl_surface#71.damage_buffer(25, 16, 1, 18)
[16:16:54.259479] {mesa vk display queue}  -> wl_surface#71.commit()
[16:16:54.275773] {Display Queue} wl_display#1.delete_id(137)
[16:16:54.275784] {Display Queue} wl_display#1.delete_id(130)
[16:16:54.275787] {Default Queue} wp_presentation_feedback#137.sync_output(wl_output#29)
[16:16:54.275789] {Default Queue} wp_presentation_feedback#137.presented(0, 94880, 211098086, 0, 0, 0, 1)
[16:16:54.275794] {Default Queue} wl_callback#130.done(94880211)
[16:16:54.275881] {mesa vk display queue} wl_buffer#139.release()
[16:16:54.275891] {mesa vk display queue} wl_buffer#134.release()
[16:16:54.275903] {mesa vk display queue} wl_buffer#118.release()
[16:16:54.276004]  -> wl_surface#71.frame(new id wl_callback#130)
[16:16:54.276010] {Default Queue}  -> wp_presentation#19.feedback(wl_surface#71, new id wp_presentation_feedback#137)
[16:16:54.276013]  -> wl_surface#71.offset(0, 0)
[16:16:54.276028] {mesa vk display queue}  -> wl_surface#71.attach(wl_buffer#134, 0, 0)
[16:16:54.276031] {mesa vk display queue}  -> wl_surface#71.damage_buffer(25, 16, 1, 18)
[16:16:54.276034] {mesa vk display queue}  -> wl_surface#71.commit()
[16:16:54.292140] {Display Queue} wl_display#1.delete_id(143)
[16:16:54.292149] {Display Queue} wl_display#1.delete_id(130)
[16:16:54.292152] {Default Queue} wp_presentation_feedback#143.sync_output(wl_output#29)
[16:16:54.292154] {Default Queue} wp_presentation_feedback#143.presented(0, 94880, 227454591, 0, 0, 0, 1)
[16:16:54.292159] {Default Queue} wl_callback#130.done(94880227)
[16:16:54.292357]  -> wl_surface#71.frame(new id wl_callback#130)
[16:16:54.292363] {Default Queue}  -> wp_presentation#19.feedback(wl_surface#71, new id wp_presentation_feedback#143)
[16:16:54.292366]  -> wl_surface#71.offset(0, 0)
[16:16:54.292385] {mesa vk display queue}  -> wl_surface#71.attach(wl_buffer#118, 0, 0)
[16:16:54.292388] {mesa vk display queue}  -> wl_surface#71.damage_buffer(25, 16, 1, 18)
[16:16:54.292390] {mesa vk display queue}  -> wl_surface#71.commit()
[16:16:54.309324] {Display Queue} wl_display#1.delete_id(137)
[16:16:54.309339] {Display Queue} wl_display#1.delete_id(130)
[16:16:54.309344] {Default Queue} wp_presentation_feedback#137.sync_output(wl_output#29)
[16:16:54.309348] {Default Queue} wp_presentation_feedback#137.presented(0, 94880, 244509684, 0, 0, 0, 1)
[16:16:54.309356] {Default Queue} wl_callback#130.done(94880244)
[16:16:54.309607]  -> wl_surface#71.frame(new id wl_callback#130)
[16:16:54.309617] {Default Queue}  -> wp_presentation#19.feedback(wl_surface#71, new id wp_presentation_feedback#137)
[16:16:54.309622]  -> wl_surface#71.offset(0, 0)
[16:16:54.309649] {mesa vk display queue}  -> wl_surface#71.attach(wl_buffer#139, 0, 0)
[16:16:54.309654] {mesa vk display queue}  -> wl_surface#71.damage_buffer(25, 16, 1, 18)
[16:16:54.309658] {mesa vk display queue}  -> wl_surface#71.commit()
[16:16:54.325873] {Display Queue} wl_display#1.delete_id(143)
[16:16:54.325887] {Display Queue} wl_display#1.delete_id(130)
[16:16:54.325891] {Default Queue} wp_presentation_feedback#143.sync_output(wl_output#29)
[16:16:54.325895] {Default Queue} wp_presentation_feedback#143.presented(0, 94880, 261137449, 0, 0, 0, 1)
[16:16:54.325902] {Default Queue} wl_callback#130.done(94880261)
[16:16:54.326005] {mesa vk display queue} wl_buffer#144.release()
[16:16:54.326011] {mesa vk display queue} wl_buffer#134.release()
[16:16:54.326014] {mesa vk display queue} wl_buffer#118.release()
[16:16:54.326144]  -> wl_surface#71.frame(new id wl_callback#130)
[16:16:54.326152] {Default Queue}  -> wp_presentation#19.feedback(wl_surface#71, new id wp_presentation_feedback#143)
[16:16:54.326156]  -> wl_surface#71.offset(0, 0)
[16:16:54.326178] {mesa vk display queue}  -> wl_surface#71.attach(wl_buffer#134, 0, 0)
[16:16:54.326183] {mesa vk display queue}  -> wl_surface#71.damage_buffer(25, 16, 1, 18)
[16:16:54.326186] {mesa vk display queue}  -> wl_surface#71.commit()
[16:16:54.342449] {Display Queue} wl_display#1.delete_id(137)
[16:16:54.342461] {Display Queue} wl_display#1.delete_id(130)
[16:16:54.342464] {Default Queue} wp_presentation_feedback#137.sync_output(wl_output#29)
[16:16:54.342467] {Default Queue} wp_presentation_feedback#137.presented(0, 94880, 277782952, 0, 0, 0, 1)
[16:16:54.342472] {Default Queue} wl_callback#130.done(94880277)
[16:16:54.342670]  -> wl_surface#71.frame(new id wl_callback#130)
[16:16:54.342678] {Default Queue}  -> wp_presentation#19.feedback(wl_surface#71, new id wp_presentation_feedback#137)
[16:16:54.342682]  -> wl_surface#71.offset(0, 0)
[16:16:54.342701] {mesa vk display queue}  -> wl_surface#71.attach(wl_buffer#118, 0, 0)
[16:16:54.342713] {mesa vk display queue}  -> wl_surface#71.damage_buffer(25, 16, 1, 18)
[16:16:54.342726] {mesa vk display queue}  -> wl_surface#71.commit()
[16:16:54.359337] {Display Queue} wl_display#1.delete_id(143)
[16:16:54.359347] {Display Queue} wl_display#1.delete_id(130)
[16:16:54.359349] {Default Queue} wp_presentation_feedback#143.sync_output(wl_output#29)
[16:16:54.359352] {Default Queue} wp_presentation_feedback#143.presented(0, 94880, 294570403, 0, 0, 0, 1)
[16:16:54.359358] {Default Queue} wl_callback#130.done(94880294)
[16:16:54.359584]  -> wl_surface#71.frame(new id wl_callback#130)
[16:16:54.359590] {Default Queue}  -> wp_presentation#19.feedback(wl_surface#71, new id wp_presentation_feedback#143)
[16:16:54.359593]  -> wl_surface#71.offset(0, 0)
[16:16:54.359611] {mesa vk display queue}  -> wl_surface#71.attach(wl_buffer#144, 0, 0)
[16:16:54.359615] {mesa vk display queue}  -> wl_surface#71.damage_buffer(25, 16, 1, 18)
[16:16:54.359617] {mesa vk display queue}  -> wl_surface#71.commit()
[16:16:54.375705] {Display Queue} wl_display#1.delete_id(137)
[16:16:54.375718] {Display Queue} wl_display#1.delete_id(130)
[16:16:54.375721] {Default Queue} wp_presentation_feedback#137.sync_output(wl_output#29)
[16:16:54.375725] {Default Queue} wp_presentation_feedback#137.presented(0, 94880, 310975846, 0, 0, 0, 1)
[16:16:54.375730] {Default Queue} wl_callback#130.done(94880311)
[16:16:54.375849] {mesa vk display queue} wl_buffer#139.release()
[16:16:54.375854] {mesa vk display queue} wl_buffer#134.release()
[16:16:54.375856] {mesa vk display queue} wl_buffer#118.release()
[16:16:54.376007]  -> wl_surface#71.frame(new id wl_callback#130)
[16:16:54.376013] {Default Queue}  -> wp_presentation#19.feedback(wl_surface#71, new id wp_presentation_feedback#137)
[16:16:54.376017]  -> wl_surface#71.offset(0, 0)
[16:16:54.376037] {mesa vk display queue}  -> wl_surface#71.attach(wl_buffer#134, 0, 0)
[16:16:54.376041] {mesa vk display queue}  -> wl_surface#71.damage_buffer(25, 16, 1, 18)
[16:16:54.376044] {mesa vk display queue}  -> wl_surface#71.commit()
[16:16:54.392493] {Display Queue} wl_display#1.delete_id(143)
[16:16:54.392503] {Display Queue} wl_display#1.delete_id(130)
[16:16:54.392506] {Default Queue} wp_presentation_feedback#143.sync_output(wl_output#29)
[16:16:54.392508] {Default Queue} wp_presentation_feedback#143.presented(0, 94880, 327798761, 0, 0, 0, 1)
[16:16:54.392513] {Default Queue} wl_callback#130.done(94880327)
[16:16:54.392742]  -> wl_surface#71.frame(new id wl_callback#130)
[16:16:54.392748] {Default Queue}  -> wp_presentation#19.feedback(wl_surface#71, new id wp_presentation_feedback#143)
[16:16:54.392751]  -> wl_surface#71.offset(0, 0)
[16:16:54.392770] {mesa vk display queue}  -> wl_surface#71.attach(wl_buffer#118, 0, 0)
[16:16:54.392773] {mesa vk display queue}  -> wl_surface#71.damage_buffer(25, 16, 1, 18)
[16:16:54.392775] {mesa vk display queue}  -> wl_surface#71.commit()
[16:16:54.409010] {Display Queue} wl_display#1.delete_id(137)
[16:16:54.409020] {Display Queue} wl_display#1.delete_id(130)
[16:16:54.409022] {Default Queue} wp_presentation_feedback#137.sync_output(wl_output#29)
[16:16:54.409024] {Default Queue} wp_presentation_feedback#137.presented(0, 94880, 344332119, 0, 0, 0, 1)
[16:16:54.409029] {Default Queue} wl_callback#130.done(94880344)
[16:16:54.409221]  -> wl_surface#71.frame(new id wl_callback#130)
[16:16:54.409227] {Default Queue}  -> wp_presentation#19.feedback(wl_surface#71, new id wp_presentation_feedback#137)
[16:16:54.409230]  -> wl_surface#71.offset(0, 0)
[16:16:54.409254] {mesa vk display queue}  -> wl_surface#71.attach(wl_buffer#139, 0, 0)
[16:16:54.409257] {mesa vk display queue}  -> wl_surface#71.damage_buffer(25, 16, 1, 18)
[16:16:54.409260] {mesa vk display queue}  -> wl_surface#71.commit()
[16:16:54.426049] {Display Queue} wl_display#1.delete_id(143)
[16:16:54.426062] {Display Queue} wl_display#1.delete_id(130)
[16:16:54.426066] {Default Queue} wp_presentation_feedback#143.sync_output(wl_output#29)
[16:16:54.426070] {Default Queue} wp_presentation_feedback#143.presented(0, 94880, 361225154, 0, 0, 0, 1)
[16:16:54.426085] {Default Queue} wl_callback#130.done(94880361)
[16:16:54.426209] {mesa vk display queue} wl_buffer#144.release()
[16:16:54.426214] {mesa vk display queue} wl_buffer#134.release()
[16:16:54.426216] {mesa vk display queue} wl_buffer#118.release()
[16:16:54.426369]  -> wl_surface#71.frame(new id wl_callback#130)
[16:16:54.426376] {Default Queue}  -> wp_presentation#19.feedback(wl_surface#71, new id wp_presentation_feedback#143)
[16:16:54.426380]  -> wl_surface#71.offset(0, 0)
[16:16:54.426400] {mesa vk display queue}  -> wl_surface#71.attach(wl_buffer#134, 0, 0)
[16:16:54.426404] {mesa vk display queue}  -> wl_surface#71.damage_buffer(25, 16, 1, 18)
[16:16:54.426407] {mesa vk display queue}  -> wl_surface#71.commit()
[16:16:54.442422] {Display Queue} wl_display#1.delete_id(137)
[16:16:54.442440] {Display Queue} wl_display#1.delete_id(130)
[16:16:54.442445] {Default Queue} wp_presentation_feedback#137.sync_output(wl_output#29)
[16:16:54.442450] {Default Queue} wp_presentation_feedback#137.presented(0, 94880, 377612126, 0, 0, 0, 1)
[16:16:54.442458] {Default Queue} wl_callback#130.done(94880377)
[16:16:54.458997] {Display Queue} wl_display#1.delete_id(143)
[16:16:54.459007] {Default Queue} wp_presentation_feedback#143.sync_output(wl_output#29)
[16:16:54.459010] {Default Queue} wp_presentation_feedback#143.presented(0, 94880, 394235868, 0, 0, 0, 1)
[16:16:54.726087]  -> wl_surface#71.frame(new id wl_callback#143)
[16:16:54.726099] {Default Queue}  -> wp_presentation#19.feedback(wl_surface#71, new id wp_presentation_feedback#130)
[16:16:54.726104]  -> wl_surface#71.offset(0, 0)
[16:16:54.726124] {mesa vk display queue}  -> wl_surface#71.attach(wl_buffer#118, 0, 0)
[16:16:54.726128] {mesa vk display queue}  -> wl_surface#71.damage_buffer(25, 16, 1, 18)
[16:16:54.726130] {mesa vk display queue}  -> wl_surface#71.commit()
[16:16:54.742369] {Display Queue} wl_display#1.delete_id(143)
[16:16:54.742383] {Default Queue} wl_callback#143.done(94880677)
[16:16:54.742663]  -> wl_surface#71.frame(new id wl_callback#143)
[16:16:54.742673] {Default Queue}  -> wp_presentation#19.feedback(wl_surface#71, new id wp_presentation_feedback#137)
[16:16:54.742677]  -> wl_surface#71.offset(0, 0)
[16:16:54.742702] {mesa vk display queue}  -> wl_surface#71.attach(wl_buffer#144, 0, 0)
[16:16:54.742707] {mesa vk display queue}  -> wl_surface#71.damage_buffer(25, 16, 1, 18)
[16:16:54.742711] {mesa vk display queue}  -> wl_surface#71.commit()
[16:16:54.758788] {Display Queue} wl_display#1.delete_id(130)
[16:16:54.758799] {Display Queue} wl_display#1.delete_id(143)
[16:16:54.758802] {Default Queue} wp_presentation_feedback#130.sync_output(wl_output#29)
[16:16:54.758804] {Default Queue} wp_presentation_feedback#130.presented(0, 94880, 694114248, 0, 0, 0, 1)
[16:16:54.758810] {Default Queue} wl_callback#143.done(94880694)
[16:16:54.758901] {mesa vk display queue} wl_buffer#139.release()
[16:16:54.758905] {mesa vk display queue} wl_buffer#134.release()
[16:16:54.758907] {mesa vk display queue} wl_buffer#118.release()
[16:16:54.759019]  -> wl_surface#71.frame(new id wl_callback#143)
[16:16:54.759025] {Default Queue}  -> wp_presentation#19.feedback(wl_surface#71, new id wp_presentation_feedback#130)
[16:16:54.759028]  -> wl_surface#71.offset(0, 0)
[16:16:54.759044] {mesa vk display queue}  -> wl_surface#71.attach(wl_buffer#134, 0, 0)
[16:16:54.759047] {mesa vk display queue}  -> wl_surface#71.damage_buffer(25, 16, 1, 18)
[16:16:54.759050] {mesa vk display queue}  -> wl_surface#71.commit()
[16:16:54.775797] {Display Queue} wl_display#1.delete_id(137)
[16:16:54.775807] {Display Queue} wl_display#1.delete_id(143)
[16:16:54.775810] {Default Queue} wp_presentation_feedback#137.sync_output(wl_output#29)
[16:16:54.775812] {Default Queue} wp_presentation_feedback#137.presented(0, 94880, 711048988, 0, 0, 0, 1)
[16:16:54.775817] {Default Queue} wl_callback#143.done(94880711)
[16:16:54.776038]  -> wl_surface#71.frame(new id wl_callback#143)
[16:16:54.776044] {Default Queue}  -> wp_presentation#19.feedback(wl_surface#71, new id wp_presentation_feedback#137)
[16:16:54.776055]  -> wl_surface#71.offset(0, 0)
[16:16:54.776084] {mesa vk display queue}  -> wl_surface#71.attach(wl_buffer#118, 0, 0)
[16:16:54.776087] {mesa vk display queue}  -> wl_surface#71.damage_buffer(25, 16, 1, 18)
[16:16:54.776091] {mesa vk display queue}  -> wl_surface#71.commit()
[16:16:54.792328] {Display Queue} wl_display#1.delete_id(130)
[16:16:54.792339] {Display Queue} wl_display#1.delete_id(143)
[16:16:54.792341] {Default Queue} wp_presentation_feedback#130.sync_output(wl_output#29)
[16:16:54.792344] {Default Queue} wp_presentation_feedback#130.presented(0, 94880, 727598390, 0, 0, 0, 1)
[16:16:54.792350] {Default Queue} wl_callback#143.done(94880727)
[16:16:54.792572]  -> wl_surface#71.frame(new id wl_callback#143)
[16:16:54.792579] {Default Queue}  -> wp_presentation#19.feedback(wl_surface#71, new id wp_presentation_feedback#130)
[16:16:54.792582]  -> wl_surface#71.offset(0, 0)
[16:16:54.792601] {mesa vk display queue}  -> wl_surface#71.attach(wl_buffer#139, 0, 0)
[16:16:54.792604] {mesa vk display queue}  -> wl_surface#71.damage_buffer(25, 16, 1, 18)
[16:16:54.792606] {mesa vk display queue}  -> wl_surface#71.commit()
[16:16:54.809386] {Display Queue} wl_display#1.delete_id(137)
[16:16:54.809398] {Display Queue} wl_display#1.delete_id(143)
[16:16:54.809401] {Default Queue} wp_presentation_feedback#137.sync_output(wl_output#29)
[16:16:54.809404] {Default Queue} wp_presentation_feedback#137.presented(0, 94880, 744658150, 0, 0, 0, 1)
[16:16:54.809410] {Default Queue} wl_callback#143.done(94880744)
[16:16:54.809508] {mesa vk display queue} wl_buffer#144.release()
[16:16:54.809512] {mesa vk display queue} wl_buffer#134.release()
[16:16:54.809515] {mesa vk display queue} wl_buffer#118.release()
[16:16:54.809630]  -> wl_surface#71.frame(new id wl_callback#143)
[16:16:54.809637] {Default Queue}  -> wp_presentation#19.feedback(wl_surface#71, new id wp_presentation_feedback#137)
[16:16:54.809640]  -> wl_surface#71.offset(0, 0)
[16:16:54.809658] {mesa vk display queue}  -> wl_surface#71.attach(wl_buffer#134, 0, 0)
[16:16:54.809662] {mesa vk display queue}  -> wl_surface#71.damage_buffer(25, 16, 1, 18)
[16:16:54.809665] {mesa vk display queue}  -> wl_surface#71.commit()
[16:16:54.825818] {Display Queue} wl_display#1.delete_id(130)
[16:16:54.825830] {Display Queue} wl_display#1.delete_id(143)
[16:16:54.825833] {Default Queue} wp_presentation_feedback#130.sync_output(wl_output#29)
[16:16:54.825835] {Default Queue} wp_presentation_feedback#130.presented(0, 94880, 761135568, 0, 0, 0, 1)
[16:16:54.825840] {Default Queue} wl_callback#143.done(94880761)
[16:16:54.826035]  -> wl_surface#71.frame(new id wl_callback#143)
[16:16:54.826041] {Default Queue}  -> wp_presentation#19.feedback(wl_surface#71, new id wp_presentation_feedback#130)
[16:16:54.826044]  -> wl_surface#71.offset(0, 0)
[16:16:54.826061] {mesa vk display queue}  -> wl_surface#71.attach(wl_buffer#118, 0, 0)
[16:16:54.826065] {mesa vk display queue}  -> wl_surface#71.damage_buffer(25, 16, 1, 18)
[16:16:54.826068] {mesa vk display queue}  -> wl_surface#71.commit()
[16:16:54.842557] {Display Queue} wl_display#1.delete_id(137)
[16:16:54.842567] {Display Queue} wl_display#1.delete_id(143)
[16:16:54.842570] {Default Queue} wp_presentation_feedback#137.sync_output(wl_output#29)
[16:16:54.842573] {Default Queue} wp_presentation_feedback#137.presented(0, 94880, 777761139, 0, 0, 0, 1)
[16:16:54.842578] {Default Queue} wl_callback#143.done(94880777)
[16:16:54.842773]  -> wl_surface#71.frame(new id wl_callback#143)
[16:16:54.842780] {Default Queue}  -> wp_presentation#19.feedback(wl_surface#71, new id wp_presentation_feedback#137)
[16:16:54.842783]  -> wl_surface#71.offset(0, 0)
[16:16:54.842801] {mesa vk display queue}  -> wl_surface#71.attach(wl_buffer#144, 0, 0)
[16:16:54.842805] {mesa vk display queue}  -> wl_surface#71.damage_buffer(25, 16, 1, 18)
[16:16:54.842807] {mesa vk display queue}  -> wl_surface#71.commit()
[16:16:54.858822] {Display Queue} wl_display#1.delete_id(130)
[16:16:54.858837] {Display Queue} wl_display#1.delete_id(143)
[16:16:54.858846] {Default Queue} wp_presentation_feedback#130.sync_output(wl_output#29)
[16:16:54.858848] {Default Queue} wp_presentation_feedback#130.presented(0, 94880, 794169193, 0, 0, 0, 1)
[16:16:54.858853] {Default Queue} wl_callback#143.done(94880794)
[16:16:54.858944] {mesa vk display queue} wl_buffer#139.release()
[16:16:54.858948] {mesa vk display queue} wl_buffer#134.release()
[16:16:54.858950] {mesa vk display queue} wl_buffer#118.release()
[16:16:54.859057]  -> wl_surface#71.frame(new id wl_callback#143)
[16:16:54.859062] {Default Queue}  -> wp_presentation#19.feedback(wl_surface#71, new id wp_presentation_feedback#130)
[16:16:54.859065]  -> wl_surface#71.offset(0, 0)
[16:16:54.859081] {mesa vk display queue}  -> wl_surface#71.attach(wl_buffer#134, 0, 0)
[16:16:54.859084] {mesa vk display queue}  -> wl_surface#71.damage_buffer(25, 16, 1, 18)
[16:16:54.859087] {mesa vk display queue}  -> wl_surface#71.commit()
[16:16:54.875534] {Display Queue} wl_display#1.delete_id(137)
[16:16:54.875545] {Display Queue} wl_display#1.delete_id(143)
[16:16:54.875547] {Default Queue} wp_presentation_feedback#137.sync_output(wl_output#29)
[16:16:54.875550] {Default Queue} wp_presentation_feedback#137.presented(0, 94880, 810844315, 0, 0, 0, 1)
[16:16:54.875556] {Default Queue} wl_callback#143.done(94880810)
[16:16:54.875746]  -> wl_surface#71.frame(new id wl_callback#143)
[16:16:54.875752] {Default Queue}  -> wp_presentation#19.feedback(wl_surface#71, new id wp_presentation_feedback#137)
[16:16:54.875756]  -> wl_surface#71.offset(0, 0)
[16:16:54.875774] {mesa vk display queue}  -> wl_surface#71.attach(wl_buffer#118, 0, 0)
[16:16:54.875777] {mesa vk display queue}  -> wl_surface#71.damage_buffer(25, 16, 1, 18)
[16:16:54.875780] {mesa vk display queue}  -> wl_surface#71.commit()
[16:16:54.892430] {Display Queue} wl_display#1.delete_id(130)
[16:16:54.892443] {Display Queue} wl_display#1.delete_id(143)
[16:16:54.892447] {Default Queue} wp_presentation_feedback#130.sync_output(wl_output#29)
[16:16:54.892450] {Default Queue} wp_presentation_feedback#130.presented(0, 94880, 827701740, 0, 0, 0, 1)
[16:16:54.892456] {Default Queue} wl_callback#143.done(94880827)
[16:16:54.892677]  -> wl_surface#71.frame(new id wl_callback#143)
[16:16:54.892685] {Default Queue}  -> wp_presentation#19.feedback(wl_surface#71, new id wp_presentation_feedback#130)
[16:16:54.892690]  -> wl_surface#71.offset(0, 0)
[16:16:54.892713] {mesa vk display queue}  -> wl_surface#71.attach(wl_buffer#139, 0, 0)
[16:16:54.892717] {mesa vk display queue}  -> wl_surface#71.damage_buffer(25, 16, 1, 18)
[16:16:54.892721] {mesa vk display queue}  -> wl_surface#71.commit()
[16:16:54.908839] {Display Queue} wl_display#1.delete_id(137)
[16:16:54.908849] {Display Queue} wl_display#1.delete_id(143)
[16:16:54.908852] {Default Queue} wp_presentation_feedback#137.sync_output(wl_output#29)
[16:16:54.908854] {Default Queue} wp_presentation_feedback#137.presented(0, 94880, 844197943, 0, 0, 0, 1)
[16:16:54.908859] {Default Queue} wl_callback#143.done(94880844)
[16:16:54.908944] {mesa vk display queue} wl_buffer#144.release()
[16:16:54.908948] {mesa vk display queue} wl_buffer#134.release()
[16:16:54.908950] {mesa vk display queue} wl_buffer#118.release()
[16:16:54.909055]  -> wl_surface#71.frame(new id wl_callback#143)
[16:16:54.909061] {Default Queue}  -> wp_presentation#19.feedback(wl_surface#71, new id wp_presentation_feedback#137)
[16:16:54.909064]  -> wl_surface#71.offset(0, 0)
[16:16:54.909078] {mesa vk display queue}  -> wl_surface#71.attach(wl_buffer#134, 0, 0)
[16:16:54.909081] {mesa vk display queue}  -> wl_surface#71.damage_buffer(25, 16, 1, 18)
[16:16:54.909084] {mesa vk display queue}  -> wl_surface#71.commit()
[16:16:54.925800] {Display Queue} wl_display#1.delete_id(130)
[16:16:54.925810] {Display Queue} wl_display#1.delete_id(143)
[16:16:54.925812] {Default Queue} wp_presentation_feedback#130.sync_output(wl_output#29)
[16:16:54.925815] {Default Queue} wp_presentation_feedback#130.presented(0, 94880, 861141845, 0, 0, 0, 1)
[16:16:54.925828] {Default Queue} wl_callback#143.done(94880861)
[16:16:54.926041]  -> wl_surface#71.frame(new id wl_callback#143)
[16:16:54.926047] {Default Queue}  -> wp_presentation#19.feedback(wl_surface#71, new id wp_presentation_feedback#130)
[16:16:54.926051]  -> wl_surface#71.offset(0, 0)
[16:16:54.926068] {mesa vk display queue}  -> wl_surface#71.attach(wl_buffer#118, 0, 0)
[16:16:54.926071] {mesa vk display queue}  -> wl_surface#71.damage_buffer(25, 16, 1, 18)
[16:16:54.926073] {mesa vk display queue}  -> wl_surface#71.commit()
[16:16:54.942289] {Display Queue} wl_display#1.delete_id(137)
[16:16:54.942304] {Display Queue} wl_display#1.delete_id(143)
[16:16:54.942308] {Default Queue} wp_presentation_feedback#137.sync_output(wl_output#29)
[16:16:54.942312] {Default Queue} wp_presentation_feedback#137.presented(0, 94880, 877525714, 0, 0, 0, 1)
[16:16:54.942319] {Default Queue} wl_callback#143.done(94880877)
[16:16:54.942589]  -> wl_surface#71.frame(new id wl_callback#143)
[16:16:54.942599] {Default Queue}  -> wp_presentation#19.feedback(wl_surface#71, new id wp_presentation_feedback#137)
[16:16:54.942603]  -> wl_surface#71.offset(0, 0)
[16:16:54.942629] {mesa vk display queue}  -> wl_surface#71.attach(wl_buffer#144, 0, 0)
[16:16:54.942634] {mesa vk display queue}  -> wl_surface#71.damage_buffer(25, 16, 1, 18)
[16:16:54.942638] {mesa vk display queue}  -> wl_surface#71.commit()
[16:16:54.959136] {Display Queue} wl_display#1.delete_id(130)
[16:16:54.959146] {Display Queue} wl_display#1.delete_id(143)
[16:16:54.959149] {Default Queue} wp_presentation_feedback#130.sync_output(wl_output#29)
[16:16:54.959152] {Default Queue} wp_presentation_feedback#130.presented(0, 94880, 894296909, 0, 0, 0, 1)
[16:16:54.959156] {Default Queue} wl_callback#143.done(94880894)
[16:16:54.959293] {mesa vk display queue} wl_buffer#139.release()
[16:16:54.959302] {mesa vk display queue} wl_buffer#134.release()
[16:16:54.959305] {mesa vk display queue} wl_buffer#118.release()
[16:16:54.959479]  -> wl_surface#71.frame(new id wl_callback#143)
[16:16:54.959490] {Default Queue}  -> wp_presentation#19.feedback(wl_surface#71, new id wp_presentation_feedback#130)
[16:16:54.959496]  -> wl_surface#71.offset(0, 0)
[16:16:54.959526] {mesa vk display queue}  -> wl_surface#71.attach(wl_buffer#134, 0, 0)
[16:16:54.959532] {mesa vk display queue}  -> wl_surface#71.damage_buffer(25, 16, 1, 18)
[16:16:54.959537] {mesa vk display queue}  -> wl_surface#71.commit()
[16:16:54.975765] {Display Queue} wl_display#1.delete_id(137)
[16:16:54.975776] {Display Queue} wl_display#1.delete_id(143)
[16:16:54.975779] {Default Queue} wp_presentation_feedback#137.sync_output(wl_output#29)
[16:16:54.975781] {Default Queue} wp_presentation_feedback#137.presented(0, 94880, 911067379, 0, 0, 0, 1)
[16:16:54.975787] {Default Queue} wl_callback#143.done(94880911)
[16:16:54.975999]  -> wl_surface#71.frame(new id wl_callback#143)
[16:16:54.976006] {Default Queue}  -> wp_presentation#19.feedback(wl_surface#71, new id wp_presentation_feedback#137)
[16:16:54.976009]  -> wl_surface#71.offset(0, 0)
[16:16:54.976027] {mesa vk display queue}  -> wl_surface#71.attach(wl_buffer#118, 0, 0)
[16:16:54.976030] {mesa vk display queue}  -> wl_surface#71.damage_buffer(25, 16, 1, 18)
[16:16:54.976032] {mesa vk display queue}  -> wl_surface#71.commit()
[16:16:54.992299] {Display Queue} wl_display#1.delete_id(130)
[16:16:54.992317] {Display Queue} wl_display#1.delete_id(143)
[16:16:54.992322] {Default Queue} wp_presentation_feedback#130.sync_output(wl_output#29)
[16:16:54.992327] {Default Queue} wp_presentation_feedback#130.presented(0, 94880, 927578092, 0, 0, 0, 1)
[16:16:54.992335] {Default Queue} wl_callback#143.done(94880927)
[16:16:54.992605]  -> wl_surface#71.frame(new id wl_callback#143)
[16:16:54.992618] {Default Queue}  -> wp_presentation#19.feedback(wl_surface#71, new id wp_presentation_feedback#130)
[16:16:54.992623]  -> wl_surface#71.offset(0, 0)
[16:16:54.992655] {mesa vk display queue}  -> wl_surface#71.attach(wl_buffer#139, 0, 0)
[16:16:54.992661] {mesa vk display queue}  -> wl_surface#71.damage_buffer(25, 16, 1, 18)
[16:16:54.992675] {mesa vk display queue}  -> wl_surface#71.commit()
[16:16:55.008880] {Display Queue} wl_display#1.delete_id(137)
[16:16:55.008890] {Display Queue} wl_display#1.delete_id(143)
[16:16:55.008892] {Default Queue} wp_presentation_feedback#137.sync_output(wl_output#29)
[16:16:55.008895] {Default Queue} wp_presentation_feedback#137.presented(0, 94880, 944247459, 0, 0, 0, 1)
[16:16:55.008899] {Default Queue} wl_callback#143.done(94880944)
[16:16:55.008985] {mesa vk display queue} wl_buffer#144.release()
[16:16:55.008989] {mesa vk display queue} wl_buffer#134.release()
[16:16:55.008991] {mesa vk display queue} wl_buffer#118.release()
[16:16:55.009099]  -> wl_surface#71.frame(new id wl_callback#143)
[16:16:55.009104] {Default Queue}  -> wp_presentation#19.feedback(wl_surface#71, new id wp_presentation_feedback#137)
[16:16:55.009107]  -> wl_surface#71.offset(0, 0)
[16:16:55.009122] {mesa vk display queue}  -> wl_surface#71.attach(wl_buffer#134, 0, 0)
[16:16:55.009125] {mesa vk display queue}  -> wl_surface#71.damage_buffer(25, 16, 1, 18)
[16:16:55.009128] {mesa vk display queue}  -> wl_surface#71.commit()
[16:16:55.025784] {Display Queue} wl_display#1.delete_id(130)
[16:16:55.025794] {Display Queue} wl_display#1.delete_id(143)
[16:16:55.025797] {Default Queue} wp_presentation_feedback#130.sync_output(wl_output#29)
[16:16:55.025800] {Default Queue} wp_presentation_feedback#130.presented(0, 94880, 961108411, 0, 0, 0, 1)
[16:16:55.025805] {Default Queue} wl_callback#143.done(94880961)
[16:16:55.026000]  -> wl_surface#71.frame(new id wl_callback#143)
[16:16:55.026006] {Default Queue}  -> wp_presentation#19.feedback(wl_surface#71, new id wp_presentation_feedback#130)
[16:16:55.026010]  -> wl_surface#71.offset(0, 0)
[16:16:55.026028] {mesa vk display queue}  -> wl_surface#71.attach(wl_buffer#118, 0, 0)
[16:16:55.026032] {mesa vk display queue}  -> wl_surface#71.damage_buffer(25, 16, 1, 18)
[16:16:55.026034] {mesa vk display queue}  -> wl_surface#71.commit()
[16:16:55.042282] {Display Queue} wl_display#1.delete_id(137)
[16:16:55.042292] {Display Queue} wl_display#1.delete_id(143)
[16:16:55.042295] {Default Queue} wp_presentation_feedback#137.sync_output(wl_output#29)
[16:16:55.042297] {Default Queue} wp_presentation_feedback#137.presented(0, 94880, 977542803, 0, 0, 0, 1)
[16:16:55.042302] {Default Queue} wl_callback#143.done(94880977)
[16:16:55.058922] {Display Queue} wl_display#1.delete_id(130)
[16:16:55.058939] {Default Queue} wp_presentation_feedback#130.sync_output(wl_output#29)
[16:16:55.058943] {Default Queue} wp_presentation_feedback#130.presented(0, 94880, 994173302, 0, 0, 0, 1)
[16:16:55.077347] {Default Queue} xdg_wm_base#38.ping(1337)
[16:16:55.077361] {Default Queue}  -> xdg_wm_base#38.pong(1337)
[16:16:55.326302]  -> wl_surface#71.frame(new id wl_callback#130)
[16:16:55.326319] {Default Queue}  -> wp_presentation#19.feedback(wl_surface#71, new id wp_presentation_feedback#143)
[16:16:55.326324]  -> wl_surface#71.offset(0, 0)
[16:16:55.326350] {mesa vk display queue}  -> wl_surface#71.attach(wl_buffer#144, 0, 0)
[16:16:55.326353] {mesa vk display queue}  -> wl_surface#71.damage_buffer(25, 16, 1, 18)
[16:16:55.326356] {mesa vk display queue}  -> wl_surface#71.commit()
[16:16:55.342036] {Display Queue} wl_display#1.delete_id(130)
[16:16:55.342044] {Default Queue} wl_callback#130.done(94881277)
[16:16:55.342181] {mesa vk display queue} wl_buffer#139.release()
[16:16:55.342185] {mesa vk display queue} wl_buffer#134.release()
[16:16:55.342187] {mesa vk display queue} wl_buffer#118.release()
[16:16:55.342366]  -> wl_surface#71.frame(new id wl_callback#130)
[16:16:55.342374] {Default Queue}  -> wp_presentation#19.feedback(wl_surface#71, new id wp_presentation_feedback#137)
[16:16:55.342378]  -> wl_surface#71.offset(0, 0)
[16:16:55.342398] {mesa vk display queue}  -> wl_surface#71.attach(wl_buffer#134, 0, 0)
[16:16:55.342402] {mesa vk display queue}  -> wl_surface#71.damage_buffer(25, 16, 1, 18)
[16:16:55.342404] {mesa vk display queue}  -> wl_surface#71.commit()
[16:16:55.358995] {Display Queue} wl_display#1.delete_id(143)
[16:16:55.359011] {Display Queue} wl_display#1.delete_id(130)
[16:16:55.359025] {Default Queue} wp_presentation_feedback#143.sync_output(wl_output#29)
[16:16:55.359028] {Default Queue} wp_presentation_feedback#143.presented(0, 94881, 294395468, 0, 0, 0, 1)
[16:16:55.359035] {Default Queue} wl_callback#130.done(94881294)
[16:16:55.359259]  -> wl_surface#71.frame(new id wl_callback#130)
[16:16:55.359265] {Default Queue}  -> wp_presentation#19.feedback(wl_surface#71, new id wp_presentation_feedback#143)
[16:16:55.359269]  -> wl_surface#71.offset(0, 0)
[16:16:55.359288] {mesa vk display queue}  -> wl_surface#71.attach(wl_buffer#118, 0, 0)
[16:16:55.359291] {mesa vk display queue}  -> wl_surface#71.damage_buffer(25, 16, 1, 18)
[16:16:55.359294] {mesa vk display queue}  -> wl_surface#71.commit()
[16:16:55.375322] {Display Queue} wl_display#1.delete_id(137)
[16:16:55.375329] {Display Queue} wl_display#1.delete_id(130)
[16:16:55.375331] {Default Queue} wp_presentation_feedback#137.sync_output(wl_output#29)
[16:16:55.375334] {Default Queue} wp_presentation_feedback#137.presented(0, 94881, 310732115, 0, 0, 0, 1)
[16:16:55.375340] {Default Queue} wl_callback#130.done(94881310)
[16:16:55.375553]  -> wl_surface#71.frame(new id wl_callback#130)
[16:16:55.375560] {Default Queue}  -> wp_presentation#19.feedback(wl_surface#71, new id wp_presentation_feedback#137)
[16:16:55.375563]  -> wl_surface#71.offset(0, 0)
[16:16:55.375582] {mesa vk display queue}  -> wl_surface#71.attach(wl_buffer#139, 0, 0)
[16:16:55.375585] {mesa vk display queue}  -> wl_surface#71.damage_buffer(25, 16, 1, 18)
[16:16:55.375588] {mesa vk display queue}  -> wl_surface#71.commit()
[16:16:55.392074] {Display Queue} wl_display#1.delete_id(143)
[16:16:55.392081] {Display Queue} wl_display#1.delete_id(130)
[16:16:55.392083] {Default Queue} wp_presentation_feedback#143.sync_output(wl_output#29)
[16:16:55.392085] {Default Queue} wp_presentation_feedback#143.presented(0, 94881, 327501469, 0, 0, 0, 1)
[16:16:55.392090] {Default Queue} wl_callback#130.done(94881327)
[16:16:55.392181] {mesa vk display queue} wl_buffer#144.release()
[16:16:55.392186] {mesa vk display queue} wl_buffer#134.release()
[16:16:55.392188] {mesa vk display queue} wl_buffer#118.release()
[16:16:55.392305]  -> wl_surface#71.frame(new id wl_callback#130)
[16:16:55.392311] {Default Queue}  -> wp_presentation#19.feedback(wl_surface#71, new id wp_presentation_feedback#143)
[16:16:55.392314]  -> wl_surface#71.offset(0, 0)
[16:16:55.392329] {mesa vk display queue}  -> wl_surface#71.attach(wl_buffer#134, 0, 0)
[16:16:55.392332] {mesa vk display queue}  -> wl_surface#71.damage_buffer(25, 16, 1, 18)
[16:16:55.392335] {mesa vk display queue}  -> wl_surface#71.commit()
[16:16:55.408922] {Display Queue} wl_display#1.delete_id(137)
[16:16:55.408929] {Display Queue} wl_display#1.delete_id(130)
[16:16:55.408931] {Default Queue} wp_presentation_feedback#137.sync_output(wl_output#29)
[16:16:55.408933] {Default Queue} wp_presentation_feedback#137.presented(0, 94881, 344328135, 0, 0, 0, 1)
[16:16:55.408939] {Default Queue} wl_callback#130.done(94881344)
[16:16:55.409149]  -> wl_surface#71.frame(new id wl_callback#130)
[16:16:55.409154] {Default Queue}  -> wp_presentation#19.feedback(wl_surface#71, new id wp_presentation_feedback#137)
[16:16:55.409158]  -> wl_surface#71.offset(0, 0)
[16:16:55.409174] {mesa vk display queue}  -> wl_surface#71.attach(wl_buffer#118, 0, 0)
[16:16:55.409177] {mesa vk display queue}  -> wl_surface#71.damage_buffer(25, 16, 1, 18)
[16:16:55.409180] {mesa vk display queue}  -> wl_surface#71.commit()
[16:16:55.425446] {Display Queue} wl_display#1.delete_id(143)
[16:16:55.425458] {Display Queue} wl_display#1.delete_id(130)
[16:16:55.425460] {Default Queue} wp_presentation_feedback#143.sync_output(wl_output#29)
[16:16:55.425463] {Default Queue} wp_presentation_feedback#143.presented(0, 94881, 360812946, 0, 0, 0, 1)
[16:16:55.425468] {Default Queue} wl_callback#130.done(94881360)
[16:16:55.425684]  -> wl_surface#71.frame(new id wl_callback#130)
[16:16:55.425696] {Default Queue}  -> wp_presentation#19.feedback(wl_surface#71, new id wp_presentation_feedback#143)
[16:16:55.425705]  -> wl_surface#71.offset(0, 0)
[16:16:55.425723] {mesa vk display queue}  -> wl_surface#71.attach(wl_buffer#144, 0, 0)
[16:16:55.425726] {mesa vk display queue}  -> wl_surface#71.damage_buffer(25, 16, 1, 18)
[16:16:55.425728] {mesa vk display queue}  -> wl_surface#71.commit()
[16:16:55.442399] {Display Queue} wl_display#1.delete_id(137)
[16:16:55.442408] {Display Queue} wl_display#1.delete_id(130)
[16:16:55.442411] {Default Queue} wp_presentation_feedback#137.sync_output(wl_output#29)
[16:16:55.442414] {Default Queue} wp_presentation_feedback#137.presented(0, 94881, 377710953, 0, 0, 0, 1)
[16:16:55.442419] {Default Queue} wl_callback#130.done(94881377)
[16:16:55.442505] {mesa vk display queue} wl_buffer#139.release()
[16:16:55.442509] {mesa vk display queue} wl_buffer#134.release()
[16:16:55.442511] {mesa vk display queue} wl_buffer#118.release()
[16:16:55.442611]  -> wl_surface#71.frame(new id wl_callback#130)
[16:16:55.442617] {Default Queue}  -> wp_presentation#19.feedback(wl_surface#71, new id wp_presentation_feedback#137)
[16:16:55.442620]  -> wl_surface#71.offset(0, 0)
[16:16:55.442635] {mesa vk display queue}  -> wl_surface#71.attach(wl_buffer#134, 0, 0)
[16:16:55.442638] {mesa vk display queue}  -> wl_surface#71.damage_buffer(25, 16, 1, 18)
[16:16:55.442641] {mesa vk display queue}  -> wl_surface#71.commit()
[16:16:55.458895] {Display Queue} wl_display#1.delete_id(143)
[16:16:55.458906] {Display Queue} wl_display#1.delete_id(130)
[16:16:55.458909] {Default Queue} wp_presentation_feedback#143.sync_output(wl_output#29)
[16:16:55.458912] {Default Queue} wp_presentation_feedback#143.presented(0, 94881, 394243541, 0, 0, 0, 1)
[16:16:55.458917] {Default Queue} wl_callback#130.done(94881394)
[16:16:55.459126]  -> wl_surface#71.frame(new id wl_callback#130)
[16:16:55.459133] {Default Queue}  -> wp_presentation#19.feedback(wl_surface#71, new id wp_presentation_feedback#143)
[16:16:55.459136]  -> wl_surface#71.offset(0, 0)
[16:16:55.459155] {mesa vk display queue}  -> wl_surface#71.attach(wl_buffer#118, 0, 0)
[16:16:55.459159] {mesa vk display queue}  -> wl_surface#71.damage_buffer(25, 16, 1, 18)
[16:16:55.459161] {mesa vk display queue}  -> wl_surface#71.commit()
[16:16:55.475747] {Display Queue} wl_display#1.delete_id(137)
[16:16:55.475767] {Display Queue} wl_display#1.delete_id(130)
[16:16:55.475772] {Default Queue} wp_presentation_feedback#137.sync_output(wl_output#29)
[16:16:55.475777] {Default Queue} wp_presentation_feedback#137.presented(0, 94881, 411065042, 0, 0, 0, 1)
[16:16:55.475784] {Default Queue} wl_callback#130.done(94881411)
[16:16:55.475988]  -> wl_surface#71.frame(new id wl_callback#130)
[16:16:55.475993] {Default Queue}  -> wp_presentation#19.feedback(wl_surface#71, new id wp_presentation_feedback#137)
[16:16:55.475998]  -> wl_surface#71.offset(0, 0)
[16:16:55.476019] {mesa vk display queue}  -> wl_surface#71.attach(wl_buffer#139, 0, 0)
[16:16:55.476022] {mesa vk display queue}  -> wl_surface#71.damage_buffer(25, 16, 1, 18)
[16:16:55.476025] {mesa vk display queue}  -> wl_surface#71.commit()
[16:16:55.492105] {Display Queue} wl_display#1.delete_id(143)
[16:16:55.492129] {Display Queue} wl_display#1.delete_id(130)
[16:16:55.492133] {Default Queue} wp_presentation_feedback#143.sync_output(wl_output#29)
[16:16:55.492137] {Default Queue} wp_presentation_feedback#143.presented(0, 94881, 427457562, 0, 0, 0, 1)
[16:16:55.492144] {Default Queue} wl_callback#130.done(94881427)
[16:16:55.492254] {mesa vk display queue} wl_buffer#144.release()
[16:16:55.492256] {mesa vk display queue} wl_buffer#134.release()
[16:16:55.492258] {mesa vk display queue} wl_buffer#118.release()
[16:16:55.492379]  -> wl_surface#71.frame(new id wl_callback#130)
[16:16:55.492383] {Default Queue}  -> wp_presentation#19.feedback(wl_surface#71, new id wp_presentation_feedback#143)
[16:16:55.492387]  -> wl_surface#71.offset(0, 0)
[16:16:55.492405] {mesa vk display queue}  -> wl_surface#71.attach(wl_buffer#134, 0, 0)
[16:16:55.492414] {mesa vk display queue}  -> wl_surface#71.damage_buffer(25, 16, 1, 18)
[16:16:55.492422] {mesa vk display queue}  -> wl_surface#71.commit()
[16:16:55.509008] {Display Queue} wl_display#1.delete_id(137)
[16:16:55.509018] {Display Queue} wl_display#1.delete_id(130)
[16:16:55.509021] {Default Queue} wp_presentation_feedback#137.sync_output(wl_output#29)
[16:16:55.509023] {Default Queue} wp_presentation_feedback#137.presented(0, 94881, 444449223, 0, 0, 0, 1)
[16:16:55.509027] {Default Queue} wl_callback#130.done(94881444)
[16:16:55.509182]  -> wl_surface#71.frame(new id wl_callback#130)
[16:16:55.509186] {Default Queue}  -> wp_presentation#19.feedback(wl_surface#71, new id wp_presentation_feedback#137)
[16:16:55.509189]  -> wl_surface#71.offset(0, 0)
[16:16:55.509204] {mesa vk display queue}  -> wl_surface#71.attach(wl_buffer#118, 0, 0)
[16:16:55.509207] {mesa vk display queue}  -> wl_surface#71.damage_buffer(25, 16, 1, 18)
[16:16:55.509209] {mesa vk display queue}  -> wl_surface#71.commit()
[16:16:55.526006] {Display Queue} wl_display#1.delete_id(143)
[16:16:55.526022] {Display Queue} wl_display#1.delete_id(130)
[16:16:55.526026] {Default Queue} wp_presentation_feedback#143.sync_output(wl_output#29)
[16:16:55.526030] {Default Queue} wp_presentation_feedback#143.presented(0, 94881, 461201055, 0, 0, 0, 1)
[16:16:55.526037] {Default Queue} wl_callback#130.done(94881461)
[16:16:55.526314]  -> wl_surface#71.frame(new id wl_callback#130)
[16:16:55.526322] {Default Queue}  -> wp_presentation#19.feedback(wl_surface#71, new id wp_presentation_feedback#143)
[16:16:55.526328]  -> wl_surface#71.offset(0, 0)
[16:16:55.526357] {mesa vk display queue}  -> wl_surface#71.attach(wl_buffer#144, 0, 0)
[16:16:55.526363] {mesa vk display queue}  -> wl_surface#71.damage_buffer(25, 16, 1, 18)
[16:16:55.526367] {mesa vk display queue}  -> wl_surface#71.commit()
[16:16:55.542108] {Display Queue} wl_display#1.delete_id(137)
[16:16:55.542117] {Display Queue} wl_display#1.delete_id(130)
[16:16:55.542120] {Default Queue} wp_presentation_feedback#137.sync_output(wl_output#29)
[16:16:55.542122] {Default Queue} wp_presentation_feedback#137.presented(0, 94881, 477494561, 0, 0, 0, 1)
[16:16:55.542126] {Default Queue} wl_callback#130.done(94881477)
[16:16:55.542195] {mesa vk display queue} wl_buffer#139.release()
[16:16:55.542198] {mesa vk display queue} wl_buffer#134.release()
[16:16:55.542199] {mesa vk display queue} wl_buffer#118.release()
[16:16:55.542293]  -> wl_surface#71.frame(new id wl_callback#130)
[16:16:55.542297] {Default Queue}  -> wp_presentation#19.feedback(wl_surface#71, new id wp_presentation_feedback#137)
[16:16:55.542300]  -> wl_surface#71.offset(0, 0)
[16:16:55.542314] {mesa vk display queue}  -> wl_surface#71.attach(wl_buffer#134, 0, 0)
[16:16:55.542316] {mesa vk display queue}  -> wl_surface#71.damage_buffer(25, 16, 1, 18)
[16:16:55.542318] {mesa vk display queue}  -> wl_surface#71.commit()
[16:16:55.558740] {Display Queue} wl_display#1.delete_id(143)
[16:16:55.558750] {Display Queue} wl_display#1.delete_id(130)
[16:16:55.558752] {Default Queue} wp_presentation_feedback#143.sync_output(wl_output#29)
[16:16:55.558754] {Default Queue} wp_presentation_feedback#143.presented(0, 94881, 494243353, 0, 0, 0, 1)
[16:16:55.558758] {Default Queue} wl_callback#130.done(94881494)
[16:16:55.558896]  -> wl_surface#71.frame(new id wl_callback#130)
[16:16:55.558899] {Default Queue}  -> wp_presentation#19.feedback(wl_surface#71, new id wp_presentation_feedback#143)
[16:16:55.558902]  -> wl_surface#71.offset(0, 0)
[16:16:55.558917] {mesa vk display queue}  -> wl_surface#71.attach(wl_buffer#118, 0, 0)
[16:16:55.558919] {mesa vk display queue}  -> wl_surface#71.damage_buffer(25, 16, 1, 18)
[16:16:55.558921] {mesa vk display queue}  -> wl_surface#71.commit()
[16:16:55.575472] {Display Queue} wl_display#1.delete_id(137)
[16:16:55.575496] {Display Queue} wl_display#1.delete_id(130)
[16:16:55.575500] {Default Queue} wp_presentation_feedback#137.sync_output(wl_output#29)
[16:16:55.575503] {Default Queue} wp_presentation_feedback#137.presented(0, 94881, 510837568, 0, 0, 0, 1)
[16:16:55.575517] {Default Queue} wl_callback#130.done(94881510)
[16:16:55.575723]  -> wl_surface#71.frame(new id wl_callback#130)
[16:16:55.575728] {Default Queue}  -> wp_presentation#19.feedback(wl_surface#71, new id wp_presentation_feedback#137)
[16:16:55.575733]  -> wl_surface#71.offset(0, 0)
[16:16:55.575752] {mesa vk display queue}  -> wl_surface#71.attach(wl_buffer#139, 0, 0)
[16:16:55.575754] {mesa vk display queue}  -> wl_surface#71.damage_buffer(25, 16, 1, 18)
[16:16:55.575756] {mesa vk display queue}  -> wl_surface#71.commit()
[16:16:55.592346] {Display Queue} wl_display#1.delete_id(143)
[16:16:55.592364] {Display Queue} wl_display#1.delete_id(130)
[16:16:55.592369] {Default Queue} wp_presentation_feedback#143.sync_output(wl_output#29)
[16:16:55.592373] {Default Queue} wp_presentation_feedback#143.presented(0, 94881, 527699912, 0, 0, 0, 1)
[16:16:55.592380] {Default Queue} wl_callback#130.done(94881527)
[16:16:55.592491] {mesa vk display queue} wl_buffer#144.release()
[16:16:55.592494] {mesa vk display queue} wl_buffer#134.release()
[16:16:55.592495] {mesa vk display queue} wl_buffer#118.release()
[16:16:55.592592]  -> wl_surface#71.frame(new id wl_callback#130)
[16:16:55.592595] {Default Queue}  -> wp_presentation#19.feedback(wl_surface#71, new id wp_presentation_feedback#143)
[16:16:55.592598]  -> wl_surface#71.offset(0, 0)
[16:16:55.592613] {mesa vk display queue}  -> wl_surface#71.attach(wl_buffer#134, 0, 0)
[16:16:55.592616] {mesa vk display queue}  -> wl_surface#71.damage_buffer(25, 16, 1, 18)
[16:16:55.592618] {mesa vk display queue}  -> wl_surface#71.commit()
[16:16:55.608713] {Display Queue} wl_display#1.delete_id(137)
[16:16:55.608729] {Display Queue} wl_display#1.delete_id(130)
[16:16:55.608733] {Default Queue} wp_presentation_feedback#137.sync_output(wl_output#29)
[16:16:55.608737] {Default Queue} wp_presentation_feedback#137.presented(0, 94881, 544154659, 0, 0, 0, 1)
[16:16:55.608744] {Default Queue} wl_callback#130.done(94881544)
[16:16:55.608934]  -> wl_surface#71.frame(new id wl_callback#130)
[16:16:55.608938] {Default Queue}  -> wp_presentation#19.feedback(wl_surface#71, new id wp_presentation_feedback#137)
[16:16:55.608941]  -> wl_surface#71.offset(0, 0)
[16:16:55.608957] {mesa vk display queue}  -> wl_surface#71.attach(wl_buffer#118, 0, 0)
[16:16:55.608959] {mesa vk display queue}  -> wl_surface#71.damage_buffer(25, 16, 1, 18)
[16:16:55.608961] {mesa vk display queue}  -> wl_surface#71.commit()
[16:16:55.625406] {Display Queue} wl_display#1.delete_id(143)
[16:16:55.625416] {Display Queue} wl_display#1.delete_id(130)
[16:16:55.625418] {Default Queue} wp_presentation_feedback#143.sync_output(wl_output#29)
[16:16:55.625420] {Default Queue} wp_presentation_feedback#143.presented(0, 94881, 560867005, 0, 0, 0, 1)
[16:16:55.625424] {Default Queue} wl_callback#130.done(94881560)
[16:16:55.625576]  -> wl_surface#71.frame(new id wl_callback#130)
[16:16:55.625580] {Default Queue}  -> wp_presentation#19.feedback(wl_surface#71, new id wp_presentation_feedback#143)
[16:16:55.625584]  -> wl_surface#71.offset(0, 0)
[16:16:55.625601] {mesa vk display queue}  -> wl_surface#71.attach(wl_buffer#144, 0, 0)
[16:16:55.625604] {mesa vk display queue}  -> wl_surface#71.damage_buffer(25, 16, 1, 18)
[16:16:55.625606] {mesa vk display queue}  -> wl_surface#71.commit()
[16:16:55.642456] {Display Queue} wl_display#1.delete_id(137)
[16:16:55.642473] {Display Queue} wl_display#1.delete_id(130)
[16:16:55.642477] {Default Queue} wp_presentation_feedback#137.sync_output(wl_output#29)
[16:16:55.642481] {Default Queue} wp_presentation_feedback#137.presented(0, 94881, 577870560, 0, 0, 0, 1)
[16:16:55.642488] {Default Queue} wl_callback#130.done(94881577)
[16:16:55.659176] {Display Queue} wl_display#1.delete_id(143)
[16:16:55.659187] {Default Queue} wp_presentation_feedback#143.sync_output(wl_output#29)
[16:16:55.659190] {Default Queue} wp_presentation_feedback#143.presented(0, 94881, 594547962, 0, 0, 0, 1)
[16:16:55.925625] {mesa vk display queue} wl_buffer#139.release()
[16:16:55.925636] {mesa vk display queue} wl_buffer#134.release()
[16:16:55.925644] {mesa vk display queue} wl_buffer#118.release()
[16:16:55.925786]  -> wl_surface#71.frame(new id wl_callback#143)
[16:16:55.925791] {Default Queue}  -> wp_presentation#19.feedback(wl_surface#71, new id wp_presentation_feedback#130)
[16:16:55.925794]  -> wl_surface#71.offset(0, 0)
[16:16:55.925811] {mesa vk display queue}  -> wl_surface#71.attach(wl_buffer#134, 0, 0)
[16:16:55.925814] {mesa vk display queue}  -> wl_surface#71.damage_buffer(25, 16, 1, 18)
[16:16:55.925816] {mesa vk display queue}  -> wl_surface#71.commit()
[16:16:55.942282] {Display Queue} wl_display#1.delete_id(143)
[16:16:55.942288] {Default Queue} wl_callback#143.done(94881877)
[16:16:55.942428]  -> wl_surface#71.frame(new id wl_callback#143)
[16:16:55.942433] {Default Queue}  -> wp_presentation#19.feedback(wl_surface#71, new id wp_presentation_feedback#137)
[16:16:55.942436]  -> wl_surface#71.offset(0, 0)
[16:16:55.942450] {mesa vk display queue}  -> wl_surface#71.attach(wl_buffer#118, 0, 0)
[16:16:55.942452] {mesa vk display queue}  -> wl_surface#71.damage_buffer(25, 16, 1, 18)
[16:16:55.942454] {mesa vk display queue}  -> wl_surface#71.commit()
[16:16:55.959056] {Display Queue} wl_display#1.delete_id(130)
[16:16:55.959073] {Display Queue} wl_display#1.delete_id(143)
[16:16:55.959077] {Default Queue} wp_presentation_feedback#130.sync_output(wl_output#29)
[16:16:55.959081] {Default Queue} wp_presentation_feedback#130.presented(0, 94881, 894298358, 0, 0, 0, 1)
[16:16:55.959088] {Default Queue} wl_callback#143.done(94881894)
[16:16:55.959307]  -> wl_surface#71.frame(new id wl_callback#143)
[16:16:55.959311] {Default Queue}  -> wp_presentation#19.feedback(wl_surface#71, new id wp_presentation_feedback#130)
[16:16:55.959315]  -> wl_surface#71.offset(0, 0)
[16:16:55.959332] {mesa vk display queue}  -> wl_surface#71.attach(wl_buffer#139, 0, 0)
[16:16:55.959335] {mesa vk display queue}  -> wl_surface#71.damage_buffer(25, 16, 1, 18)
[16:16:55.959337] {mesa vk display queue}  -> wl_surface#71.commit()
[16:16:55.975834] {Display Queue} wl_display#1.delete_id(137)
[16:16:55.975854] {Display Queue} wl_display#1.delete_id(143)
[16:16:55.975859] {Default Queue} wp_presentation_feedback#137.sync_output(wl_output#29)
[16:16:55.975864] {Default Queue} wp_presentation_feedback#137.presented(0, 94881, 911136265, 0, 0, 0, 1)
[16:16:55.975873] {Default Queue} wl_callback#143.done(94881911)
[16:16:55.975975] {mesa vk display queue} wl_buffer#144.release()
[16:16:55.975978] {mesa vk display queue} wl_buffer#134.release()
[16:16:55.975979] {mesa vk display queue} wl_buffer#118.release()
[16:16:55.976085]  -> wl_surface#71.frame(new id wl_callback#143)
[16:16:55.976088] {Default Queue}  -> wp_presentation#19.feedback(wl_surface#71, new id wp_presentation_feedback#137)
[16:16:55.976091]  -> wl_surface#71.offset(0, 0)
[16:16:55.976104] {mesa vk display queue}  -> wl_surface#71.attach(wl_buffer#134, 0, 0)
[16:16:55.976106] {mesa vk display queue}  -> wl_surface#71.damage_buffer(25, 16, 1, 18)
[16:16:55.976108] {mesa vk display queue}  -> wl_surface#71.commit()
[16:16:55.992237] {Display Queue} wl_display#1.delete_id(130)
[16:16:55.992260] {Display Queue} wl_display#1.delete_id(143)
[16:16:55.992264] {Default Queue} wp_presentation_feedback#130.sync_output(wl_output#29)
[16:16:55.992267] {Default Queue} wp_presentation_feedback#130.presented(0, 94881, 927550325, 0, 0, 0, 1)
[16:16:55.992274] {Default Queue} wl_callback#143.done(94881927)
[16:16:55.992502]  -> wl_surface#71.frame(new id wl_callback#143)
[16:16:55.992506] {Default Queue}  -> wp_presentation#19.feedback(wl_surface#71, new id wp_presentation_feedback#130)
[16:16:55.992509]  -> wl_surface#71.offset(0, 0)
[16:16:55.992526] {mesa vk display queue}  -> wl_surface#71.attach(wl_buffer#118, 0, 0)
[16:16:55.992528] {mesa vk display queue}  -> wl_surface#71.damage_buffer(25, 16, 1, 18)
[16:16:55.992530] {mesa vk display queue}  -> wl_surface#71.commit()
[16:16:56.009165] {Display Queue} wl_display#1.delete_id(137)
[16:16:56.009181] {Display Queue} wl_display#1.delete_id(143)
[16:16:56.009193] {Default Queue} wp_presentation_feedback#137.sync_output(wl_output#29)
[16:16:56.009207] {Default Queue} wp_presentation_feedback#137.presented(0, 94881, 944512405, 0, 0, 0, 1)
[16:16:56.009214] {Default Queue} wl_callback#143.done(94881944)
[16:16:56.009430]  -> wl_surface#71.frame(new id wl_callback#143)
[16:16:56.009434] {Default Queue}  -> wp_presentation#19.feedback(wl_surface#71, new id wp_presentation_feedback#137)
[16:16:56.009438]  -> wl_surface#71.offset(0, 0)
[16:16:56.009456] {mesa vk display queue}  -> wl_surface#71.attach(wl_buffer#144, 0, 0)
[16:16:56.009459] {mesa vk display queue}  -> wl_surface#71.damage_buffer(25, 16, 1, 18)
[16:16:56.009462] {mesa vk display queue}  -> wl_surface#71.commit()
[16:16:56.025737] {Display Queue} wl_display#1.delete_id(130)
[16:16:56.025747] {Display Queue} wl_display#1.delete_id(143)
[16:16:56.025749] {Default Queue} wp_presentation_feedback#130.sync_output(wl_output#29)
[16:16:56.025752] {Default Queue} wp_presentation_feedback#130.presented(0, 94881, 961100571, 0, 0, 0, 1)
[16:16:56.025756] {Default Queue} wl_callback#143.done(94881961)
[16:16:56.025837] {mesa vk display queue} wl_buffer#139.release()
[16:16:56.025839] {mesa vk display queue} wl_buffer#134.release()
[16:16:56.025841] {mesa vk display queue} wl_buffer#118.release()
[16:16:56.025937]  -> wl_surface#71.frame(new id wl_callback#143)
[16:16:56.025941] {Default Queue}  -> wp_presentation#19.feedback(wl_surface#71, new id wp_presentation_feedback#130)
[16:16:56.025943]  -> wl_surface#71.offset(0, 0)
[16:16:56.025957] {mesa vk display queue}  -> wl_surface#71.attach(wl_buffer#134, 0, 0)
[16:16:56.025960] {mesa vk display queue}  -> wl_surface#71.damage_buffer(25, 16, 1, 18)
[16:16:56.025962] {mesa vk display queue}  -> wl_surface#71.commit()
[16:16:56.042461] {Display Queue} wl_display#1.delete_id(137)
[16:16:56.042490] {Display Queue} wl_display#1.delete_id(143)
[16:16:56.042493] {Default Queue} wp_presentation_feedback#137.sync_output(wl_output#29)
[16:16:56.042497] {Default Queue} wp_presentation_feedback#137.presented(0, 94881, 977477537, 0, 0, 0, 1)
[16:16:56.042506] {Default Queue} wl_callback#143.done(94881977)
[16:16:56.042798]  -> wl_surface#71.frame(new id wl_callback#143)
[16:16:56.042803] {Default Queue}  -> wp_presentation#19.feedback(wl_surface#71, new id wp_presentation_feedback#137)
[16:16:56.042806]  -> wl_surface#71.offset(0, 0)
[16:16:56.042825] {mesa vk display queue}  -> wl_surface#71.attach(wl_buffer#118, 0, 0)
[16:16:56.042828] {mesa vk display queue}  -> wl_surface#71.damage_buffer(25, 16, 1, 18)
[16:16:56.042830] {mesa vk display queue}  -> wl_surface#71.commit()
[16:16:56.059307] {Display Queue} wl_display#1.delete_id(130)
[16:16:56.059319] {Display Queue} wl_display#1.delete_id(143)
[16:16:56.059322] {Default Queue} wp_presentation_feedback#130.sync_output(wl_output#29)
[16:16:56.059325] {Default Queue} wp_presentation_feedback#130.presented(0, 94881, 994537619, 0, 0, 0, 1)
[16:16:56.059331] {Default Queue} wl_callback#143.done(94881994)
[16:16:56.059637]  -> wl_surface#71.frame(new id wl_callback#143)
[16:16:56.059644] {Default Queue}  -> wp_presentation#19.feedback(wl_surface#71, new id wp_presentation_feedback#130)
[16:16:56.059647]  -> wl_surface#71.offset(0, 0)
[16:16:56.059671] {mesa vk display queue}  -> wl_surface#71.attach(wl_buffer#139, 0, 0)
[16:16:56.059675] {mesa vk display queue}  -> wl_surface#71.damage_buffer(25, 16, 1, 18)
[16:16:56.059677] {mesa vk display queue}  -> wl_surface#71.commit()
[16:16:56.075564] {Display Queue} wl_display#1.delete_id(137)
[16:16:56.075576] {Display Queue} wl_display#1.delete_id(143)
[16:16:56.075579] {Default Queue} wp_presentation_feedback#137.sync_output(wl_output#29)
[16:16:56.075582] {Default Queue} wp_presentation_feedback#137.presented(0, 94882, 10857419, 0, 0, 0, 1)
[16:16:56.075588] {Default Queue} wl_callback#143.done(94882010)
[16:16:56.075689] {mesa vk display queue} wl_buffer#144.release()
[16:16:56.075693] {mesa vk display queue} wl_buffer#134.release()
[16:16:56.075695] {mesa vk display queue} wl_buffer#118.release()
[16:16:56.075821]  -> wl_surface#71.frame(new id wl_callback#143)
[16:16:56.075839] {Default Queue}  -> wp_presentation#19.feedback(wl_surface#71, new id wp_presentation_feedback#137)
[16:16:56.075843]  -> wl_surface#71.offset(0, 0)
[16:16:56.075861] {mesa vk display queue}  -> wl_surface#71.attach(wl_buffer#134, 0, 0)
[16:16:56.075865] {mesa vk display queue}  -> wl_surface#71.damage_buffer(25, 16, 1, 18)
[16:16:56.075867] {mesa vk display queue}  -> wl_surface#71.commit()
[16:16:56.092225] {Display Queue} wl_display#1.delete_id(130)
[16:16:56.092236] {Display Queue} wl_display#1.delete_id(143)
[16:16:56.092239] {Default Queue} wp_presentation_feedback#130.sync_output(wl_output#29)
[16:16:56.092242] {Default Queue} wp_presentation_feedback#130.presented(0, 94882, 27466059, 0, 0, 0, 1)
[16:16:56.092253] {Default Queue} wl_callback#143.done(94882027)
[16:16:56.092469]  -> wl_surface#71.frame(new id wl_callback#143)
[16:16:56.092476] {Default Queue}  -> wp_presentation#19.feedback(wl_surface#71, new id wp_presentation_feedback#130)
[16:16:56.092479]  -> wl_surface#71.offset(0, 0)
[16:16:56.092497] {mesa vk display queue}  -> wl_surface#71.attach(wl_buffer#118, 0, 0)
[16:16:56.092500] {mesa vk display queue}  -> wl_surface#71.damage_buffer(25, 16, 1, 18)
[16:16:56.092503] {mesa vk display queue}  -> wl_surface#71.commit()
[16:16:56.108860] {Display Queue} wl_display#1.delete_id(137)
[16:16:56.108870] {Display Queue} wl_display#1.delete_id(143)
[16:16:56.108872] {Default Queue} wp_presentation_feedback#137.sync_output(wl_output#29)
[16:16:56.108875] {Default Queue} wp_presentation_feedback#137.presented(0, 94882, 44201762, 0, 0, 0, 1)
[16:16:56.108880] {Default Queue} wl_callback#143.done(94882044)
[16:16:56.109040]  -> wl_surface#71.frame(new id wl_callback#143)
[16:16:56.109046] {Default Queue}  -> wp_presentation#19.feedback(wl_surface#71, new id wp_presentation_feedback#137)
[16:16:56.109049]  -> wl_surface#71.offset(0, 0)
[16:16:56.109066] {mesa vk display queue}  -> wl_surface#71.attach(wl_buffer#144, 0, 0)
[16:16:56.109069] {mesa vk display queue}  -> wl_surface#71.damage_buffer(25, 16, 1, 18)
[16:16:56.109073] {mesa vk display queue}  -> wl_surface#71.commit()
[16:16:56.125652] {Display Queue} wl_display#1.delete_id(130)
[16:16:56.125665] {Display Queue} wl_display#1.delete_id(143)
[16:16:56.125668] {Default Queue} wp_presentation_feedback#130.sync_output(wl_output#29)
[16:16:56.125671] {Default Queue} wp_presentation_feedback#130.presented(0, 94882, 60910134, 0, 0, 0, 1)
[16:16:56.125676] {Default Queue} wl_callback#143.done(94882060)
[16:16:56.125773] {mesa vk display queue} wl_buffer#139.release()
[16:16:56.125777] {mesa vk display queue} wl_buffer#134.release()
[16:16:56.125778] {mesa vk display queue} wl_buffer#118.release()
[16:16:56.125897]  -> wl_surface#71.frame(new id wl_callback#143)
[16:16:56.125902] {Default Queue}  -> wp_presentation#19.feedback(wl_surface#71, new id wp_presentation_feedback#130)
[16:16:56.125905]  -> wl_surface#71.offset(0, 0)
[16:16:56.125922] {mesa vk display queue}  -> wl_surface#71.attach(wl_buffer#134, 0, 0)
[16:16:56.125925] {mesa vk display queue}  -> wl_surface#71.damage_buffer(25, 16, 1, 18)
[16:16:56.125927] {mesa vk display queue}  -> wl_surface#71.commit()
[16:16:56.142194] {Display Queue} wl_display#1.delete_id(137)
[16:16:56.142204] {Display Queue} wl_display#1.delete_id(143)
[16:16:56.142207] {Default Queue} wp_presentation_feedback#137.sync_output(wl_output#29)
[16:16:56.142209] {Default Queue} wp_presentation_feedback#137.presented(0, 94882, 77489119, 0, 0, 0, 1)
[16:16:56.142214] {Default Queue} wl_callback#143.done(94882077)
[16:16:56.142424]  -> wl_surface#71.frame(new id wl_callback#143)
[16:16:56.142430] {Default Queue}  -> wp_presentation#19.feedback(wl_surface#71, new id wp_presentation_feedback#137)
[16:16:56.142433]  -> wl_surface#71.offset(0, 0)
[16:16:56.142451] {mesa vk display queue}  -> wl_surface#71.attach(wl_buffer#118, 0, 0)
[16:16:56.142454] {mesa vk display queue}  -> wl_surface#71.damage_buffer(25, 16, 1, 18)
[16:16:56.142456] {mesa vk display queue}  -> wl_surface#71.commit()
[16:16:56.159265] {Display Queue} wl_display#1.delete_id(130)
[16:16:56.159295] {Display Queue} wl_display#1.delete_id(143)
[16:16:56.159301] {Default Queue} wp_presentation_feedback#130.sync_output(wl_output#29)
[16:16:56.159307] {Default Queue} wp_presentation_feedback#130.presented(0, 94882, 94399598, 0, 0, 0, 1)
[16:16:56.159317] {Default Queue} wl_callback#143.done(94882094)
[16:16:56.159642]  -> wl_surface#71.frame(new id wl_callback#143)
[16:16:56.159655] {Default Queue}  -> wp_presentation#19.feedback(wl_surface#71, new id wp_presentation_feedback#130)
[16:16:56.159661]  -> wl_surface#71.offset(0, 0)
[16:16:56.159694] {mesa vk display queue}  -> wl_surface#71.attach(wl_buffer#139, 0, 0)
[16:16:56.159700] {mesa vk display queue}  -> wl_surface#71.damage_buffer(25, 16, 1, 18)
[16:16:56.159705] {mesa vk display queue}  -> wl_surface#71.commit()
[16:16:56.175976] {Display Queue} wl_display#1.delete_id(137)
[16:16:56.175984] {Display Queue} wl_display#1.delete_id(143)
[16:16:56.175986] {Default Queue} wp_presentation_feedback#137.sync_output(wl_output#29)
[16:16:56.175988] {Default Queue} wp_presentation_feedback#137.presented(0, 94882, 111230192, 0, 0, 0, 1)
[16:16:56.175994] {Default Queue} wl_callback#143.done(94882111)
[16:16:56.176101] {mesa vk display queue} wl_buffer#144.release()
[16:16:56.176105] {mesa vk display queue} wl_buffer#134.release()
[16:16:56.176107] {mesa vk display queue} wl_buffer#118.release()
[16:16:56.176236]  -> wl_surface#71.frame(new id wl_callback#143)
[16:16:56.176241] {Default Queue}  -> wp_presentation#19.feedback(wl_surface#71, new id wp_presentation_feedback#137)
[16:16:56.176245]  -> wl_surface#71.offset(0, 0)
[16:16:56.176265] {mesa vk display queue}  -> wl_surface#71.attach(wl_buffer#134, 0, 0)
[16:16:56.176268] {mesa vk display queue}  -> wl_surface#71.damage_buffer(25, 16, 1, 18)
[16:16:56.176270] {mesa vk display queue}  -> wl_surface#71.commit()
[16:16:56.192129] {Display Queue} wl_display#1.delete_id(130)
[16:16:56.192136] {Display Queue} wl_display#1.delete_id(143)
[16:16:56.192139] {Default Queue} wp_presentation_feedback#130.sync_output(wl_output#29)
[16:16:56.192143] {Default Queue} wp_presentation_feedback#130.presented(0, 94882, 127535387, 0, 0, 0, 1)
[16:16:56.192148] {Default Queue} wl_callback#143.done(94882127)
[16:16:56.192370]  -> wl_surface#71.frame(new id wl_callback#143)
[16:16:56.192379] {Default Queue}  -> wp_presentation#19.feedback(wl_surface#71, new id wp_presentation_feedback#130)
[16:16:56.192383]  -> wl_surface#71.offset(0, 0)
[16:16:56.192400] {mesa vk display queue}  -> wl_surface#71.attach(wl_buffer#118, 0, 0)
[16:16:56.192404] {mesa vk display queue}  -> wl_surface#71.damage_buffer(25, 16, 1, 18)
[16:16:56.192407] {mesa vk display queue}  -> wl_surface#71.commit()
[16:16:56.208814] {Display Queue} wl_display#1.delete_id(137)
[16:16:56.208836] {Display Queue} wl_display#1.delete_id(143)
[16:16:56.208841] {Default Queue} wp_presentation_feedback#137.sync_output(wl_output#29)
[16:16:56.208846] {Default Queue} wp_presentation_feedback#137.presented(0, 94882, 144207341, 0, 0, 0, 1)
[16:16:56.208854] {Default Queue} wl_callback#143.done(94882144)
[16:16:56.209069]  -> wl_surface#71.frame(new id wl_callback#143)
[16:16:56.209076] {Default Queue}  -> wp_presentation#19.feedback(wl_surface#71, new id wp_presentation_feedback#137)
[16:16:56.209080]  -> wl_surface#71.offset(0, 0)
[16:16:56.209099] {mesa vk display queue}  -> wl_surface#71.attach(wl_buffer#144, 0, 0)
[16:16:56.209103] {mesa vk display queue}  -> wl_surface#71.damage_buffer(25, 16, 1, 18)
[16:16:56.209107] {mesa vk display queue}  -> wl_surface#71.commit()
[16:16:56.225446] {Display Queue} wl_display#1.delete_id(130)
[16:16:56.225457] {Display Queue} wl_display#1.delete_id(143)
[16:16:56.225460] {Default Queue} wp_presentation_feedback#130.sync_output(wl_output#29)
[16:16:56.225466] {Default Queue} wp_presentation_feedback#130.presented(0, 94882, 160782616, 0, 0, 0, 1)
[16:16:56.225473] {Default Queue} wl_callback#143.done(94882160)
[16:16:56.225607] {mesa vk display queue} wl_buffer#139.release()
[16:16:56.225619] {mesa vk display queue} wl_buffer#134.release()
[16:16:56.225629] {mesa vk display queue} wl_buffer#118.release()
[16:16:56.225791]  -> wl_surface#71.frame(new id wl_callback#143)
[16:16:56.225799] {Default Queue}  -> wp_presentation#19.feedback(wl_surface#71, new id wp_presentation_feedback#130)
[16:16:56.225803]  -> wl_surface#71.offset(0, 0)
[16:16:56.225823] {mesa vk display queue}  -> wl_surface#71.attach(wl_buffer#134, 0, 0)
[16:16:56.225830] {mesa vk display queue}  -> wl_surface#71.damage_buffer(25, 16, 1, 18)
[16:16:56.225833] {mesa vk display queue}  -> wl_surface#71.commit()
[16:16:56.242219] {Display Queue} wl_display#1.delete_id(137)
[16:16:56.242228] {Display Queue} wl_display#1.delete_id(143)
[16:16:56.242231] {Default Queue} wp_presentation_feedback#137.sync_output(wl_output#29)
[16:16:56.242234] {Default Queue} wp_presentation_feedback#137.presented(0, 94882, 177561564, 0, 0, 0, 1)
[16:16:56.242241] {Default Queue} wl_callback#143.done(94882177)
[16:16:56.259052] {Display Queue} wl_display#1.delete_id(130)
[16:16:56.259061] {Default Queue} wp_presentation_feedback#130.sync_output(wl_output#29)
[16:16:56.259065] {Default Queue} wp_presentation_feedback#130.presented(0, 94882, 194440865, 0, 0, 0, 1)
[16:16:56.526017]  -> wl_surface#71.frame(new id wl_callback#130)
[16:16:56.526032] {Default Queue}  -> wp_presentation#19.feedback(wl_surface#71, new id wp_presentation_feedback#143)
[16:16:56.526038]  -> wl_surface#71.offset(0, 0)
[16:16:56.526060] {mesa vk display queue}  -> wl_surface#71.attach(wl_buffer#118, 0, 0)
[16:16:56.526065] {mesa vk display queue}  -> wl_surface#71.damage_buffer(25, 16, 1, 18)
[16:16:56.526068] {mesa vk display queue}  -> wl_surface#71.commit()
[16:16:56.542265] {Display Queue} wl_display#1.delete_id(130)
[16:16:56.542280] {Default Queue} wl_callback#130.done(94882477)
[16:16:56.542461]  -> wl_surface#71.frame(new id wl_callback#130)
[16:16:56.542466] {Default Queue}  -> wp_presentation#19.feedback(wl_surface#71, new id wp_presentation_feedback#137)
[16:16:56.542469]  -> wl_surface#71.offset(0, 0)
[16:16:56.542484] {mesa vk display queue}  -> wl_surface#71.attach(wl_buffer#139, 0, 0)
[16:16:56.542486] {mesa vk display queue}  -> wl_surface#71.damage_buffer(25, 16, 1, 18)
[16:16:56.542488] {mesa vk display queue}  -> wl_surface#71.commit()
[16:16:56.559113] {Display Queue} wl_display#1.delete_id(143)
[16:16:56.559137] {Display Queue} wl_display#1.delete_id(130)
[16:16:56.559143] {Default Queue} wp_presentation_feedback#143.sync_output(wl_output#29)
[16:16:56.559148] {Default Queue} wp_presentation_feedback#143.presented(0, 94882, 494357240, 0, 0, 0, 1)
[16:16:56.559156] {Default Queue} wl_callback#130.done(94882494)
[16:16:56.559271] {mesa vk display queue} wl_buffer#144.release()
[16:16:56.559274] {mesa vk display queue} wl_buffer#134.release()
[16:16:56.559277] {mesa vk display queue} wl_buffer#118.release()
[16:16:56.559387]  -> wl_surface#71.frame(new id wl_callback#130)
[16:16:56.559392] {Default Queue}  -> wp_presentation#19.feedback(wl_surface#71, new id wp_presentation_feedback#143)
[16:16:56.559395]  -> wl_surface#71.offset(0, 0)
[16:16:56.559408] {mesa vk display queue}  -> wl_surface#71.attach(wl_buffer#134, 0, 0)
[16:16:56.559411] {mesa vk display queue}  -> wl_surface#71.damage_buffer(25, 16, 1, 18)
[16:16:56.559413] {mesa vk display queue}  -> wl_surface#71.commit()
[16:16:56.575614] {Display Queue} wl_display#1.delete_id(137)
[16:16:56.575636] {Display Queue} wl_display#1.delete_id(130)
[16:16:56.575642] {Default Queue} wp_presentation_feedback#137.sync_output(wl_output#29)
[16:16:56.575647] {Default Queue} wp_presentation_feedback#137.presented(0, 94882, 510959768, 0, 0, 0, 1)
[16:16:56.575655] {Default Queue} wl_callback#130.done(94882510)
[16:16:56.575842]  -> wl_surface#71.frame(new id wl_callback#130)
[16:16:56.575847] {Default Queue}  -> wp_presentation#19.feedback(wl_surface#71, new id wp_presentation_feedback#137)
[16:16:56.575850]  -> wl_surface#71.offset(0, 0)
[16:16:56.575864] {mesa vk display queue}  -> wl_surface#71.attach(wl_buffer#118, 0, 0)
[16:16:56.575872] {mesa vk display queue}  -> wl_surface#71.damage_buffer(25, 16, 1, 18)
[16:16:56.575882] {mesa vk display queue}  -> wl_surface#71.commit()
[16:16:56.577597] {Default Queue} xdg_wm_base#38.ping(1337)
[16:16:56.577601] {Default Queue}  -> xdg_wm_base#38.pong(1337)
[16:16:56.592638] {Display Queue} wl_display#1.delete_id(143)
[16:16:56.592660] {Display Queue} wl_display#1.delete_id(130)
[16:16:56.592666] {Default Queue} wp_presentation_feedback#143.sync_output(wl_output#29)
[16:16:56.592670] {Default Queue} wp_presentation_feedback#143.presented(0, 94882, 527874272, 0, 0, 0, 1)
[16:16:56.592678] {Default Queue} wl_callback#130.done(94882527)
[16:16:56.592861]  -> wl_surface#71.frame(new id wl_callback#130)
[16:16:56.592865] {Default Queue}  -> wp_presentation#19.feedback(wl_surface#71, new id wp_presentation_feedback#143)
[16:16:56.592868]  -> wl_surface#71.offset(0, 0)
[16:16:56.592884] {mesa vk display queue}  -> wl_surface#71.attach(wl_buffer#144, 0, 0)
[16:16:56.592886] {mesa vk display queue}  -> wl_surface#71.damage_buffer(25, 16, 1, 18)
[16:16:56.592889] {mesa vk display queue}  -> wl_surface#71.commit()
[16:16:56.609212] {Display Queue} wl_display#1.delete_id(137)
[16:16:56.609234] {Display Queue} wl_display#1.delete_id(130)
[16:16:56.609240] {Default Queue} wp_presentation_feedback#137.sync_output(wl_output#29)
[16:16:56.609244] {Default Queue} wp_presentation_feedback#137.presented(0, 94882, 544543977, 0, 0, 0, 1)
[16:16:56.609258] {Default Queue} wl_callback#130.done(94882544)
[16:16:56.609352] {mesa vk display queue} wl_buffer#139.release()
[16:16:56.609355] {mesa vk display queue} wl_buffer#134.release()
[16:16:56.609357] {mesa vk display queue} wl_buffer#118.release()
[16:16:56.609443]  -> wl_surface#71.frame(new id wl_callback#130)
[16:16:56.609447] {Default Queue}  -> wp_presentation#19.feedback(wl_surface#71, new id wp_presentation_feedback#137)
[16:16:56.609449]  -> wl_surface#71.offset(0, 0)
[16:16:56.609463] {mesa vk display queue}  -> wl_surface#71.attach(wl_buffer#134, 0, 0)
[16:16:56.609465] {mesa vk display queue}  -> wl_surface#71.damage_buffer(25, 16, 1, 18)
[16:16:56.609467] {mesa vk display queue}  -> wl_surface#71.commit()
[16:16:56.625606] {Display Queue} wl_display#1.delete_id(143)
[16:16:56.625629] {Display Queue} wl_display#1.delete_id(130)
[16:16:56.625634] {Default Queue} wp_presentation_feedback#143.sync_output(wl_output#29)
[16:16:56.625639] {Default Queue} wp_presentation_feedback#143.presented(0, 94882, 561028028, 0, 0, 0, 1)
[16:16:56.625646] {Default Queue} wl_callback#130.done(94882561)
[16:16:56.625849]  -> wl_surface#71.frame(new id wl_callback#130)
[16:16:56.625854] {Default Queue}  -> wp_presentation#19.feedback(wl_surface#71, new id wp_presentation_feedback#143)
[16:16:56.625858]  -> wl_surface#71.offset(0, 0)
[16:16:56.625872] {mesa vk display queue}  -> wl_surface#71.attach(wl_buffer#118, 0, 0)
[16:16:56.625875] {mesa vk display queue}  -> wl_surface#71.damage_buffer(25, 16, 1, 18)
[16:16:56.625878] {mesa vk display queue}  -> wl_surface#71.commit()
[16:16:56.642187] {Display Queue} wl_display#1.delete_id(137)
[16:16:56.642203] {Display Queue} wl_display#1.delete_id(130)
[16:16:56.642206] {Default Queue} wp_presentation_feedback#137.sync_output(wl_output#29)
[16:16:56.642209] {Default Queue} wp_presentation_feedback#137.presented(0, 94882, 577568284, 0, 0, 0, 1)
[16:16:56.642213] {Default Queue} wl_callback#130.done(94882577)
[16:16:56.642380]  -> wl_surface#71.frame(new id wl_callback#130)
[16:16:56.642385] {Default Queue}  -> wp_presentation#19.feedback(wl_surface#71, new id wp_presentation_feedback#137)
[16:16:56.642388]  -> wl_surface#71.offset(0, 0)
[16:16:56.642406] {mesa vk display queue}  -> wl_surface#71.attach(wl_buffer#139, 0, 0)
[16:16:56.642411] {mesa vk display queue}  -> wl_surface#71.damage_buffer(25, 16, 1, 18)
[16:16:56.642414] {mesa vk display queue}  -> wl_surface#71.commit()
[16:16:56.659371] {Display Queue} wl_display#1.delete_id(143)
[16:16:56.659396] {Display Queue} wl_display#1.delete_id(130)
[16:16:56.659414] {Default Queue} wp_presentation_feedback#143.sync_output(wl_output#29)
[16:16:56.659433] {Default Queue} wp_presentation_feedback#143.presented(0, 94882, 594571581, 0, 0, 0, 1)
[16:16:56.659443] {Default Queue} wl_callback#130.done(94882594)
[16:16:56.659559] {mesa vk display queue} wl_buffer#144.release()
[16:16:56.659569] {mesa vk display queue} wl_buffer#134.release()
[16:16:56.659573] {mesa vk display queue} wl_buffer#118.release()
[16:16:56.659723]  -> wl_surface#71.frame(new id wl_callback#130)
[16:16:56.659736] {Default Queue}  -> wp_presentation#19.feedback(wl_surface#71, new id wp_presentation_feedback#143)
[16:16:56.659743]  -> wl_surface#71.offset(0, 0)
[16:16:56.659775] {mesa vk display queue}  -> wl_surface#71.attach(wl_buffer#134, 0, 0)
[16:16:56.659783] {mesa vk display queue}  -> wl_surface#71.damage_buffer(25, 16, 1, 18)
[16:16:56.659788] {mesa vk display queue}  -> wl_surface#71.commit()
[16:16:56.675744] {Display Queue} wl_display#1.delete_id(137)
[16:16:56.675756] {Display Queue} wl_display#1.delete_id(130)
[16:16:56.675761] {Default Queue} wp_presentation_feedback#137.sync_output(wl_output#29)
[16:16:56.675764] {Default Queue} wp_presentation_feedback#137.presented(0, 94882, 611152852, 0, 0, 0, 1)
[16:16:56.675769] {Default Queue} wl_callback#130.done(94882611)
[16:16:56.675924]  -> wl_surface#71.frame(new id wl_callback#130)
[16:16:56.675932] {Default Queue}  -> wp_presentation#19.feedback(wl_surface#71, new id wp_presentation_feedback#137)
[16:16:56.675937]  -> wl_surface#71.offset(0, 0)
[16:16:56.675954] {mesa vk display queue}  -> wl_surface#71.attach(wl_buffer#118, 0, 0)
[16:16:56.675958] {mesa vk display queue}  -> wl_surface#71.damage_buffer(25, 16, 1, 18)
[16:16:56.675960] {mesa vk display queue}  -> wl_surface#71.commit()
[16:16:56.692502] {Display Queue} wl_display#1.delete_id(143)
[16:16:56.692520] {Display Queue} wl_display#1.delete_id(130)
[16:16:56.692526] {Default Queue} wp_presentation_feedback#143.sync_output(wl_output#29)
[16:16:56.692530] {Default Queue} wp_presentation_feedback#143.presented(0, 94882, 627760315, 0, 0, 0, 1)
[16:16:56.692537] {Default Queue} wl_callback#130.done(94882627)
[16:16:56.692748]  -> wl_surface#71.frame(new id wl_callback#130)
[16:16:56.692760] {Default Queue}  -> wp_presentation#19.feedback(wl_surface#71, new id wp_presentation_feedback#143)
[16:16:56.692766]  -> wl_surface#71.offset(0, 0)
[16:16:56.692790] {mesa vk display queue}  -> wl_surface#71.attach(wl_buffer#144, 0, 0)
[16:16:56.692796] {mesa vk display queue}  -> wl_surface#71.damage_buffer(25, 16, 1, 18)
[16:16:56.692800] {mesa vk display queue}  -> wl_surface#71.commit()
[16:16:56.709105] {Display Queue} wl_display#1.delete_id(137)
[16:16:56.709122] {Display Queue} wl_display#1.delete_id(130)
[16:16:56.709127] {Default Queue} wp_presentation_feedback#137.sync_output(wl_output#29)
[16:16:56.709131] {Default Queue} wp_presentation_feedback#137.presented(0, 94882, 644351156, 0, 0, 0, 1)
[16:16:56.709138] {Default Queue} wl_callback#130.done(94882644)
[16:16:56.709235] {mesa vk display queue} wl_buffer#139.release()
[16:16:56.709243] {mesa vk display queue} wl_buffer#134.release()
[16:16:56.709246] {mesa vk display queue} wl_buffer#118.release()
[16:16:56.709378]  -> wl_surface#71.frame(new id wl_callback#130)
[16:16:56.709388] {Default Queue}  -> wp_presentation#19.feedback(wl_surface#71, new id wp_presentation_feedback#137)
[16:16:56.709393]  -> wl_surface#71.offset(0, 0)
[16:16:56.709417] {mesa vk display queue}  -> wl_surface#71.attach(wl_buffer#134, 0, 0)
[16:16:56.709422] {mesa vk display queue}  -> wl_surface#71.damage_buffer(25, 16, 1, 18)
[16:16:56.709426] {mesa vk display queue}  -> wl_surface#71.commit()
[16:16:56.725487] {Display Queue} wl_display#1.delete_id(143)
[16:16:56.725501] {Display Queue} wl_display#1.delete_id(130)
[16:16:56.725505] {Default Queue} wp_presentation_feedback#143.sync_output(wl_output#29)
[16:16:56.725508] {Default Queue} wp_presentation_feedback#143.presented(0, 94882, 660860093, 0, 0, 0, 1)
[16:16:56.725514] {Default Queue} wl_callback#130.done(94882660)
[16:16:56.725698]  -> wl_surface#71.frame(new id wl_callback#130)
[16:16:56.725718] {Default Queue}  -> wp_presentation#19.feedback(wl_surface#71, new id wp_presentation_feedback#143)
[16:16:56.725723]  -> wl_surface#71.offset(0, 0)
[16:16:56.725740] {mesa vk display queue}  -> wl_surface#71.attach(wl_buffer#118, 0, 0)
[16:16:56.725745] {mesa vk display queue}  -> wl_surface#71.damage_buffer(25, 16, 1, 18)
[16:16:56.725748] {mesa vk display queue}  -> wl_surface#71.commit()
[16:16:56.742153] {Display Queue} wl_display#1.delete_id(137)
[16:16:56.742173] {Display Queue} wl_display#1.delete_id(130)
[16:16:56.742177] {Default Queue} wp_presentation_feedback#137.sync_output(wl_output#29)
[16:16:56.742180] {Default Queue} wp_presentation_feedback#137.presented(0, 94882, 677592340, 0, 0, 0, 1)
[16:16:56.742184] {Default Queue} wl_callback#130.done(94882677)
[16:16:56.742368]  -> wl_surface#71.frame(new id wl_callback#130)
[16:16:56.742376] {Default Queue}  -> wp_presentation#19.feedback(wl_surface#71, new id wp_presentation_feedback#137)
[16:16:56.742380]  -> wl_surface#71.offset(0, 0)
[16:16:56.742399] {mesa vk display queue}  -> wl_surface#71.attach(wl_buffer#139, 0, 0)
[16:16:56.742403] {mesa vk display queue}  -> wl_surface#71.damage_buffer(25, 16, 1, 18)
[16:16:56.742406] {mesa vk display queue}  -> wl_surface#71.commit()
[16:16:56.759023] {Display Queue} wl_display#1.delete_id(143)
[16:16:56.759058] {Display Queue} wl_display#1.delete_id(130)
[16:16:56.759068] {Default Queue} wp_presentation_feedback#143.sync_output(wl_output#29)
[16:16:56.759076] {Default Queue} wp_presentation_feedback#143.presented(0, 94882, 694456303, 0, 0, 0, 1)
[16:16:56.759090] {Default Queue} wl_callback#130.done(94882694)
[16:16:56.759209] {mesa vk display queue} wl_buffer#144.release()
[16:16:56.759214] {mesa vk display queue} wl_buffer#134.release()
[16:16:56.759216] {mesa vk display queue} wl_buffer#118.release()
[16:16:56.759305]  -> wl_surface#71.frame(new id wl_callback#130)
[16:16:56.759311] {Default Queue}  -> wp_presentation#19.feedback(wl_surface#71, new id wp_presentation_feedback#143)
[16:16:56.759315]  -> wl_surface#71.offset(0, 0)
[16:16:56.759330] {mesa vk display queue}  -> wl_surface#71.attach(wl_buffer#134, 0, 0)
[16:16:56.759335] {mesa vk display queue}  -> wl_surface#71.damage_buffer(25, 16, 1, 18)
[16:16:56.759338] {mesa vk display queue}  -> wl_surface#71.commit()
[16:16:56.775689] {Display Queue} wl_display#1.delete_id(137)
[16:16:56.775697] {Display Queue} wl_display#1.delete_id(130)
[16:16:56.775700] {Default Queue} wp_presentation_feedback#137.sync_output(wl_output#29)
[16:16:56.775702] {Default Queue} wp_presentation_feedback#137.presented(0, 94882, 711149844, 0, 0, 0, 1)
[16:16:56.775707] {Default Queue} wl_callback#130.done(94882711)
[16:16:56.775851]  -> wl_surface#71.frame(new id wl_callback#130)
[16:16:56.775858] {Default Queue}  -> wp_presentation#19.feedback(wl_surface#71, new id wp_presentation_feedback#137)
[16:16:56.775861]  -> wl_surface#71.offset(0, 0)
[16:16:56.775880] {mesa vk display queue}  -> wl_surface#71.attach(wl_buffer#118, 0, 0)
[16:16:56.775884] {mesa vk display queue}  -> wl_surface#71.damage_buffer(25, 16, 1, 18)
[16:16:56.775887] {mesa vk display queue}  -> wl_surface#71.commit()
[16:16:56.792281] {Display Queue} wl_display#1.delete_id(143)
[16:16:56.792304] {Display Queue} wl_display#1.delete_id(130)
[16:16:56.792309] {Default Queue} wp_presentation_feedback#143.sync_output(wl_output#29)
[16:16:56.792313] {Default Queue} wp_presentation_feedback#143.presented(0, 94882, 727614685, 0, 0, 0, 1)
[16:16:56.792321] {Default Queue} wl_callback#130.done(94882727)
[16:16:56.792567]  -> wl_surface#71.frame(new id wl_callback#130)
[16:16:56.792577] {Default Queue}  -> wp_presentation#19.feedback(wl_surface#71, new id wp_presentation_feedback#143)
[16:16:56.792582]  -> wl_surface#71.offset(0, 0)
[16:16:56.792605] {mesa vk display queue}  -> wl_surface#71.attach(wl_buffer#144, 0, 0)
[16:16:56.792610] {mesa vk display queue}  -> wl_surface#71.damage_buffer(25, 16, 1, 18)
[16:16:56.792620] {mesa vk display queue}  -> wl_surface#71.commit()
[16:16:56.808962] {Display Queue} wl_display#1.delete_id(137)
[16:16:56.809002] {Display Queue} wl_display#1.delete_id(130)
[16:16:56.809016] {Default Queue} wp_presentation_feedback#137.sync_output(wl_output#29)
[16:16:56.809020] {Default Queue} wp_presentation_feedback#137.presented(0, 94882, 744392701, 0, 0, 0, 1)
[16:16:56.809026] {Default Queue} wl_callback#130.done(94882744)
[16:16:56.809107] {mesa vk display queue} wl_buffer#139.release()
[16:16:56.809113] {mesa vk display queue} wl_buffer#134.release()
[16:16:56.809116] {mesa vk display queue} wl_buffer#118.release()
[16:16:56.809211]  -> wl_surface#71.frame(new id wl_callback#130)
[16:16:56.809218] {Default Queue}  -> wp_presentation#19.feedback(wl_surface#71, new id wp_presentation_feedback#137)
[16:16:56.809221]  -> wl_surface#71.offset(0, 0)
[16:16:56.809237] {mesa vk display queue}  -> wl_surface#71.attach(wl_buffer#134, 0, 0)
[16:16:56.809241] {mesa vk display queue}  -> wl_surface#71.damage_buffer(25, 16, 1, 18)
[16:16:56.809244] {mesa vk display queue}  -> wl_surface#71.commit()
[16:16:56.825865] {Display Queue} wl_display#1.delete_id(143)
[16:16:56.825884] {Display Queue} wl_display#1.delete_id(130)
[16:16:56.825889] {Default Queue} wp_presentation_feedback#143.sync_output(wl_output#29)
[16:16:56.825893] {Default Queue} wp_presentation_feedback#143.presented(0, 94882, 761187672, 0, 0, 0, 1)
[16:16:56.825900] {Default Queue} wl_callback#130.done(94882761)
[16:16:56.826123]  -> wl_surface#71.frame(new id wl_callback#130)
[16:16:56.826134] {Default Queue}  -> wp_presentation#19.feedback(wl_surface#71, new id wp_presentation_feedback#143)
[16:16:56.826141]  -> wl_surface#71.offset(0, 0)
[16:16:56.826164] {mesa vk display queue}  -> wl_surface#71.attach(wl_buffer#118, 0, 0)
[16:16:56.826170] {mesa vk display queue}  -> wl_surface#71.damage_buffer(25, 16, 1, 18)
[16:16:56.826174] {mesa vk display queue}  -> wl_surface#71.commit()
[16:16:56.842446] {Display Queue} wl_display#1.delete_id(137)
[16:16:56.842481] {Display Queue} wl_display#1.delete_id(130)
[16:16:56.842491] {Default Queue} wp_presentation_feedback#137.sync_output(wl_output#29)
[16:16:56.842500] {Default Queue} wp_presentation_feedback#137.presented(0, 94882, 777779895, 0, 0, 0, 1)
[16:16:56.842514] {Default Queue} wl_callback#130.done(94882777)
[16:16:56.858897] {Display Queue} wl_display#1.delete_id(143)
[16:16:56.858910] {Default Queue} wp_presentation_feedback#143.sync_output(wl_output#29)
[16:16:56.858913] {Default Queue} wp_presentation_feedback#143.presented(0, 94882, 794371739, 0, 0, 0, 1)
[16:16:57.126308]  -> wl_surface#71.frame(new id wl_callback#143)
[16:16:57.126329] {Default Queue}  -> wp_presentation#19.feedback(wl_surface#71, new id wp_presentation_feedback#130)
[16:16:57.126335]  -> wl_surface#71.offset(0, 0)
[16:16:57.126362] {mesa vk display queue}  -> wl_surface#71.attach(wl_buffer#139, 0, 0)
[16:16:57.126367] {mesa vk display queue}  -> wl_surface#71.damage_buffer(25, 16, 1, 18)
[16:16:57.126371] {mesa vk display queue}  -> wl_surface#71.commit()
[16:16:57.142508] {Display Queue} wl_display#1.delete_id(143)
[16:16:57.142530] {Default Queue} wl_callback#143.done(94883077)
[16:16:57.142661] {mesa vk display queue} wl_buffer#144.release()
[16:16:57.142668] {mesa vk display queue} wl_buffer#134.release()
[16:16:57.142671] {mesa vk display queue} wl_buffer#118.release()
[16:16:57.142829]  -> wl_surface#71.frame(new id wl_callback#143)
[16:16:57.142837] {Default Queue}  -> wp_presentation#19.feedback(wl_surface#71, new id wp_presentation_feedback#137)
[16:16:57.142842]  -> wl_surface#71.offset(0, 0)
[16:16:57.142864] {mesa vk display queue}  -> wl_surface#71.attach(wl_buffer#134, 0, 0)
[16:16:57.142869] {mesa vk display queue}  -> wl_surface#71.damage_buffer(25, 16, 1, 18)
[16:16:57.142872] {mesa vk display queue}  -> wl_surface#71.commit()
[16:16:57.159174] {Display Queue} wl_display#1.delete_id(130)
[16:16:57.159187] {Display Queue} wl_display#1.delete_id(143)
[16:16:57.159190] {Default Queue} wp_presentation_feedback#130.sync_output(wl_output#29)
[16:16:57.159199] {Default Queue} wp_presentation_feedback#130.presented(0, 94883, 94522361, 0, 0, 0, 1)
[16:16:57.159212] {Default Queue} wl_callback#143.done(94883094)
[16:16:57.159418]  -> wl_surface#71.frame(new id wl_callback#143)
[16:16:57.159426] {Default Queue}  -> wp_presentation#19.feedback(wl_surface#71, new id wp_presentation_feedback#130)
[16:16:57.159430]  -> wl_surface#71.offset(0, 0)
[16:16:57.159448] {mesa vk display queue}  -> wl_surface#71.attach(wl_buffer#118, 0, 0)
[16:16:57.159454] {mesa vk display queue}  -> wl_surface#71.damage_buffer(25, 16, 1, 18)
[16:16:57.159456] {mesa vk display queue}  -> wl_surface#71.commit()
[16:16:57.175647] {Display Queue} wl_display#1.delete_id(137)
[16:16:57.175661] {Display Queue} wl_display#1.delete_id(143)
[16:16:57.175664] {Default Queue} wp_presentation_feedback#137.sync_output(wl_output#29)
[16:16:57.175667] {Default Queue} wp_presentation_feedback#137.presented(0, 94883, 111061296, 0, 0, 0, 1)
[16:16:57.175673] {Default Queue} wl_callback#143.done(94883111)
[16:16:57.175895]  -> wl_surface#71.frame(new id wl_callback#143)
[16:16:57.175904] {Default Queue}  -> wp_presentation#19.feedback(wl_surface#71, new id wp_presentation_feedback#137)
[16:16:57.175908]  -> wl_surface#71.offset(0, 0)
[16:16:57.175928] {mesa vk display queue}  -> wl_surface#71.attach(wl_buffer#144, 0, 0)
[16:16:57.175932] {mesa vk display queue}  -> wl_surface#71.damage_buffer(25, 16, 1, 18)
[16:16:57.175935] {mesa vk display queue}  -> wl_surface#71.commit()
[16:16:57.192312] {Display Queue} wl_display#1.delete_id(130)
[16:16:57.192328] {Display Queue} wl_display#1.delete_id(143)
[16:16:57.192332] {Default Queue} wp_presentation_feedback#130.sync_output(wl_output#29)
[16:16:57.192335] {Default Queue} wp_presentation_feedback#130.presented(0, 94883, 127680620, 0, 0, 0, 1)
[16:16:57.192343] {Default Queue} wl_callback#143.done(94883127)
[16:16:57.192439] {mesa vk display queue} wl_buffer#139.release()
[16:16:57.192445] {mesa vk display queue} wl_buffer#134.release()
[16:16:57.192447] {mesa vk display queue} wl_buffer#118.release()
[16:16:57.192571]  -> wl_surface#71.frame(new id wl_callback#143)
[16:16:57.192579] {Default Queue}  -> wp_presentation#19.feedback(wl_surface#71, new id wp_presentation_feedback#130)
[16:16:57.192583]  -> wl_surface#71.offset(0, 0)
[16:16:57.192602] {mesa vk display queue}  -> wl_surface#71.attach(wl_buffer#134, 0, 0)
[16:16:57.192606] {mesa vk display queue}  -> wl_surface#71.damage_buffer(25, 16, 1, 18)
[16:16:57.192609] {mesa vk display queue}  -> wl_surface#71.commit()
[16:16:57.208741] {Display Queue} wl_display#1.delete_id(137)
[16:16:57.208759] {Display Queue} wl_display#1.delete_id(143)
[16:16:57.208763] {Default Queue} wp_presentation_feedback#137.sync_output(wl_output#29)
[16:16:57.208766] {Default Queue} wp_presentation_feedback#137.presented(0, 94883, 144127930, 0, 0, 0, 1)
[16:16:57.208773] {Default Queue} wl_callback#143.done(94883144)
[16:16:57.208990]  -> wl_surface#71.frame(new id wl_callback#143)
[16:16:57.208999] {Default Queue}  -> wp_presentation#19.feedback(wl_surface#71, new id wp_presentation_feedback#137)
[16:16:57.209003]  -> wl_surface#71.offset(0, 0)
[16:16:57.209023] {mesa vk display queue}  -> wl_surface#71.attach(wl_buffer#118, 0, 0)
[16:16:57.209028] {mesa vk display queue}  -> wl_surface#71.damage_buffer(25, 16, 1, 18)
[16:16:57.209031] {mesa vk display queue}  -> wl_surface#71.commit()
[16:16:57.225576] {Display Queue} wl_display#1.delete_id(130)
[16:16:57.225593] {Display Queue} wl_display#1.delete_id(143)
[16:16:57.225597] {Default Queue} wp_presentation_feedback#130.sync_output(wl_output#29)
[16:16:57.225601] {Default Queue} wp_presentation_feedback#130.presented(0, 94883, 160979229, 0, 0, 0, 1)
[16:16:57.225607] {Default Queue} wl_callback#143.done(94883160)
[16:16:57.225820]  -> wl_surface#71.frame(new id wl_callback#143)
[16:16:57.225829] {Default Queue}  -> wp_presentation#19.feedback(wl_surface#71, new id wp_presentation_feedback#130)
[16:16:57.225834]  -> wl_surface#71.offset(0, 0)
[16:16:57.225854] {mesa vk display queue}  -> wl_surface#71.attach(wl_buffer#139, 0, 0)
[16:16:57.225870] {mesa vk display queue}  -> wl_surface#71.damage_buffer(25, 16, 1, 18)
[16:16:57.225884] {mesa vk display queue}  -> wl_surface#71.commit()
[16:16:57.242272] {Display Queue} wl_display#1.delete_id(137)
[16:16:57.242288] {Display Queue} wl_display#1.delete_id(143)
[16:16:57.242291] {Default Queue} wp_presentation_feedback#137.sync_output(wl_output#29)
[16:16:57.242295] {Default Queue} wp_presentation_feedback#137.presented(0, 94883, 177679623, 0, 0, 0, 1)
[16:16:57.242301] {Default Queue} wl_callback#143.done(94883177)
[16:16:57.242386] {mesa vk display queue} wl_buffer#144.release()
[16:16:57.242391] {mesa vk display queue} wl_buffer#134.release()
[16:16:57.242394] {mesa vk display queue} wl_buffer#118.release()
[16:16:57.242505]  -> wl_surface#71.frame(new id wl_callback#143)
[16:16:57.242512] {Default Queue}  -> wp_presentation#19.feedback(wl_surface#71, new id wp_presentation_feedback#137)
[16:16:57.242516]  -> wl_surface#71.offset(0, 0)
[16:16:57.242536] {mesa vk display queue}  -> wl_surface#71.attach(wl_buffer#134, 0, 0)
[16:16:57.242540] {mesa vk display queue}  -> wl_surface#71.damage_buffer(25, 16, 1, 18)
[16:16:57.242543] {mesa vk display queue}  -> wl_surface#71.commit()
[16:16:57.259300] {Display Queue} wl_display#1.delete_id(130)
[16:16:57.259327] {Display Queue} wl_display#1.delete_id(143)
[16:16:57.259334] {Default Queue} wp_presentation_feedback#130.sync_output(wl_output#29)
[16:16:57.259339] {Default Queue} wp_presentation_feedback#130.presented(0, 94883, 194499341, 0, 0, 0, 1)
[16:16:57.259349] {Default Queue} wl_callback#143.done(94883194)
[16:16:57.259639]  -> wl_surface#71.frame(new id wl_callback#143)
[16:16:57.259655] {Default Queue}  -> wp_presentation#19.feedback(wl_surface#71, new id wp_presentation_feedback#130)
[16:16:57.259662]  -> wl_surface#71.offset(0, 0)
[16:16:57.259694] {mesa vk display queue}  -> wl_surface#71.attach(wl_buffer#118, 0, 0)
[16:16:57.259702] {mesa vk display queue}  -> wl_surface#71.damage_buffer(25, 16, 1, 18)
[16:16:57.259707] {mesa vk display queue}  -> wl_surface#71.commit()
[16:16:57.275806] {Display Queue} wl_display#1.delete_id(137)
[16:16:57.275822] {Display Queue} wl_display#1.delete_id(143)
[16:16:57.275827] {Default Queue} wp_presentation_feedback#137.sync_output(wl_output#29)
[16:16:57.275830] {Default Queue} wp_presentation_feedback#137.presented(0, 94883, 211170608, 0, 0, 0, 1)
[16:16:57.275836] {Default Queue} wl_callback#143.done(94883211)
[16:16:57.276028]  -> wl_surface#71.frame(new id wl_callback#143)
[16:16:57.276036] {Default Queue}  -> wp_presentation#19.feedback(wl_surface#71, new id wp_presentation_feedback#137)
[16:16:57.276040]  -> wl_surface#71.offset(0, 0)
[16:16:57.276058] {mesa vk display queue}  -> wl_surface#71.attach(wl_buffer#144, 0, 0)
[16:16:57.276062] {mesa vk display queue}  -> wl_surface#71.damage_buffer(25, 16, 1, 18)
[16:16:57.276066] {mesa vk display queue}  -> wl_surface#71.commit()
[16:16:57.292272] {Display Queue} wl_display#1.delete_id(130)
[16:16:57.292289] {Display Queue} wl_display#1.delete_id(143)
[16:16:57.292293] {Default Queue} wp_presentation_feedback#130.sync_output(wl_output#29)
[16:16:57.292297] {Default Queue} wp_presentation_feedback#130.presented(0, 94883, 227720720, 0, 0, 0, 1)
[16:16:57.292302] {Default Queue} wl_callback#143.done(94883227)
[16:16:57.292396] {mesa vk display queue} wl_buffer#139.release()
[16:16:57.292402] {mesa vk display queue} wl_buffer#134.release()
[16:16:57.292404] {mesa vk display queue} wl_buffer#118.release()
[16:16:57.292523]  -> wl_surface#71.frame(new id wl_callback#143)
[16:16:57.292530] {Default Queue}  -> wp_presentation#19.feedback(wl_surface#71, new id wp_presentation_feedback#130)
[16:16:57.292534]  -> wl_surface#71.offset(0, 0)
[16:16:57.292551] {mesa vk display queue}  -> wl_surface#71.attach(wl_buffer#134, 0, 0)
[16:16:57.292554] {mesa vk display queue}  -> wl_surface#71.damage_buffer(25, 16, 1, 18)
[16:16:57.292557] {mesa vk display queue}  -> wl_surface#71.commit()
[16:16:57.309122] {Display Queue} wl_display#1.delete_id(137)
[16:16:57.309146] {Display Queue} wl_display#1.delete_id(143)
[16:16:57.309160] {Default Queue} wp_presentation_feedback#137.sync_output(wl_output#29)
[16:16:57.309164] {Default Queue} wp_presentation_feedback#137.presented(0, 94883, 244475344, 0, 0, 0, 1)
[16:16:57.309170] {Default Queue} wl_callback#143.done(94883244)
[16:16:57.309431]  -> wl_surface#71.frame(new id wl_callback#143)
[16:16:57.309441] {Default Queue}  -> wp_presentation#19.feedback(wl_surface#71, new id wp_presentation_feedback#137)
[16:16:57.309446]  -> wl_surface#71.offset(0, 0)
[16:16:57.309467] {mesa vk display queue}  -> wl_surface#71.attach(wl_buffer#118, 0, 0)
[16:16:57.309471] {mesa vk display queue}  -> wl_surface#71.damage_buffer(25, 16, 1, 18)
[16:16:57.309474] {mesa vk display queue}  -> wl_surface#71.commit()
[16:16:57.325696] {Display Queue} wl_display#1.delete_id(130)
[16:16:57.325713] {Display Queue} wl_display#1.delete_id(143)
[16:16:57.325717] {Default Queue} wp_presentation_feedback#130.sync_output(wl_output#29)
[16:16:57.325720] {Default Queue} wp_presentation_feedback#130.presented(0, 94883, 261111386, 0, 0, 0, 1)
[16:16:57.325726] {Default Queue} wl_callback#143.done(94883261)
[16:16:57.325919]  -> wl_surface#71.frame(new id wl_callback#143)
[16:16:57.325928] {Default Queue}  -> wp_presentation#19.feedback(wl_surface#71, new id wp_presentation_feedback#130)
[16:16:57.325933]  -> wl_surface#71.offset(0, 0)
[16:16:57.325951] {mesa vk display queue}  -> wl_surface#71.attach(wl_buffer#139, 0, 0)
[16:16:57.325956] {mesa vk display queue}  -> wl_surface#71.damage_buffer(25, 16, 1, 18)
[16:16:57.325959] {mesa vk display queue}  -> wl_surface#71.commit()
[16:16:57.342726] {Display Queue} wl_display#1.delete_id(137)
[16:16:57.342748] {Display Queue} wl_display#1.delete_id(143)
[16:16:57.342752] {Default Queue} wp_presentation_feedback#137.sync_output(wl_output#29)
[16:16:57.342756] {Default Queue} wp_presentation_feedback#137.presented(0, 94883, 277871253, 0, 0, 0, 1)
[16:16:57.342763] {Default Queue} wl_callback#143.done(94883277)
[16:16:57.342883] {mesa vk display queue} wl_buffer#144.release()
[16:16:57.342889] {mesa vk display queue} wl_buffer#134.release()
[16:16:57.342892] {mesa vk display queue} wl_buffer#118.release()
[16:16:57.343036]  -> wl_surface#71.frame(new id wl_callback#143)
[16:16:57.343044] {Default Queue}  -> wp_presentation#19.feedback(wl_surface#71, new id wp_presentation_feedback#137)
[16:16:57.343049]  -> wl_surface#71.offset(0, 0)
[16:16:57.343072] {mesa vk display queue}  -> wl_surface#71.attach(wl_buffer#134, 0, 0)
[16:16:57.343076] {mesa vk display queue}  -> wl_surface#71.damage_buffer(25, 16, 1, 18)
[16:16:57.343080] {mesa vk display queue}  -> wl_surface#71.commit()
[16:16:57.358919] {Display Queue} wl_display#1.delete_id(130)
[16:16:57.358936] {Display Queue} wl_display#1.delete_id(143)
[16:16:57.358940] {Default Queue} wp_presentation_feedback#130.sync_output(wl_output#29)
[16:16:57.358943] {Default Queue} wp_presentation_feedback#130.presented(0, 94883, 294241430, 0, 0, 0, 1)
[16:16:57.358948] {Default Queue} wl_callback#143.done(94883294)
[16:16:57.359177]  -> wl_surface#71.frame(new id wl_callback#143)
[16:16:57.359184] {Default Queue}  -> wp_presentation#19.feedback(wl_surface#71, new id wp_presentation_feedback#130)
[16:16:57.359188]  -> wl_surface#71.offset(0, 0)
[16:16:57.359208] {mesa vk display queue}  -> wl_surface#71.attach(wl_buffer#118, 0, 0)
[16:16:57.359212] {mesa vk display queue}  -> wl_surface#71.damage_buffer(25, 16, 1, 18)
[16:16:57.359215] {mesa vk display queue}  -> wl_surface#71.commit()
[16:16:57.375748] {Display Queue} wl_display#1.delete_id(137)
[16:16:57.375774] {Display Queue} wl_display#1.delete_id(143)
[16:16:57.375780] {Default Queue} wp_presentation_feedback#137.sync_output(wl_output#29)
[16:16:57.375786] {Default Queue} wp_presentation_feedback#137.presented(0, 94883, 310905446, 0, 0, 0, 1)
[16:16:57.375795] {Default Queue} wl_callback#143.done(94883310)
[16:16:57.376096]  -> wl_surface#71.frame(new id wl_callback#143)
[16:16:57.376109] {Default Queue}  -> wp_presentation#19.feedback(wl_surface#71, new id wp_presentation_feedback#137)
[16:16:57.376126]  -> wl_surface#71.offset(0, 0)
[16:16:57.376170] {mesa vk display queue}  -> wl_surface#71.attach(wl_buffer#144, 0, 0)
[16:16:57.376177] {mesa vk display queue}  -> wl_surface#71.damage_buffer(25, 16, 1, 18)
[16:16:57.376183] {mesa vk display queue}  -> wl_surface#71.commit()
[16:16:57.392402] {Display Queue} wl_display#1.delete_id(130)
[16:16:57.392419] {Display Queue} wl_display#1.delete_id(143)
[16:16:57.392422] {Default Queue} wp_presentation_feedback#130.sync_output(wl_output#29)
[16:16:57.392425] {Default Queue} wp_presentation_feedback#130.presented(0, 94883, 327821773, 0, 0, 0, 1)
[16:16:57.392430] {Default Queue} wl_callback#143.done(94883327)
[16:16:57.392534] {mesa vk display queue} wl_buffer#139.release()
[16:16:57.392539] {mesa vk display queue} wl_buffer#134.release()
[16:16:57.392541] {mesa vk display queue} wl_buffer#118.release()
[16:16:57.392665]  -> wl_surface#71.frame(new id wl_callback#143)
[16:16:57.392672] {Default Queue}  -> wp_presentation#19.feedback(wl_surface#71, new id wp_presentation_feedback#130)
[16:16:57.392676]  -> wl_surface#71.offset(0, 0)
[16:16:57.392694] {mesa vk display queue}  -> wl_surface#71.attach(wl_buffer#134, 0, 0)
[16:16:57.392698] {mesa vk display queue}  -> wl_surface#71.damage_buffer(25, 16, 1, 18)
[16:16:57.392700] {mesa vk display queue}  -> wl_surface#71.commit()
[16:16:57.409162] {Display Queue} wl_display#1.delete_id(137)
[16:16:57.409178] {Display Queue} wl_display#1.delete_id(143)
[16:16:57.409182] {Default Queue} wp_presentation_feedback#137.sync_output(wl_output#29)
[16:16:57.409185] {Default Queue} wp_presentation_feedback#137.presented(0, 94883, 344480935, 0, 0, 0, 1)
[16:16:57.409190] {Default Queue} wl_callback#143.done(94883344)
[16:16:57.409408]  -> wl_surface#71.frame(new id wl_callback#143)
[16:16:57.409416] {Default Queue}  -> wp_presentation#19.feedback(wl_surface#71, new id wp_presentation_feedback#137)
[16:16:57.409420]  -> wl_surface#71.offset(0, 0)
[16:16:57.409436] {mesa vk display queue}  -> wl_surface#71.attach(wl_buffer#118, 0, 0)
[16:16:57.409440] {mesa vk display queue}  -> wl_surface#71.damage_buffer(25, 16, 1, 18)
[16:16:57.409443] {mesa vk display queue}  -> wl_surface#71.commit()
[16:16:57.425753] {Display Queue} wl_display#1.delete_id(130)
[16:16:57.425769] {Display Queue} wl_display#1.delete_id(143)
[16:16:57.425773] {Default Queue} wp_presentation_feedback#130.sync_output(wl_output#29)
[16:16:57.425775] {Default Queue} wp_presentation_feedback#130.presented(0, 94883, 361074058, 0, 0, 0, 1)
[16:16:57.425781] {Default Queue} wl_callback#143.done(94883361)
[16:16:57.426011]  -> wl_surface#71.frame(new id wl_callback#143)
[16:16:57.426019] {Default Queue}  -> wp_presentation#19.feedback(wl_surface#71, new id wp_presentation_feedback#130)
[16:16:57.426022]  -> wl_surface#71.offset(0, 0)
[16:16:57.426041] {mesa vk display queue}  -> wl_surface#71.attach(wl_buffer#139, 0, 0)
[16:16:57.426045] {mesa vk display queue}  -> wl_surface#71.damage_buffer(25, 16, 1, 18)
[16:16:57.426048] {mesa vk display queue}  -> wl_surface#71.commit()
[16:16:57.442287] {Display Queue} wl_display#1.delete_id(137)
[16:16:57.442303] {Display Queue} wl_display#1.delete_id(143)
[16:16:57.442307] {Default Queue} wp_presentation_feedback#137.sync_output(wl_output#29)
[16:16:57.442310] {Default Queue} wp_presentation_feedback#137.presented(0, 94883, 377618850, 0, 0, 0, 1)
[16:16:57.442316] {Default Queue} wl_callback#143.done(94883377)
[16:16:57.459120] {Display Queue} wl_display#1.delete_id(130)
[16:16:57.459135] {Default Queue} wp_presentation_feedback#130.sync_output(wl_output#29)
[16:16:57.459140] {Default Queue} wp_presentation_feedback#130.presented(0, 94883, 394317037, 0, 0, 0, 1)
[16:16:57.508687] {Default Queue} wl_pointer#31.enter(103, wl_surface#71, 40.00000000, 153.00000000)
[16:16:57.508708] {Default Queue}  -> wp_cursor_shape_device_v1#40.set_shape(103, 1)
[16:16:57.508712] {Default Queue} wl_pointer#31.frame()
[16:16:57.508720] {Default Queue} wl_pointer#31.motion(0, 40.00000000, 153.00000000)
[16:16:57.521375] {Default Queue} wl_pointer#31.motion(94883456, 40.00000000, 153.00000000)
[16:16:57.521403] xdg_toplevel#107.configure(373, 558, array[20])
[16:16:57.521407] xdg_surface#106.configure(105)
[16:16:57.521412]  -> xdg_surface#106.ack_configure(105)
[16:16:57.521414] xdg_toplevel#75.configure(373, 558, array[16])
[16:16:57.521417] xdg_surface#74.configure(104)
[16:16:57.521422]  -> xdg_surface#74.ack_configure(104)
[16:16:57.521453] {mesa present modes query}  -> wl_display#1.get_registry(new id wl_registry#130)
[16:16:57.521458] {mesa present modes query}  -> wl_display#1.sync(new id wl_callback#143)
[16:16:57.521523] {Display Queue} wl_display#1.delete_id(143)
[16:16:57.521527] {mesa present modes query} wl_registry#130.global(1, "wl_seat", 9)
[16:16:57.521531] {mesa present modes query} wl_registry#130.global(2, "wl_data_device_manager", 3)
[16:16:57.521533] {mesa present modes query} wl_registry#130.global(3, "wl_compositor", 6)
[16:16:57.521535] {mesa present modes query} wl_registry#130.global(4, "wl_subcompositor", 1)
[16:16:57.521537] {mesa present modes query} wl_registry#130.global(5, "wl_shm", 2)
[16:16:57.521539] {mesa present modes query} wl_registry#130.global(6, "wp_viewporter", 1)
[16:16:57.521541] {mesa present modes query} wl_registry#130.global(7, "wp_tearing_control_manager_v1", 1)
[16:16:57.521544] {mesa present modes query}  -> wl_registry#130.bind(7, "wp_tearing_control_manager_v1", 1, new id [unknown]#137)
[16:16:57.521548] {mesa present modes query} wl_registry#130.global(8, "wp_fractional_scale_manager_v1", 1)
[16:16:57.521550] {mesa present modes query} wl_registry#130.global(9, "zxdg_output_manager_v1", 3)
[16:16:57.521552] {mesa present modes query} wl_registry#130.global(10, "wp_cursor_shape_manager_v1", 2)
[16:16:57.521555] {mesa present modes query} wl_registry#130.global(11, "zwp_idle_inhibit_manager_v1", 1)
[16:16:57.521557] {mesa present modes query} wl_registry#130.global(12, "zwp_relative_pointer_manager_v1", 1)
[16:16:57.521559] {mesa present modes query} wl_registry#130.global(13, "zxdg_decoration_manager_v1", 2)
[16:16:57.521562] {mesa present modes query} wl_registry#130.global(14, "wp_alpha_modifier_v1", 1)
[16:16:57.521564] {mesa present modes query} wl_registry#130.global(15, "zwlr_gamma_control_manager_v1", 1)
[16:16:57.521566] {mesa present modes query} wl_registry#130.global(16, "ext_foreign_toplevel_list_v1", 1)
[16:16:57.521568] {mesa present modes query} wl_registry#130.global(17, "zwp_pointer_gestures_v1", 3)
[16:16:57.521570] {mesa present modes query} wl_registry#130.global(18, "zwlr_foreign_toplevel_manager_v1", 3)
[16:16:57.521573] {mesa present modes query} wl_registry#130.global(19, "zwp_keyboard_shortcuts_inhibit_manager_v1", 1)
[16:16:57.521575] {mesa present modes query} wl_registry#130.global(20, "zwp_text_input_manager_v1", 1)
[16:16:57.521577] {mesa present modes query} wl_registry#130.global(21, "zwp_text_input_manager_v3", 1)
[16:16:57.521579] {mesa present modes query} wl_registry#130.global(22, "zwp_pointer_constraints_v1", 1)
[16:16:57.521582] {mesa present modes query} wl_registry#130.global(23, "zwlr_output_power_manager_v1", 1)
[16:16:57.521584] {mesa present modes query} wl_registry#130.global(24, "xdg_activation_v1", 1)
[16:16:57.521586] {mesa present modes query} wl_registry#130.global(25, "ext_idle_notifier_v1", 2)
[16:16:57.521588] {mesa present modes query} wl_registry#130.global(26, "hyprland_lock_notifier_v1", 1)
[16:16:57.521591] {mesa present modes query} wl_registry#130.global(27, "ext_session_lock_manager_v1", 1)
[16:16:57.521593] {mesa present modes query} wl_registry#130.global(28, "zwp_input_method_manager_v2", 1)
[16:16:57.521595] {mesa present modes query} wl_registry#130.global(29, "zwp_virtual_keyboard_manager_v1", 1)
[16:16:57.521597] {mesa present modes query} wl_registry#130.global(30, "zwlr_virtual_pointer_manager_v1", 2)
[16:16:57.521599] {mesa present modes query} wl_registry#130.global(31, "zwlr_output_manager_v1", 4)
[16:16:57.521602] {mesa present modes query} wl_registry#130.global(32, "org_kde_kwin_server_decoration_manager", 1)
[16:16:57.521609] {mesa present modes query} wl_registry#130.global(33, "hyprland_focus_grab_manager_v1", 1)
[16:16:57.521612] {mesa present modes query} wl_registry#130.global(34, "zwp_tablet_manager_v2", 1)
[16:16:57.521614] {mesa present modes query} wl_registry#130.global(35, "zwlr_layer_shell_v1", 5)
[16:16:57.521617] {mesa present modes query} wl_registry#130.global(36, "wp_presentation", 2)
[16:16:57.521619] {mesa present modes query}  -> wl_registry#130.bind(36, "wp_presentation", 2, new id [unknown]#131)
[16:16:57.521621] {mesa present modes query} wl_registry#130.global(37, "xdg_wm_base", 7)
[16:16:57.521624] {mesa present modes query} wl_registry#130.global(38, "zwlr_data_control_manager_v1", 2)
[16:16:57.521626] {mesa present modes query} wl_registry#130.global(39, "zwp_primary_selection_device_manager_v1", 1)
[16:16:57.521628] {mesa present modes query} wl_registry#130.global(40, "xwayland_shell_v1", 1)
[16:16:57.521630] {mesa present modes query} wl_registry#130.global(41, "hyprland_toplevel_mapping_manager_v1", 1)
[16:16:57.521632] {mesa present modes query} wl_registry#130.global(42, "hyprland_global_shortcuts_manager_v1", 1)
[16:16:57.521634] {mesa present modes query} wl_registry#130.global(43, "xdg_wm_dialog_v1", 1)
[16:16:57.521636] {mesa present modes query} wl_registry#130.global(44, "wp_single_pixel_buffer_manager_v1", 1)
[16:16:57.521638] {mesa present modes query} wl_registry#130.global(45, "wp_security_context_manager_v1", 1)
[16:16:57.521641] {mesa present modes query} wl_registry#130.global(46, "hyprland_ctm_control_manager_v1", 2)
[16:16:57.521643] {mesa present modes query} wl_registry#130.global(47, "hyprland_input_capture_manager_v1", 1)
[16:16:57.521646] {mesa present modes query} wl_registry#130.global(48, "hyprland_surface_manager_v1", 2)
[16:16:57.521648] {mesa present modes query} wl_registry#130.global(49, "wp_content_type_manager_v1", 1)
[16:16:57.521650] {mesa present modes query} wl_registry#130.global(50, "xdg_toplevel_tag_manager_v1", 1)
[16:16:57.521652] {mesa present modes query} wl_registry#130.global(51, "xdg_system_bell_v1", 1)
[16:16:57.521654] {mesa present modes query} wl_registry#130.global(52, "vicinae_hotkey_manager_v1", 1)
[16:16:57.521656] {mesa present modes query} wl_registry#130.global(53, "ext_workspace_manager_v1", 1)
[16:16:57.521658] {mesa present modes query} wl_registry#130.global(54, "ext_data_control_manager_v1", 1)
[16:16:57.521661] {mesa present modes query} wl_registry#130.global(55, "wp_pointer_warp_v1", 1)
[16:16:57.521663] {mesa present modes query} wl_registry#130.global(56, "wp_fifo_manager_v1", 1)
[16:16:57.521665] {mesa present modes query}  -> wl_registry#130.bind(56, "wp_fifo_manager_v1", 1, new id [unknown]#147)
[16:16:57.521667] {mesa present modes query} wl_registry#130.global(57, "zxdg_exporter_v2", 1)
[16:16:57.521670] {mesa present modes query} wl_registry#130.global(58, "zxdg_importer_v2", 1)
[16:16:57.521672] {mesa present modes query} wl_registry#130.global(59, "ext_background_effect_manager_v1", 1)
[16:16:57.521674] {mesa present modes query} wl_registry#130.global(60, "wp_commit_timing_manager_v1", 1)
[16:16:57.521677] {mesa present modes query}  -> wl_registry#130.bind(60, "wp_commit_timing_manager_v1", 1, new id [unknown]#146)
[16:16:57.521680] {mesa present modes query} wl_registry#130.global(61, "zwlr_screencopy_manager_v1", 3)
[16:16:57.521682] {mesa present modes query} wl_registry#130.global(62, "hyprland_toplevel_export_manager_v1", 2)
[16:16:57.521684] {mesa present modes query} wl_registry#130.global(63, "ext_output_image_capture_source_manager_v1", 1)
[16:16:57.521686] {mesa present modes query} wl_registry#130.global(64, "ext_foreign_toplevel_image_capture_source_manager_v1", 1)
[16:16:57.521689] {mesa present modes query} wl_registry#130.global(65, "ext_image_copy_capture_manager_v1", 1)
[16:16:57.521692] {mesa present modes query} wl_registry#130.global(66, "wp_color_manager_v1", 3)
[16:16:57.521694] {mesa present modes query}  -> wl_registry#130.bind(66, "wp_color_manager_v1", 1, new id [unknown]#135)
[16:16:57.521698] {mesa present modes query} wl_registry#130.global(67, "wl_drm", 2)
[16:16:57.521701] {mesa present modes query} wl_registry#130.global(68, "zwp_linux_dmabuf_v1", 5)
[16:16:57.521704] {mesa present modes query}  -> wl_registry#130.bind(68, "zwp_linux_dmabuf_v1", 4, new id [unknown]#145)
[16:16:57.521706] {mesa present modes query} wl_registry#130.global(69, "wl_output", 4)
[16:16:57.521709] {mesa present modes query} wl_callback#143.done(105)
[16:16:57.521711] {mesa present modes query}  -> zwp_linux_dmabuf_v1#145.get_default_feedback(new id zwp_linux_dmabuf_feedback_v1#143)
[16:16:57.521716] {mesa present modes query}  -> wl_display#1.sync(new id wl_callback#127)
[16:16:57.521769] {Display Queue} wl_display#1.delete_id(127)
[16:16:57.521772] {mesa present modes query} wp_presentation#131.clock_id(1)
[16:16:57.521774] {mesa present modes query} wp_color_manager_v1#135.supported_feature(1)
[16:16:57.521776] {mesa present modes query} wp_color_manager_v1#135.supported_feature(2)
[16:16:57.521778] {mesa present modes query} wp_color_manager_v1#135.supported_feature(4)
[16:16:57.521780] {mesa present modes query} wp_color_manager_v1#135.supported_feature(7)
[16:16:57.521781] {mesa present modes query} wp_color_manager_v1#135.supported_feature(5)
[16:16:57.521783] {mesa present modes query} wp_color_manager_v1#135.supported_feature(6)
[16:16:57.521785] {mesa present modes query} wp_color_manager_v1#135.supported_primaries_named(1)
[16:16:57.521787] {mesa present modes query} wp_color_manager_v1#135.supported_primaries_named(6)
[16:16:57.521789] {mesa present modes query} wp_color_manager_v1#135.supported_primaries_named(2)
[16:16:57.521791] {mesa present modes query} wp_color_manager_v1#135.supported_primaries_named(3)
[16:16:57.521793] {mesa present modes query} wp_color_manager_v1#135.supported_primaries_named(4)
[16:16:57.521795] {mesa present modes query} wp_color_manager_v1#135.supported_primaries_named(5)
[16:16:57.521797] {mesa present modes query} wp_color_manager_v1#135.supported_primaries_named(8)
[16:16:57.521798] {mesa present modes query} wp_color_manager_v1#135.supported_primaries_named(9)
[16:16:57.521800] {mesa present modes query} wp_color_manager_v1#135.supported_primaries_named(10)
[16:16:57.521802] {mesa present modes query} wp_color_manager_v1#135.supported_primaries_named(7)
[16:16:57.521804] {mesa present modes query} wp_color_manager_v1#135.supported_tf_named(9)
[16:16:57.521806] {mesa present modes query} wp_color_manager_v1#135.supported_tf_named(10)
[16:16:57.521808] {mesa present modes query} wp_color_manager_v1#135.supported_tf_named(2)
[16:16:57.521810] {mesa present modes query} wp_color_manager_v1#135.supported_tf_named(3)
[16:16:57.521812] {mesa present modes query} wp_color_manager_v1#135.supported_tf_named(5)
[16:16:57.521814] {mesa present modes query} wp_color_manager_v1#135.supported_tf_named(11)
[16:16:57.521816] {mesa present modes query} wp_color_manager_v1#135.supported_tf_named(13)
[16:16:57.521818] {mesa present modes query} wp_color_manager_v1#135.supported_tf_named(1)
[16:16:57.521820] {mesa present modes query} wp_color_manager_v1#135.supported_tf_named(4)
[16:16:57.521821] {mesa present modes query} wp_color_manager_v1#135.supported_tf_named(6)
[16:16:57.521823] {mesa present modes query} wp_color_manager_v1#135.supported_tf_named(7)
[16:16:57.521826] {mesa present modes query} wp_color_manager_v1#135.supported_tf_named(8)
[16:16:57.521827] {mesa present modes query} wp_color_manager_v1#135.supported_tf_named(12)
[16:16:57.521829] {mesa present modes query} wp_color_manager_v1#135.supported_intent(0)
[16:16:57.521831] {mesa present modes query} wp_color_manager_v1#135.done()
[16:16:57.521834] {mesa present modes query} zwp_linux_dmabuf_feedback_v1#143.format_table(fd 18, 2960)
[16:16:57.521846] {mesa present modes query} zwp_linux_dmabuf_feedback_v1#143.main_device(array[8])
[16:16:57.521849] {mesa present modes query} zwp_linux_dmabuf_feedback_v1#143.tranche_target_device(array[8])
[16:16:57.521851] {mesa present modes query} zwp_linux_dmabuf_feedback_v1#143.tranche_flags(0)
[16:16:57.521854] {mesa present modes query} zwp_linux_dmabuf_feedback_v1#143.tranche_formats(array[370])
[16:16:57.521872] {mesa present modes query} zwp_linux_dmabuf_feedback_v1#143.tranche_done()
[16:16:57.521874] {mesa present modes query} zwp_linux_dmabuf_feedback_v1#143.done()
[16:16:57.521876] {mesa present modes query} wl_callback#127.done(105)
[16:16:57.521878] {mesa present modes query}  -> wl_display#1.sync(new id wl_callback#127)
[16:16:57.521902] {Display Queue} wl_display#1.delete_id(127)
[16:16:57.521905] {mesa present modes query} wl_callback#127.done(105)
[16:16:57.521908] {mesa present modes query}  -> zwp_linux_dmabuf_feedback_v1#143.destroy()
[16:16:57.522100] {mesa present modes query}  -> zwp_linux_dmabuf_v1#145.destroy()
[16:16:57.522103] {mesa present modes query}  -> wp_presentation#131.destroy()
[16:16:57.522105] {mesa present modes query}  -> wp_fifo_manager_v1#147.destroy()
[16:16:57.522106] {mesa present modes query}  -> wp_commit_timing_manager_v1#146.destroy()
[16:16:57.522108] {mesa present modes query}  -> wp_tearing_control_manager_v1#137.destroy()
[16:16:57.522110] {mesa present modes query}  -> wp_color_manager_v1#135.destroy()
[16:16:57.522113] {mesa present modes query}  -> wl_display#1.get_registry(new id wl_registry#127)
[16:16:57.522115] {mesa present modes query}  -> wl_display#1.sync(new id wl_callback#132)
[16:16:57.522154] {Display Queue} wl_display#1.delete_id(143)
[16:16:57.522157] {Display Queue} wl_display#1.delete_id(145)
[16:16:57.522159] {Display Queue} wl_display#1.delete_id(131)
[16:16:57.522160] {Display Queue} wl_display#1.delete_id(147)
[16:16:57.522162] {Display Queue} wl_display#1.delete_id(146)
[16:16:57.522164] {Display Queue} wl_display#1.delete_id(137)
[16:16:57.522166] {Display Queue} wl_display#1.delete_id(132)
[16:16:57.522167] {mesa present modes query} wl_registry#127.global(1, "wl_seat", 9)
[16:16:57.522170] {mesa present modes query} wl_registry#127.global(2, "wl_data_device_manager", 3)
[16:16:57.522172] {mesa present modes query} wl_registry#127.global(3, "wl_compositor", 6)
[16:16:57.522174] {mesa present modes query} wl_registry#127.global(4, "wl_subcompositor", 1)
[16:16:57.522176] {mesa present modes query} wl_registry#127.global(5, "wl_shm", 2)
[16:16:57.522178] {mesa present modes query} wl_registry#127.global(6, "wp_viewporter", 1)
[16:16:57.522180] {mesa present modes query} wl_registry#127.global(7, "wp_tearing_control_manager_v1", 1)
[16:16:57.522182] {mesa present modes query}  -> wl_registry#127.bind(7, "wp_tearing_control_manager_v1", 1, new id [unknown]#137)
[16:16:57.522186] {mesa present modes query} wl_registry#127.global(8, "wp_fractional_scale_manager_v1", 1)
[16:16:57.522188] {mesa present modes query} wl_registry#127.global(9, "zxdg_output_manager_v1", 3)
[16:16:57.522190] {mesa present modes query} wl_registry#127.global(10, "wp_cursor_shape_manager_v1", 2)
[16:16:57.522192] {mesa present modes query} wl_registry#127.global(11, "zwp_idle_inhibit_manager_v1", 1)
[16:16:57.522194] {mesa present modes query} wl_registry#127.global(12, "zwp_relative_pointer_manager_v1", 1)
[16:16:57.522196] {mesa present modes query} wl_registry#127.global(13, "zxdg_decoration_manager_v1", 2)
[16:16:57.522198] {mesa present modes query} wl_registry#127.global(14, "wp_alpha_modifier_v1", 1)
[16:16:57.522200] {mesa present modes query} wl_registry#127.global(15, "zwlr_gamma_control_manager_v1", 1)
[16:16:57.522202] {mesa present modes query} wl_registry#127.global(16, "ext_foreign_toplevel_list_v1", 1)
[16:16:57.522204] {mesa present modes query} wl_registry#127.global(17, "zwp_pointer_gestures_v1", 3)
[16:16:57.522206] {mesa present modes query} wl_registry#127.global(18, "zwlr_foreign_toplevel_manager_v1", 3)
[16:16:57.522208] {mesa present modes query} wl_registry#127.global(19, "zwp_keyboard_shortcuts_inhibit_manager_v1", 1)
[16:16:57.522210] {mesa present modes query} wl_registry#127.global(20, "zwp_text_input_manager_v1", 1)
[16:16:57.522212] {mesa present modes query} wl_registry#127.global(21, "zwp_text_input_manager_v3", 1)
[16:16:57.522215] {mesa present modes query} wl_registry#127.global(22, "zwp_pointer_constraints_v1", 1)
[16:16:57.522218] {mesa present modes query} wl_registry#127.global(23, "zwlr_output_power_manager_v1", 1)
[16:16:57.522220] {mesa present modes query} wl_registry#127.global(24, "xdg_activation_v1", 1)
[16:16:57.522222] {mesa present modes query} wl_registry#127.global(25, "ext_idle_notifier_v1", 2)
[16:16:57.522224] {mesa present modes query} wl_registry#127.global(26, "hyprland_lock_notifier_v1", 1)
[16:16:57.522226] {mesa present modes query} wl_registry#127.global(27, "ext_session_lock_manager_v1", 1)
[16:16:57.522228] {mesa present modes query} wl_registry#127.global(28, "zwp_input_method_manager_v2", 1)
[16:16:57.522230] {mesa present modes query} wl_registry#127.global(29, "zwp_virtual_keyboard_manager_v1", 1)
[16:16:57.522232] {mesa present modes query} wl_registry#127.global(30, "zwlr_virtual_pointer_manager_v1", 2)
[16:16:57.522234] {mesa present modes query} wl_registry#127.global(31, "zwlr_output_manager_v1", 4)
[16:16:57.522236] {mesa present modes query} wl_registry#127.global(32, "org_kde_kwin_server_decoration_manager", 1)
[16:16:57.522238] {mesa present modes query} wl_registry#127.global(33, "hyprland_focus_grab_manager_v1", 1)
[16:16:57.522240] {mesa present modes query} wl_registry#127.global(34, "zwp_tablet_manager_v2", 1)
[16:16:57.522241] {mesa present modes query} wl_registry#127.global(35, "zwlr_layer_shell_v1", 5)
[16:16:57.522243] {mesa present modes query} wl_registry#127.global(36, "wp_presentation", 2)
[16:16:57.522245] {mesa present modes query}  -> wl_registry#127.bind(36, "wp_presentation", 2, new id [unknown]#146)
[16:16:57.522251] {mesa present modes query} wl_registry#127.global(37, "xdg_wm_base", 7)
[16:16:57.522253] {mesa present modes query} wl_registry#127.global(38, "zwlr_data_control_manager_v1", 2)
[16:16:57.522255] {mesa present modes query} wl_registry#127.global(39, "zwp_primary_selection_device_manager_v1", 1)
[16:16:57.522257] {mesa present modes query} wl_registry#127.global(40, "xwayland_shell_v1", 1)
[16:16:57.522259] {mesa present modes query} wl_registry#127.global(41, "hyprland_toplevel_mapping_manager_v1", 1)
[16:16:57.522260] {mesa present modes query} wl_registry#127.global(42, "hyprland_global_shortcuts_manager_v1", 1)
[16:16:57.522262] {mesa present modes query} wl_registry#127.global(43, "xdg_wm_dialog_v1", 1)
[16:16:57.522264] {mesa present modes query} wl_registry#127.global(44, "wp_single_pixel_buffer_manager_v1", 1)
[16:16:57.522266] {mesa present modes query} wl_registry#127.global(45, "wp_security_context_manager_v1", 1)
[16:16:57.522268] {mesa present modes query} wl_registry#127.global(46, "hyprland_ctm_control_manager_v1", 2)
[16:16:57.522271] {mesa present modes query} wl_registry#127.global(47, "hyprland_input_capture_manager_v1", 1)
[16:16:57.522273] {mesa present modes query} wl_registry#127.global(48, "hyprland_surface_manager_v1", 2)
[16:16:57.522275] {mesa present modes query} wl_registry#127.global(49, "wp_content_type_manager_v1", 1)
[16:16:57.522276] {mesa present modes query} wl_registry#127.global(50, "xdg_toplevel_tag_manager_v1", 1)
[16:16:57.522278] {mesa present modes query} wl_registry#127.global(51, "xdg_system_bell_v1", 1)
[16:16:57.522280] {mesa present modes query} wl_registry#127.global(52, "vicinae_hotkey_manager_v1", 1)
[16:16:57.522282] {mesa present modes query} wl_registry#127.global(53, "ext_workspace_manager_v1", 1)
[16:16:57.522284] {mesa present modes query} wl_registry#127.global(54, "ext_data_control_manager_v1", 1)
[16:16:57.522286] {mesa present modes query} wl_registry#127.global(55, "wp_pointer_warp_v1", 1)
[16:16:57.522288] {mesa present modes query} wl_registry#127.global(56, "wp_fifo_manager_v1", 1)
[16:16:57.522290] {mesa present modes query}  -> wl_registry#127.bind(56, "wp_fifo_manager_v1", 1, new id [unknown]#147)
[16:16:57.522293] {mesa present modes query} wl_registry#127.global(57, "zxdg_exporter_v2", 1)
[16:16:57.522295] {mesa present modes query} wl_registry#127.global(58, "zxdg_importer_v2", 1)
[16:16:57.522298] {mesa present modes query} wl_registry#127.global(59, "ext_background_effect_manager_v1", 1)
[16:16:57.522301] {mesa present modes query} wl_registry#127.global(60, "wp_commit_timing_manager_v1", 1)
[16:16:57.522303] {mesa present modes query}  -> wl_registry#127.bind(60, "wp_commit_timing_manager_v1", 1, new id [unknown]#131)
[16:16:57.522306] {mesa present modes query} wl_registry#127.global(61, "zwlr_screencopy_manager_v1", 3)
[16:16:57.522308] {mesa present modes query} wl_registry#127.global(62, "hyprland_toplevel_export_manager_v1", 2)
[16:16:57.522310] {mesa present modes query} wl_registry#127.global(63, "ext_output_image_capture_source_manager_v1", 1)
[16:16:57.522312] {mesa present modes query} wl_registry#127.global(64, "ext_foreign_toplevel_image_capture_source_manager_v1", 1)
[16:16:57.522315] {mesa present modes query} wl_registry#127.global(65, "ext_image_copy_capture_manager_v1", 1)
[16:16:57.522317] {mesa present modes query} wl_registry#127.global(66, "wp_color_manager_v1", 3)
[16:16:57.522319] {mesa present modes query}  -> wl_registry#127.bind(66, "wp_color_manager_v1", 1, new id [unknown]#145)
[16:16:57.522322] {mesa present modes query} wl_registry#127.global(67, "wl_drm", 2)
[16:16:57.522324] {mesa present modes query} wl_registry#127.global(68, "zwp_linux_dmabuf_v1", 5)
[16:16:57.522326] {mesa present modes query}  -> wl_registry#127.bind(68, "zwp_linux_dmabuf_v1", 4, new id [unknown]#143)
[16:16:57.522328] {mesa present modes query} wl_registry#127.global(69, "wl_output", 4)
[16:16:57.522330] {mesa present modes query} wl_callback#132.done(105)
[16:16:57.522332] {mesa present modes query}  -> zwp_linux_dmabuf_v1#143.get_default_feedback(new id zwp_linux_dmabuf_feedback_v1#132)
[16:16:57.522336] {mesa present modes query}  -> wl_display#1.sync(new id wl_callback#97)
[16:16:57.522376] {Display Queue} wl_display#1.delete_id(97)
[16:16:57.522379] {mesa present modes query} wp_presentation#146.clock_id(1)
[16:16:57.522381] {mesa present modes query} wp_color_manager_v1#145.supported_feature(1)
[16:16:57.522382] {mesa present modes query} wp_color_manager_v1#145.supported_feature(2)
[16:16:57.522384] {mesa present modes query} wp_color_manager_v1#145.supported_feature(4)
[16:16:57.522386] {mesa present modes query} wp_color_manager_v1#145.supported_feature(7)
[16:16:57.522388] {mesa present modes query} wp_color_manager_v1#145.supported_feature(5)
[16:16:57.522390] {mesa present modes query} wp_color_manager_v1#145.supported_feature(6)
[16:16:57.522391] {mesa present modes query} wp_color_manager_v1#145.supported_primaries_named(1)
[16:16:57.522394] {mesa present modes query} wp_color_manager_v1#145.supported_primaries_named(6)
[16:16:57.522395] {mesa present modes query} wp_color_manager_v1#145.supported_primaries_named(2)
[16:16:57.522397] {mesa present modes query} wp_color_manager_v1#145.supported_primaries_named(3)
[16:16:57.522399] {mesa present modes query} wp_color_manager_v1#145.supported_primaries_named(4)
[16:16:57.522402] {mesa present modes query} wp_color_manager_v1#145.supported_primaries_named(5)
[16:16:57.522403] {mesa present modes query} wp_color_manager_v1#145.supported_primaries_named(8)
[16:16:57.522405] {mesa present modes query} wp_color_manager_v1#145.supported_primaries_named(9)
[16:16:57.522407] {mesa present modes query} wp_color_manager_v1#145.supported_primaries_named(10)
[16:16:57.522409] {mesa present modes query} wp_color_manager_v1#145.supported_primaries_named(7)
[16:16:57.522411] {mesa present modes query} wp_color_manager_v1#145.supported_tf_named(9)
[16:16:57.522413] {mesa present modes query} wp_color_manager_v1#145.supported_tf_named(10)
[16:16:57.522414] {mesa present modes query} wp_color_manager_v1#145.supported_tf_named(2)
[16:16:57.522416] {mesa present modes query} wp_color_manager_v1#145.supported_tf_named(3)
[16:16:57.522418] {mesa present modes query} wp_color_manager_v1#145.supported_tf_named(5)
[16:16:57.522420] {mesa present modes query} wp_color_manager_v1#145.supported_tf_named(11)
[16:16:57.522423] {mesa present modes query} wp_color_manager_v1#145.supported_tf_named(13)
[16:16:57.522425] {mesa present modes query} wp_color_manager_v1#145.supported_tf_named(1)
[16:16:57.522427] {mesa present modes query} wp_color_manager_v1#145.supported_tf_named(4)
[16:16:57.522429] {mesa present modes query} wp_color_manager_v1#145.supported_tf_named(6)
[16:16:57.522430] {mesa present modes query} wp_color_manager_v1#145.supported_tf_named(7)
[16:16:57.522432] {mesa present modes query} wp_color_manager_v1#145.supported_tf_named(8)
[16:16:57.522434] {mesa present modes query} wp_color_manager_v1#145.supported_tf_named(12)
[16:16:57.522435] {mesa present modes query} wp_color_manager_v1#145.supported_intent(0)
[16:16:57.522437] {mesa present modes query} wp_color_manager_v1#145.done()
[16:16:57.522439] {mesa present modes query} zwp_linux_dmabuf_feedback_v1#132.format_table(fd 18, 2960)
[16:16:57.522444] {mesa present modes query} zwp_linux_dmabuf_feedback_v1#132.main_device(array[8])
[16:16:57.522446] {mesa present modes query} zwp_linux_dmabuf_feedback_v1#132.tranche_target_device(array[8])
[16:16:57.522448] {mesa present modes query} zwp_linux_dmabuf_feedback_v1#132.tranche_flags(0)
[16:16:57.522450] {mesa present modes query} zwp_linux_dmabuf_feedback_v1#132.tranche_formats(array[370])
[16:16:57.522459] {mesa present modes query} zwp_linux_dmabuf_feedback_v1#132.tranche_done()
[16:16:57.522461] {mesa present modes query} zwp_linux_dmabuf_feedback_v1#132.done()
[16:16:57.522462] {mesa present modes query} wl_callback#97.done(105)
[16:16:57.522464] {mesa present modes query}  -> wl_display#1.sync(new id wl_callback#97)
[16:16:57.522476] {Display Queue} wl_display#1.delete_id(97)
[16:16:57.522478] {mesa present modes query} wl_callback#97.done(105)
[16:16:57.522480] {mesa present modes query}  -> zwp_linux_dmabuf_feedback_v1#132.destroy()
[16:16:57.522484] {mesa present modes query}  -> zwp_linux_dmabuf_v1#143.destroy()
[16:16:57.522487] {mesa present modes query}  -> wp_presentation#146.destroy()
[16:16:57.522488] {mesa present modes query}  -> wp_fifo_manager_v1#147.destroy()
[16:16:57.522490] {mesa present modes query}  -> wp_commit_timing_manager_v1#131.destroy()
[16:16:57.522492] {mesa present modes query}  -> wp_tearing_control_manager_v1#137.destroy()
[16:16:57.522494] {mesa present modes query}  -> wp_color_manager_v1#145.destroy()
[16:16:57.522499] {mesa vk display queue}  -> wp_fifo_v1#128.destroy()
[16:16:57.522502] {mesa vk display queue}  -> wp_commit_timer_v1#62.destroy()
[16:16:57.522504] {mesa vk display queue}  -> wl_display#1.sync(new id wl_callback#97)
[16:16:57.522506] {mesa vk display queue} wl_buffer#129.release()
[16:16:57.522508] {mesa vk display queue} wl_buffer#138.release()
[16:16:57.522525] {Display Queue} wl_display#1.delete_id(132)
[16:16:57.522527] {Display Queue} wl_display#1.delete_id(143)
[16:16:57.522529] {Display Queue} wl_display#1.delete_id(146)
[16:16:57.522531] {Display Queue} wl_display#1.delete_id(147)
[16:16:57.522532] {Display Queue} wl_display#1.delete_id(131)
[16:16:57.522534] {Display Queue} wl_display#1.delete_id(137)
[16:16:57.522536] {Display Queue} wl_display#1.delete_id(128)
[16:16:57.522537] {Display Queue} wl_display#1.delete_id(62)
[16:16:57.522539] {Display Queue} wl_display#1.delete_id(97)
[16:16:57.522541] {mesa vk display queue} wl_callback#97.done(105)
[16:16:57.522561] {mesa vk display queue}  -> wp_fifo_manager_v1#49.get_fifo(new id wp_fifo_v1#97, wl_surface#42)
[16:16:57.522564] {mesa vk display queue}  -> wp_commit_timing_manager_v1#48.get_timer(new id wp_commit_timer_v1#62, wl_surface#42)
[16:16:57.522597] {mesa vk display queue}  -> zwp_linux_dmabuf_v1#60.create_params(new id zwp_linux_buffer_params_v1#128)
[16:16:57.522600] {mesa vk display queue}  -> zwp_linux_buffer_params_v1#128.add(fd 21, 0, 0, 1536, 16777216, 15)
[16:16:57.522603] {mesa vk display queue}  -> zwp_linux_buffer_params_v1#128.add(fd 22, 1, 884736, 192, 16777216, 15)
[16:16:57.522606] {mesa vk display queue}  -> zwp_linux_buffer_params_v1#128.add(fd 23, 2, 888832, 64, 16777216, 15)
[16:16:57.522610] {mesa vk display queue}  -> zwp_linux_buffer_params_v1#128.create_immed(new id wl_buffer#137, 373, 558, 875713089, 0)
[16:16:57.522614] {mesa vk display queue}  -> zwp_linux_buffer_params_v1#128.destroy()
[16:16:57.522625] {mesa vk display queue}  -> zwp_linux_dmabuf_v1#60.create_params(new id zwp_linux_buffer_params_v1#131)
[16:16:57.522627] {mesa vk display queue}  -> zwp_linux_buffer_params_v1#131.add(fd 27, 0, 0, 1536, 16777216, 15)
[16:16:57.522630] {mesa vk display queue}  -> zwp_linux_buffer_params_v1#131.add(fd 28, 1, 884736, 192, 16777216, 15)
[16:16:57.522632] {mesa vk display queue}  -> zwp_linux_buffer_params_v1#131.add(fd 29, 2, 888832, 64, 16777216, 15)
[16:16:57.522634] {mesa vk display queue}  -> zwp_linux_buffer_params_v1#131.create_immed(new id wl_buffer#147, 373, 558, 875713089, 0)
[16:16:57.522637] {mesa vk display queue}  -> zwp_linux_buffer_params_v1#131.destroy()
[16:16:57.522644] {mesa vk display queue}  -> zwp_linux_dmabuf_v1#60.create_params(new id zwp_linux_buffer_params_v1#146)
[16:16:57.522647] {mesa vk display queue}  -> zwp_linux_buffer_params_v1#146.add(fd 33, 0, 0, 1536, 16777216, 15)
[16:16:57.522649] {mesa vk display queue}  -> zwp_linux_buffer_params_v1#146.add(fd 34, 1, 884736, 192, 16777216, 15)
[16:16:57.522652] {mesa vk display queue}  -> zwp_linux_buffer_params_v1#146.add(fd 35, 2, 888832, 64, 16777216, 15)
[16:16:57.522654] {mesa vk display queue}  -> zwp_linux_buffer_params_v1#146.create_immed(new id wl_buffer#143, 373, 558, 875713089, 0)
[16:16:57.522657] {mesa vk display queue}  -> zwp_linux_buffer_params_v1#146.destroy()
[16:16:57.522665] {mesa vk display queue}  -> zwp_linux_dmabuf_v1#60.create_params(new id zwp_linux_buffer_params_v1#132)
[16:16:57.522667] {mesa vk display queue}  -> zwp_linux_buffer_params_v1#132.add(fd 39, 0, 0, 1536, 16777216, 15)
[16:16:57.522670] {mesa vk display queue}  -> zwp_linux_buffer_params_v1#132.add(fd 40, 1, 884736, 192, 16777216, 15)
[16:16:57.522672] {mesa vk display queue}  -> zwp_linux_buffer_params_v1#132.add(fd 41, 2, 888832, 64, 16777216, 15)
[16:16:57.522675] {mesa vk display queue}  -> zwp_linux_buffer_params_v1#132.create_immed(new id wl_buffer#141, 373, 558, 875713089, 0)
[16:16:57.522678] {mesa vk display queue}  -> zwp_linux_buffer_params_v1#132.destroy()
[16:16:57.522744] {mesa vk display queue}  -> wl_buffer#138.destroy()
[16:16:57.522752] {mesa vk display queue}  -> wl_buffer#125.destroy()
[16:16:57.522757] {mesa vk display queue}  -> wl_buffer#129.destroy()
[16:16:57.522762] {mesa vk display queue}  -> wl_buffer#140.destroy()
[16:16:57.523490]  -> xdg_surface#74.set_window_geometry(0, 0, 373, 558)
[16:16:57.523496] {Default Queue}  -> wl_compositor#5.create_region(new id wl_region#111)
[16:16:57.523499] {Default Queue}  -> wl_region#111.add(0, 0, 373, 558)
[16:16:57.523502]  -> wl_surface#42.set_opaque_region(wl_region#111)
[16:16:57.523504] {Default Queue}  -> wl_region#111.destroy()
[16:16:57.523506] {Default Queue}  -> wp_viewport#44.set_destination(373, 558)
[16:16:57.523509]  -> wl_surface#42.frame(new id wl_callback#148)
[16:16:57.523512] {Default Queue}  -> wp_presentation#19.feedback(wl_surface#42, new id wp_presentation_feedback#149)
[16:16:57.523516]  -> wl_surface#42.offset(0, 0)
[16:16:57.523532] discarded [unknown]#138.[event 0](0 fd, 8 byte)
[16:16:57.523535] discarded [unknown]#138.[event 0](0 fd, 8 byte)
[16:16:57.523537] discarded [unknown]#125.[event 0](0 fd, 8 byte)
[16:16:57.523538] discarded [unknown]#129.[event 0](0 fd, 8 byte)
[16:16:57.523539] discarded [unknown]#129.[event 0](0 fd, 8 byte)
[16:16:57.523540] discarded [unknown]#140.[event 0](0 fd, 8 byte)
[16:16:57.523542] discarded [unknown]#140.[event 0](0 fd, 8 byte)
[16:16:57.523544] {Display Queue} wl_display#1.delete_id(128)
[16:16:57.523546] {Display Queue} wl_display#1.delete_id(131)
[16:16:57.523548] {Display Queue} wl_display#1.delete_id(146)
[16:16:57.523550] {Display Queue} wl_display#1.delete_id(132)
[16:16:57.523551] {Display Queue} wl_display#1.delete_id(138)
[16:16:57.523553] {Display Queue} wl_display#1.delete_id(129)
[16:16:57.523558] {Display Queue} wl_display#1.delete_id(140)
[16:16:57.523564] {mesa vk display queue}  -> wl_surface#42.attach(wl_buffer#137, 0, 0)
[16:16:57.523567] {mesa vk display queue}  -> wl_surface#42.damage_buffer(0, 0, 373, 558)
[16:16:57.523570] {mesa vk display queue}  -> wl_surface#42.commit()
[16:16:57.523723] discarded [unknown]#125.[event 0](0 fd, 8 byte)
[16:16:57.523725] discarded [unknown]#125.[event 0](0 fd, 8 byte)
[16:16:57.523729] {Display Queue} wl_display#1.delete_id(111)
[16:16:57.523732] {Display Queue} wl_display#1.delete_id(125)
[16:16:57.525447] {Display Queue} wl_display#1.delete_id(148)
[16:16:57.525450] {Default Queue} wl_callback#148.done(94883460)
[16:16:57.525886] {mesa present modes query}  -> wl_display#1.get_registry(new id wl_registry#148)
[16:16:57.525891] {mesa present modes query}  -> wl_display#1.sync(new id wl_callback#125)
[16:16:57.525944] {Display Queue} wl_display#1.delete_id(125)
[16:16:57.525947] {mesa present modes query} wl_registry#148.global(1, "wl_seat", 9)
[16:16:57.525950] {mesa present modes query} wl_registry#148.global(2, "wl_data_device_manager", 3)
[16:16:57.525952] {mesa present modes query} wl_registry#148.global(3, "wl_compositor", 6)
[16:16:57.525955] {mesa present modes query} wl_registry#148.global(4, "wl_subcompositor", 1)
[16:16:57.525957] {mesa present modes query} wl_registry#148.global(5, "wl_shm", 2)
[16:16:57.525959] {mesa present modes query} wl_registry#148.global(6, "wp_viewporter", 1)
[16:16:57.525962] {mesa present modes query} wl_registry#148.global(7, "wp_tearing_control_manager_v1", 1)
[16:16:57.525964] {mesa present modes query}  -> wl_registry#148.bind(7, "wp_tearing_control_manager_v1", 1, new id [unknown]#111)
[16:16:57.525968] {mesa present modes query} wl_registry#148.global(8, "wp_fractional_scale_manager_v1", 1)
[16:16:57.525970] {mesa present modes query} wl_registry#148.global(9, "zxdg_output_manager_v1", 3)
[16:16:57.525973] {mesa present modes query} wl_registry#148.global(10, "wp_cursor_shape_manager_v1", 2)
[16:16:57.525975] {mesa present modes query} wl_registry#148.global(11, "zwp_idle_inhibit_manager_v1", 1)
[16:16:57.525977] {mesa present modes query} wl_registry#148.global(12, "zwp_relative_pointer_manager_v1", 1)
[16:16:57.525980] {mesa present modes query} wl_registry#148.global(13, "zxdg_decoration_manager_v1", 2)
[16:16:57.525982] {mesa present modes query} wl_registry#148.global(14, "wp_alpha_modifier_v1", 1)
[16:16:57.525984] {mesa present modes query} wl_registry#148.global(15, "zwlr_gamma_control_manager_v1", 1)
[16:16:57.525987] {mesa present modes query} wl_registry#148.global(16, "ext_foreign_toplevel_list_v1", 1)
[16:16:57.525989] {mesa present modes query} wl_registry#148.global(17, "zwp_pointer_gestures_v1", 3)
[16:16:57.525991] {mesa present modes query} wl_registry#148.global(18, "zwlr_foreign_toplevel_manager_v1", 3)
[16:16:57.525994] {mesa present modes query} wl_registry#148.global(19, "zwp_keyboard_shortcuts_inhibit_manager_v1", 1)
[16:16:57.525996] {mesa present modes query} wl_registry#148.global(20, "zwp_text_input_manager_v1", 1)
[16:16:57.525998] {mesa present modes query} wl_registry#148.global(21, "zwp_text_input_manager_v3", 1)
[16:16:57.526001] {mesa present modes query} wl_registry#148.global(22, "zwp_pointer_constraints_v1", 1)
[16:16:57.526004] {mesa present modes query} wl_registry#148.global(23, "zwlr_output_power_manager_v1", 1)
[16:16:57.526006] {mesa present modes query} wl_registry#148.global(24, "xdg_activation_v1", 1)
[16:16:57.526008] {mesa present modes query} wl_registry#148.global(25, "ext_idle_notifier_v1", 2)
[16:16:57.526010] {mesa present modes query} wl_registry#148.global(26, "hyprland_lock_notifier_v1", 1)
[16:16:57.526013] {mesa present modes query} wl_registry#148.global(27, "ext_session_lock_manager_v1", 1)
[16:16:57.526015] {mesa present modes query} wl_registry#148.global(28, "zwp_input_method_manager_v2", 1)
[16:16:57.526017] {mesa present modes query} wl_registry#148.global(29, "zwp_virtual_keyboard_manager_v1", 1)
[16:16:57.526019] {mesa present modes query} wl_registry#148.global(30, "zwlr_virtual_pointer_manager_v1", 2)
[16:16:57.526025] {mesa present modes query} wl_registry#148.global(31, "zwlr_output_manager_v1", 4)
[16:16:57.526029] {mesa present modes query} wl_registry#148.global(32, "org_kde_kwin_server_decoration_manager", 1)
[16:16:57.526031] {mesa present modes query} wl_registry#148.global(33, "hyprland_focus_grab_manager_v1", 1)
[16:16:57.526034] {mesa present modes query} wl_registry#148.global(34, "zwp_tablet_manager_v2", 1)
[16:16:57.526036] {mesa present modes query} wl_registry#148.global(35, "zwlr_layer_shell_v1", 5)
[16:16:57.526038] {mesa present modes query} wl_registry#148.global(36, "wp_presentation", 2)
[16:16:57.526041] {mesa present modes query}  -> wl_registry#148.bind(36, "wp_presentation", 2, new id [unknown]#140)
[16:16:57.526043] {mesa present modes query} wl_registry#148.global(37, "xdg_wm_base", 7)
[16:16:57.526045] {mesa present modes query} wl_registry#148.global(38, "zwlr_data_control_manager_v1", 2)
[16:16:57.526048] {mesa present modes query} wl_registry#148.global(39, "zwp_primary_selection_device_manager_v1", 1)
[16:16:57.526050] {mesa present modes query} wl_registry#148.global(40, "xwayland_shell_v1", 1)
[16:16:57.526052] {mesa present modes query} wl_registry#148.global(41, "hyprland_toplevel_mapping_manager_v1", 1)
[16:16:57.526055] {mesa present modes query} wl_registry#148.global(42, "hyprland_global_shortcuts_manager_v1", 1)
[16:16:57.526057] {mesa present modes query} wl_registry#148.global(43, "xdg_wm_dialog_v1", 1)
[16:16:57.526059] {mesa present modes query} wl_registry#148.global(44, "wp_single_pixel_buffer_manager_v1", 1)
[16:16:57.526062] {mesa present modes query} wl_registry#148.global(45, "wp_security_context_manager_v1", 1)
[16:16:57.526064] {mesa present modes query} wl_registry#148.global(46, "hyprland_ctm_control_manager_v1", 2)
[16:16:57.526066] {mesa present modes query} wl_registry#148.global(47, "hyprland_input_capture_manager_v1", 1)
[16:16:57.526069] {mesa present modes query} wl_registry#148.global(48, "hyprland_surface_manager_v1", 2)
[16:16:57.526071] {mesa present modes query} wl_registry#148.global(49, "wp_content_type_manager_v1", 1)
[16:16:57.526073] {mesa present modes query} wl_registry#148.global(50, "xdg_toplevel_tag_manager_v1", 1)
[16:16:57.526075] {mesa present modes query} wl_registry#148.global(51, "xdg_system_bell_v1", 1)
[16:16:57.526078] {mesa present modes query} wl_registry#148.global(52, "vicinae_hotkey_manager_v1", 1)
[16:16:57.526080] {mesa present modes query} wl_registry#148.global(53, "ext_workspace_manager_v1", 1)
[16:16:57.526082] {mesa present modes query} wl_registry#148.global(54, "ext_data_control_manager_v1", 1)
[16:16:57.526085] {mesa present modes query} wl_registry#148.global(55, "wp_pointer_warp_v1", 1)
[16:16:57.526087] {mesa present modes query} wl_registry#148.global(56, "wp_fifo_manager_v1", 1)
[16:16:57.526090] {mesa present modes query}  -> wl_registry#148.bind(56, "wp_fifo_manager_v1", 1, new id [unknown]#129)
[16:16:57.526092] {mesa present modes query} wl_registry#148.global(57, "zxdg_exporter_v2", 1)
[16:16:57.526094] {mesa present modes query} wl_registry#148.global(58, "zxdg_importer_v2", 1)
[16:16:57.526097] {mesa present modes query} wl_registry#148.global(59, "ext_background_effect_manager_v1", 1)
[16:16:57.526099] {mesa present modes query} wl_registry#148.global(60, "wp_commit_timing_manager_v1", 1)
[16:16:57.526101] {mesa present modes query}  -> wl_registry#148.bind(60, "wp_commit_timing_manager_v1", 1, new id [unknown]#138)
[16:16:57.526105] {mesa present modes query} wl_registry#148.global(61, "zwlr_screencopy_manager_v1", 3)
[16:16:57.526107] {mesa present modes query} wl_registry#148.global(62, "hyprland_toplevel_export_manager_v1", 2)
[16:16:57.526109] {mesa present modes query} wl_registry#148.global(63, "ext_output_image_capture_source_manager_v1", 1)
[16:16:57.526111] {mesa present modes query} wl_registry#148.global(64, "ext_foreign_toplevel_image_capture_source_manager_v1", 1)
[16:16:57.526115] {mesa present modes query} wl_registry#148.global(65, "ext_image_copy_capture_manager_v1", 1)
[16:16:57.526120] {mesa present modes query} wl_registry#148.global(66, "wp_color_manager_v1", 3)
[16:16:57.526123] {mesa present modes query}  -> wl_registry#148.bind(66, "wp_color_manager_v1", 1, new id [unknown]#132)
[16:16:57.526126] {mesa present modes query} wl_registry#148.global(67, "wl_drm", 2)
[16:16:57.526128] {mesa present modes query} wl_registry#148.global(68, "zwp_linux_dmabuf_v1", 5)
[16:16:57.526130] {mesa present modes query}  -> wl_registry#148.bind(68, "zwp_linux_dmabuf_v1", 4, new id [unknown]#146)
[16:16:57.526133] {mesa present modes query} wl_registry#148.global(69, "wl_output", 4)
[16:16:57.526135] {mesa present modes query} wl_callback#125.done(105)
[16:16:57.526138] {mesa present modes query}  -> zwp_linux_dmabuf_v1#146.get_default_feedback(new id zwp_linux_dmabuf_feedback_v1#125)
[16:16:57.526142] {mesa present modes query}  -> wl_display#1.sync(new id wl_callback#131)
[16:16:57.526185] {Display Queue} wl_display#1.delete_id(131)
[16:16:57.526189] {mesa present modes query} wp_presentation#140.clock_id(1)
[16:16:57.526191] {mesa present modes query} wp_color_manager_v1#132.supported_feature(1)
[16:16:57.526194] {mesa present modes query} wp_color_manager_v1#132.supported_feature(2)
[16:16:57.526196] {mesa present modes query} wp_color_manager_v1#132.supported_feature(4)
[16:16:57.526198] {mesa present modes query} wp_color_manager_v1#132.supported_feature(7)
[16:16:57.526201] {mesa present modes query} wp_color_manager_v1#132.supported_feature(5)
[16:16:57.526203] {mesa present modes query} wp_color_manager_v1#132.supported_feature(6)
[16:16:57.526205] {mesa present modes query} wp_color_manager_v1#132.supported_primaries_named(1)
[16:16:57.526207] {mesa present modes query} wp_color_manager_v1#132.supported_primaries_named(6)
[16:16:57.526209] {mesa present modes query} wp_color_manager_v1#132.supported_primaries_named(2)
[16:16:57.526212] {mesa present modes query} wp_color_manager_v1#132.supported_primaries_named(3)
[16:16:57.526214] {mesa present modes query} wp_color_manager_v1#132.supported_primaries_named(4)
[16:16:57.526217] {mesa present modes query} wp_color_manager_v1#132.supported_primaries_named(5)
[16:16:57.526219] {mesa present modes query} wp_color_manager_v1#132.supported_primaries_named(8)
[16:16:57.526221] {mesa present modes query} wp_color_manager_v1#132.supported_primaries_named(9)
[16:16:57.526223] {mesa present modes query} wp_color_manager_v1#132.supported_primaries_named(10)
[16:16:57.526225] {mesa present modes query} wp_color_manager_v1#132.supported_primaries_named(7)
[16:16:57.526228] {mesa present modes query} wp_color_manager_v1#132.supported_tf_named(9)
[16:16:57.526230] {mesa present modes query} wp_color_manager_v1#132.supported_tf_named(10)
[16:16:57.526233] {mesa present modes query} wp_color_manager_v1#132.supported_tf_named(2)
[16:16:57.526235] {mesa present modes query} wp_color_manager_v1#132.supported_tf_named(3)
[16:16:57.526237] {mesa present modes query} wp_color_manager_v1#132.supported_tf_named(5)
[16:16:57.526239] {mesa present modes query} wp_color_manager_v1#132.supported_tf_named(11)
[16:16:57.526241] {mesa present modes query} wp_color_manager_v1#132.supported_tf_named(13)
[16:16:57.526243] {mesa present modes query} wp_color_manager_v1#132.supported_tf_named(1)
[16:16:57.526245] {mesa present modes query} wp_color_manager_v1#132.supported_tf_named(4)
[16:16:57.526249] {mesa present modes query} wp_color_manager_v1#132.supported_tf_named(6)
[16:16:57.526251] {mesa present modes query} wp_color_manager_v1#132.supported_tf_named(7)
[16:16:57.526253] {mesa present modes query} wp_color_manager_v1#132.supported_tf_named(8)
[16:16:57.526255] {mesa present modes query} wp_color_manager_v1#132.supported_tf_named(12)
[16:16:57.526257] {mesa present modes query} wp_color_manager_v1#132.supported_intent(0)
[16:16:57.526259] {mesa present modes query} wp_color_manager_v1#132.done()
[16:16:57.526261] {mesa present modes query} zwp_linux_dmabuf_feedback_v1#125.format_table(fd 17, 2960)
[16:16:57.526269] {mesa present modes query} zwp_linux_dmabuf_feedback_v1#125.main_device(array[8])
[16:16:57.526274] {mesa present modes query} zwp_linux_dmabuf_feedback_v1#125.tranche_target_device(array[8])
[16:16:57.526277] {mesa present modes query} zwp_linux_dmabuf_feedback_v1#125.tranche_flags(0)
[16:16:57.526279] {mesa present modes query} zwp_linux_dmabuf_feedback_v1#125.tranche_formats(array[370])
[16:16:57.526291] {mesa present modes query} zwp_linux_dmabuf_feedback_v1#125.tranche_done()
[16:16:57.526293] {mesa present modes query} zwp_linux_dmabuf_feedback_v1#125.done()
[16:16:57.526295] {mesa present modes query} wl_callback#131.done(105)
[16:16:57.526297] {mesa present modes query}  -> wl_display#1.sync(new id wl_callback#131)
[16:16:57.526308] {Display Queue} wl_display#1.delete_id(131)
[16:16:57.526310] {mesa present modes query} wl_callback#131.done(105)
[16:16:57.526313] {mesa present modes query}  -> zwp_linux_dmabuf_feedback_v1#125.destroy()
[16:16:57.526320] {mesa present modes query}  -> zwp_linux_dmabuf_v1#146.destroy()
[16:16:57.526322] {mesa present modes query}  -> wp_presentation#140.destroy()
[16:16:57.526324] {mesa present modes query}  -> wp_fifo_manager_v1#129.destroy()
[16:16:57.526327] {mesa present modes query}  -> wp_commit_timing_manager_v1#138.destroy()
[16:16:57.526329] {mesa present modes query}  -> wp_tearing_control_manager_v1#111.destroy()
[16:16:57.526331] {mesa present modes query}  -> wp_color_manager_v1#132.destroy()
[16:16:57.526334] {mesa present modes query}  -> wl_display#1.get_registry(new id wl_registry#131)
[16:16:57.526336] {mesa present modes query}  -> wl_display#1.sync(new id wl_callback#128)
[16:16:57.526376] {Display Queue} wl_display#1.delete_id(125)
[16:16:57.526379] {Display Queue} wl_display#1.delete_id(146)
[16:16:57.526381] {Display Queue} wl_display#1.delete_id(140)
[16:16:57.526383] {Display Queue} wl_display#1.delete_id(129)
[16:16:57.526385] {Display Queue} wl_display#1.delete_id(138)
[16:16:57.526387] {Display Queue} wl_display#1.delete_id(111)
[16:16:57.526388] {Display Queue} wl_display#1.delete_id(128)
[16:16:57.526390] {mesa present modes query} wl_registry#131.global(1, "wl_seat", 9)
[16:16:57.526393] {mesa present modes query} wl_registry#131.global(2, "wl_data_device_manager", 3)
[16:16:57.526395] {mesa present modes query} wl_registry#131.global(3, "wl_compositor", 6)
[16:16:57.526397] {mesa present modes query} wl_registry#131.global(4, "wl_subcompositor", 1)
[16:16:57.526399] {mesa present modes query} wl_registry#131.global(5, "wl_shm", 2)
[16:16:57.526401] {mesa present modes query} wl_registry#131.global(6, "wp_viewporter", 1)
[16:16:57.526403] {mesa present modes query} wl_registry#131.global(7, "wp_tearing_control_manager_v1", 1)
[16:16:57.526406] {mesa present modes query}  -> wl_registry#131.bind(7, "wp_tearing_control_manager_v1", 1, new id [unknown]#111)
[16:16:57.526410] {mesa present modes query} wl_registry#131.global(8, "wp_fractional_scale_manager_v1", 1)
[16:16:57.526411] {mesa present modes query} wl_registry#131.global(9, "zxdg_output_manager_v1", 3)
[16:16:57.526413] {mesa present modes query} wl_registry#131.global(10, "wp_cursor_shape_manager_v1", 2)
[16:16:57.526416] {mesa present modes query} wl_registry#131.global(11, "zwp_idle_inhibit_manager_v1", 1)
[16:16:57.526418] {mesa present modes query} wl_registry#131.global(12, "zwp_relative_pointer_manager_v1", 1)
[16:16:57.526420] {mesa present modes query} wl_registry#131.global(13, "zxdg_decoration_manager_v1", 2)
[16:16:57.526422] {mesa present modes query} wl_registry#131.global(14, "wp_alpha_modifier_v1", 1)
[16:16:57.526424] {mesa present modes query} wl_registry#131.global(15, "zwlr_gamma_control_manager_v1", 1)
[16:16:57.526426] {mesa present modes query} wl_registry#131.global(16, "ext_foreign_toplevel_list_v1", 1)
[16:16:57.526429] {mesa present modes query} wl_registry#131.global(17, "zwp_pointer_gestures_v1", 3)
[16:16:57.526431] {mesa present modes query} wl_registry#131.global(18, "zwlr_foreign_toplevel_manager_v1", 3)
[16:16:57.526433] {mesa present modes query} wl_registry#131.global(19, "zwp_keyboard_shortcuts_inhibit_manager_v1", 1)
[16:16:57.526437] {mesa present modes query} wl_registry#131.global(20, "zwp_text_input_manager_v1", 1)
[16:16:57.526440] {mesa present modes query} wl_registry#131.global(21, "zwp_text_input_manager_v3", 1)
[16:16:57.526442] {mesa present modes query} wl_registry#131.global(22, "zwp_pointer_constraints_v1", 1)
[16:16:57.526444] {mesa present modes query} wl_registry#131.global(23, "zwlr_output_power_manager_v1", 1)
[16:16:57.526446] {mesa present modes query} wl_registry#131.global(24, "xdg_activation_v1", 1)
[16:16:57.526448] {mesa present modes query} wl_registry#131.global(25, "ext_idle_notifier_v1", 2)
[16:16:57.526450] {mesa present modes query} wl_registry#131.global(26, "hyprland_lock_notifier_v1", 1)
[16:16:57.526452] {mesa present modes query} wl_registry#131.global(27, "ext_session_lock_manager_v1", 1)
[16:16:57.526454] {mesa present modes query} wl_registry#131.global(28, "zwp_input_method_manager_v2", 1)
[16:16:57.526456] {mesa present modes query} wl_registry#131.global(29, "zwp_virtual_keyboard_manager_v1", 1)
[16:16:57.526458] {mesa present modes query} wl_registry#131.global(30, "zwlr_virtual_pointer_manager_v1", 2)
[16:16:57.526460] {mesa present modes query} wl_registry#131.global(31, "zwlr_output_manager_v1", 4)
[16:16:57.526462] {mesa present modes query} wl_registry#131.global(32, "org_kde_kwin_server_decoration_manager", 1)
[16:16:57.526465] {mesa present modes query} wl_registry#131.global(33, "hyprland_focus_grab_manager_v1", 1)
[16:16:57.526467] {mesa present modes query} wl_registry#131.global(34, "zwp_tablet_manager_v2", 1)
[16:16:57.526469] {mesa present modes query} wl_registry#131.global(35, "zwlr_layer_shell_v1", 5)
[16:16:57.526471] {mesa present modes query} wl_registry#131.global(36, "wp_presentation", 2)
[16:16:57.526474] {mesa present modes query}  -> wl_registry#131.bind(36, "wp_presentation", 2, new id [unknown]#138)
[16:16:57.526476] {mesa present modes query} wl_registry#131.global(37, "xdg_wm_base", 7)
[16:16:57.526478] {mesa present modes query} wl_registry#131.global(38, "zwlr_data_control_manager_v1", 2)
[16:16:57.526481] {mesa present modes query} wl_registry#131.global(39, "zwp_primary_selection_device_manager_v1", 1)
[16:16:57.526483] {mesa present modes query} wl_registry#131.global(40, "xwayland_shell_v1", 1)
[16:16:57.526485] {mesa present modes query} wl_registry#131.global(41, "hyprland_toplevel_mapping_manager_v1", 1)
[16:16:57.526487] {mesa present modes query} wl_registry#131.global(42, "hyprland_global_shortcuts_manager_v1", 1)
[16:16:57.526489] {mesa present modes query} wl_registry#131.global(43, "xdg_wm_dialog_v1", 1)
[16:16:57.526491] {mesa present modes query} wl_registry#131.global(44, "wp_single_pixel_buffer_manager_v1", 1)
[16:16:57.526493] {mesa present modes query} wl_registry#131.global(45, "wp_security_context_manager_v1", 1)
[16:16:57.526495] {mesa present modes query} wl_registry#131.global(46, "hyprland_ctm_control_manager_v1", 2)
[16:16:57.526497] {mesa present modes query} wl_registry#131.global(47, "hyprland_input_capture_manager_v1", 1)
[16:16:57.526500] {mesa present modes query} wl_registry#131.global(48, "hyprland_surface_manager_v1", 2)
[16:16:57.526502] {mesa present modes query} wl_registry#131.global(49, "wp_content_type_manager_v1", 1)
[16:16:57.526504] {mesa present modes query} wl_registry#131.global(50, "xdg_toplevel_tag_manager_v1", 1)
[16:16:57.526506] {mesa present modes query} wl_registry#131.global(51, "xdg_system_bell_v1", 1)
[16:16:57.526508] {mesa present modes query} wl_registry#131.global(52, "vicinae_hotkey_manager_v1", 1)
[16:16:57.526510] {mesa present modes query} wl_registry#131.global(53, "ext_workspace_manager_v1", 1)
[16:16:57.526513] {mesa present modes query} wl_registry#131.global(54, "ext_data_control_manager_v1", 1)
[16:16:57.526515] {mesa present modes query} wl_registry#131.global(55, "wp_pointer_warp_v1", 1)
[16:16:57.526517] {mesa present modes query} wl_registry#131.global(56, "wp_fifo_manager_v1", 1)
[16:16:57.526519] {mesa present modes query}  -> wl_registry#131.bind(56, "wp_fifo_manager_v1", 1, new id [unknown]#129)
[16:16:57.526526] {mesa present modes query} wl_registry#131.global(57, "zxdg_exporter_v2", 1)
[16:16:57.526529] {mesa present modes query} wl_registry#131.global(58, "zxdg_importer_v2", 1)
[16:16:57.526531] {mesa present modes query} wl_registry#131.global(59, "ext_background_effect_manager_v1", 1)
[16:16:57.526533] {mesa present modes query} wl_registry#131.global(60, "wp_commit_timing_manager_v1", 1)
[16:16:57.526535] {mesa present modes query}  -> wl_registry#131.bind(60, "wp_commit_timing_manager_v1", 1, new id [unknown]#140)
[16:16:57.526539] {mesa present modes query} wl_registry#131.global(61, "zwlr_screencopy_manager_v1", 3)
[16:16:57.526541] {mesa present modes query} wl_registry#131.global(62, "hyprland_toplevel_export_manager_v1", 2)
[16:16:57.526543] {mesa present modes query} wl_registry#131.global(63, "ext_output_image_capture_source_manager_v1", 1)
[16:16:57.526545] {mesa present modes query} wl_registry#131.global(64, "ext_foreign_toplevel_image_capture_source_manager_v1", 1)
[16:16:57.526549] {mesa present modes query} wl_registry#131.global(65, "ext_image_copy_capture_manager_v1", 1)
[16:16:57.526551] {mesa present modes query} wl_registry#131.global(66, "wp_color_manager_v1", 3)
[16:16:57.526553] {mesa present modes query}  -> wl_registry#131.bind(66, "wp_color_manager_v1", 1, new id [unknown]#146)
[16:16:57.526556] {mesa present modes query} wl_registry#131.global(67, "wl_drm", 2)
[16:16:57.526558] {mesa present modes query} wl_registry#131.global(68, "zwp_linux_dmabuf_v1", 5)
[16:16:57.526560] {mesa present modes query}  -> wl_registry#131.bind(68, "zwp_linux_dmabuf_v1", 4, new id [unknown]#125)
[16:16:57.526562] {mesa present modes query} wl_registry#131.global(69, "wl_output", 4)
[16:16:57.526565] {mesa present modes query} wl_callback#128.done(105)
[16:16:57.526567] {mesa present modes query}  -> zwp_linux_dmabuf_v1#125.get_default_feedback(new id zwp_linux_dmabuf_feedback_v1#128)
[16:16:57.526571] {mesa present modes query}  -> wl_display#1.sync(new id wl_callback#150)
[16:16:57.526615] {Display Queue} wl_display#1.delete_id(150)
[16:16:57.526617] {mesa present modes query} wp_presentation#138.clock_id(1)
[16:16:57.526619] {mesa present modes query} wp_color_manager_v1#146.supported_feature(1)
[16:16:57.526621] {mesa present modes query} wp_color_manager_v1#146.supported_feature(2)
[16:16:57.526623] {mesa present modes query} wp_color_manager_v1#146.supported_feature(4)
[16:16:57.526625] {mesa present modes query} wp_color_manager_v1#146.supported_feature(7)
[16:16:57.526627] {mesa present modes query} wp_color_manager_v1#146.supported_feature(5)
[16:16:57.526629] {mesa present modes query} wp_color_manager_v1#146.supported_feature(6)
[16:16:57.526631] {mesa present modes query} wp_color_manager_v1#146.supported_primaries_named(1)
[16:16:57.526633] {mesa present modes query} wp_color_manager_v1#146.supported_primaries_named(6)
[16:16:57.526635] {mesa present modes query} wp_color_manager_v1#146.supported_primaries_named(2)
[16:16:57.526636] {mesa present modes query} wp_color_manager_v1#146.supported_primaries_named(3)
[16:16:57.526638] {mesa present modes query} wp_color_manager_v1#146.supported_primaries_named(4)
[16:16:57.526640] {mesa present modes query} wp_color_manager_v1#146.supported_primaries_named(5)
[16:16:57.526642] {mesa present modes query} wp_color_manager_v1#146.supported_primaries_named(8)
[16:16:57.526643] {mesa present modes query} wp_color_manager_v1#146.supported_primaries_named(9)
[16:16:57.526646] {mesa present modes query} wp_color_manager_v1#146.supported_primaries_named(10)
[16:16:57.526648] {mesa present modes query} wp_color_manager_v1#146.supported_primaries_named(7)
[16:16:57.526649] {mesa present modes query} wp_color_manager_v1#146.supported_tf_named(9)
[16:16:57.526652] {mesa present modes query} wp_color_manager_v1#146.supported_tf_named(10)
[16:16:57.526653] {mesa present modes query} wp_color_manager_v1#146.supported_tf_named(2)
[16:16:57.526655] {mesa present modes query} wp_color_manager_v1#146.supported_tf_named(3)
[16:16:57.526659] {mesa present modes query} wp_color_manager_v1#146.supported_tf_named(5)
[16:16:57.526661] {mesa present modes query} wp_color_manager_v1#146.supported_tf_named(11)
[16:16:57.526663] {mesa present modes query} wp_color_manager_v1#146.supported_tf_named(13)
[16:16:57.526665] {mesa present modes query} wp_color_manager_v1#146.supported_tf_named(1)
[16:16:57.526666] {mesa present modes query} wp_color_manager_v1#146.supported_tf_named(4)
[16:16:57.526668] {mesa present modes query} wp_color_manager_v1#146.supported_tf_named(6)
[16:16:57.526670] {mesa present modes query} wp_color_manager_v1#146.supported_tf_named(7)
[16:16:57.526672] {mesa present modes query} wp_color_manager_v1#146.supported_tf_named(8)
[16:16:57.526674] {mesa present modes query} wp_color_manager_v1#146.supported_tf_named(12)
[16:16:57.526675] {mesa present modes query} wp_color_manager_v1#146.supported_intent(0)
[16:16:57.526677] {mesa present modes query} wp_color_manager_v1#146.done()
[16:16:57.526679] {mesa present modes query} zwp_linux_dmabuf_feedback_v1#128.format_table(fd 17, 2960)
[16:16:57.526683] {mesa present modes query} zwp_linux_dmabuf_feedback_v1#128.main_device(array[8])
[16:16:57.526686] {mesa present modes query} zwp_linux_dmabuf_feedback_v1#128.tranche_target_device(array[8])
[16:16:57.526688] {mesa present modes query} zwp_linux_dmabuf_feedback_v1#128.tranche_flags(0)
[16:16:57.526690] {mesa present modes query} zwp_linux_dmabuf_feedback_v1#128.tranche_formats(array[370])
[16:16:57.526698] {mesa present modes query} zwp_linux_dmabuf_feedback_v1#128.tranche_done()
[16:16:57.526701] {mesa present modes query} zwp_linux_dmabuf_feedback_v1#128.done()
[16:16:57.526702] {mesa present modes query} wl_callback#150.done(105)
[16:16:57.526704] {mesa present modes query}  -> wl_display#1.sync(new id wl_callback#150)
[16:16:57.526722] {Display Queue} wl_display#1.delete_id(150)
[16:16:57.526728] {mesa present modes query} wl_callback#150.done(105)
[16:16:57.526731] {mesa present modes query}  -> zwp_linux_dmabuf_feedback_v1#128.destroy()
[16:16:57.526735] {mesa present modes query}  -> zwp_linux_dmabuf_v1#125.destroy()
[16:16:57.526738] {mesa present modes query}  -> wp_presentation#138.destroy()
[16:16:57.526740] {mesa present modes query}  -> wp_fifo_manager_v1#129.destroy()
[16:16:57.526741] {mesa present modes query}  -> wp_commit_timing_manager_v1#140.destroy()
[16:16:57.526743] {mesa present modes query}  -> wp_tearing_control_manager_v1#111.destroy()
[16:16:57.526745] {mesa present modes query}  -> wp_color_manager_v1#146.destroy()
[16:16:57.526749] {mesa vk display queue}  -> wp_fifo_v1#133.destroy()
[16:16:57.526751] {mesa vk display queue}  -> wp_commit_timer_v1#94.destroy()
[16:16:57.526753] {mesa vk display queue}  -> wl_display#1.sync(new id wl_callback#150)
[16:16:57.526755] {mesa vk display queue} wl_buffer#144.release()
[16:16:57.526757] {mesa vk display queue} wl_buffer#134.release()
[16:16:57.526759] {mesa vk display queue} wl_buffer#118.release()
[16:16:57.526778] {Display Queue} wl_display#1.delete_id(128)
[16:16:57.526780] {Display Queue} wl_display#1.delete_id(125)
[16:16:57.526782] {Display Queue} wl_display#1.delete_id(138)
[16:16:57.526784] {Display Queue} wl_display#1.delete_id(129)
[16:16:57.526786] {Display Queue} wl_display#1.delete_id(140)
[16:16:57.526788] {Display Queue} wl_display#1.delete_id(111)
[16:16:57.526790] {Display Queue} wl_display#1.delete_id(133)
[16:16:57.526791] {Display Queue} wl_display#1.delete_id(94)
[16:16:57.526793] {Display Queue} wl_display#1.delete_id(150)
[16:16:57.526795] {mesa vk display queue} wl_callback#150.done(105)
[16:16:57.526809] {mesa vk display queue}  -> wp_fifo_manager_v1#81.get_fifo(new id wp_fifo_v1#150, wl_surface#71)
[16:16:57.526812] {mesa vk display queue}  -> wp_commit_timing_manager_v1#80.get_timer(new id wp_commit_timer_v1#94, wl_surface#71)
[16:16:57.526829] {mesa vk display queue}  -> zwp_linux_dmabuf_v1#92.create_params(new id zwp_linux_buffer_params_v1#133)
[16:16:57.526832] {mesa vk display queue}  -> zwp_linux_buffer_params_v1#133.add(fd 21, 0, 0, 1536, 16777216, 15)
[16:16:57.526838] {mesa vk display queue}  -> zwp_linux_buffer_params_v1#133.add(fd 22, 1, 884736, 192, 16777216, 15)
[16:16:57.526841] {mesa vk display queue}  -> zwp_linux_buffer_params_v1#133.add(fd 23, 2, 888832, 64, 16777216, 15)
[16:16:57.526844] {mesa vk display queue}  -> zwp_linux_buffer_params_v1#133.create_immed(new id wl_buffer#111, 373, 558, 875713089, 0)
[16:16:57.526847] {mesa vk display queue}  -> zwp_linux_buffer_params_v1#133.destroy()
[16:16:57.526856] {mesa vk display queue}  -> zwp_linux_dmabuf_v1#92.create_params(new id zwp_linux_buffer_params_v1#140)
[16:16:57.526859] {mesa vk display queue}  -> zwp_linux_buffer_params_v1#140.add(fd 27, 0, 0, 1536, 16777216, 15)
[16:16:57.526861] {mesa vk display queue}  -> zwp_linux_buffer_params_v1#140.add(fd 28, 1, 884736, 192, 16777216, 15)
[16:16:57.526864] {mesa vk display queue}  -> zwp_linux_buffer_params_v1#140.add(fd 29, 2, 888832, 64, 16777216, 15)
[16:16:57.526866] {mesa vk display queue}  -> zwp_linux_buffer_params_v1#140.create_immed(new id wl_buffer#129, 373, 558, 875713089, 0)
[16:16:57.526870] {mesa vk display queue}  -> zwp_linux_buffer_params_v1#140.destroy()
[16:16:57.526877] {mesa vk display queue}  -> zwp_linux_dmabuf_v1#92.create_params(new id zwp_linux_buffer_params_v1#138)
[16:16:57.526880] {mesa vk display queue}  -> zwp_linux_buffer_params_v1#138.add(fd 33, 0, 0, 1536, 16777216, 15)
[16:16:57.526882] {mesa vk display queue}  -> zwp_linux_buffer_params_v1#138.add(fd 34, 1, 884736, 192, 16777216, 15)
[16:16:57.526885] {mesa vk display queue}  -> zwp_linux_buffer_params_v1#138.add(fd 35, 2, 888832, 64, 16777216, 15)
[16:16:57.526887] {mesa vk display queue}  -> zwp_linux_buffer_params_v1#138.create_immed(new id wl_buffer#125, 373, 558, 875713089, 0)
[16:16:57.526890] {mesa vk display queue}  -> zwp_linux_buffer_params_v1#138.destroy()
[16:16:57.526897] {mesa vk display queue}  -> zwp_linux_dmabuf_v1#92.create_params(new id zwp_linux_buffer_params_v1#128)
[16:16:57.526899] {mesa vk display queue}  -> zwp_linux_buffer_params_v1#128.add(fd 39, 0, 0, 1536, 16777216, 15)
[16:16:57.526902] {mesa vk display queue}  -> zwp_linux_buffer_params_v1#128.add(fd 40, 1, 884736, 192, 16777216, 15)
[16:16:57.526904] {mesa vk display queue}  -> zwp_linux_buffer_params_v1#128.add(fd 41, 2, 888832, 64, 16777216, 15)
[16:16:57.526907] {mesa vk display queue}  -> zwp_linux_buffer_params_v1#128.create_immed(new id wl_buffer#151, 373, 558, 875713089, 0)
[16:16:57.526910] {mesa vk display queue}  -> zwp_linux_buffer_params_v1#128.destroy()
[16:16:57.526953] {mesa vk display queue}  -> wl_buffer#134.destroy()
[16:16:57.526959] {mesa vk display queue}  -> wl_buffer#118.destroy()
[16:16:57.526965] {mesa vk display queue}  -> wl_buffer#139.destroy()
[16:16:57.526970] {mesa vk display queue}  -> wl_buffer#144.destroy()
[16:16:57.527673]  -> xdg_surface#106.set_window_geometry(0, 0, 373, 558)
[16:16:57.527680] {Default Queue}  -> wl_compositor#5.create_region(new id wl_region#152)
[16:16:57.527683] {Default Queue}  -> wl_region#152.add(0, 0, 373, 558)
[16:16:57.527685]  -> wl_surface#71.set_opaque_region(wl_region#152)
[16:16:57.527687] {Default Queue}  -> wl_region#152.destroy()
[16:16:57.527689] {Default Queue}  -> wp_viewport#67.set_destination(373, 558)
[16:16:57.527692]  -> wl_surface#71.frame(new id wl_callback#153)
[16:16:57.527694] {Default Queue}  -> wp_presentation#19.feedback(wl_surface#71, new id wp_presentation_feedback#154)
[16:16:57.527697]  -> wl_surface#71.offset(0, 0)
[16:16:57.527712] discarded [unknown]#134.[event 0](0 fd, 8 byte)
[16:16:57.527714] discarded [unknown]#134.[event 0](0 fd, 8 byte)
[16:16:57.527716] discarded [unknown]#118.[event 0](0 fd, 8 byte)
[16:16:57.527717] discarded [unknown]#118.[event 0](0 fd, 8 byte)
[16:16:57.527719] discarded [unknown]#139.[event 0](0 fd, 8 byte)
[16:16:57.527720] discarded [unknown]#144.[event 0](0 fd, 8 byte)
[16:16:57.527722] discarded [unknown]#144.[event 0](0 fd, 8 byte)
[16:16:57.527724] {Display Queue} wl_display#1.delete_id(133)
[16:16:57.527727] {Display Queue} wl_display#1.delete_id(140)
[16:16:57.527732] {Display Queue} wl_display#1.delete_id(138)
[16:16:57.527737] {Display Queue} wl_display#1.delete_id(128)
[16:16:57.527739] {Display Queue} wl_display#1.delete_id(134)
[16:16:57.527741] {Display Queue} wl_display#1.delete_id(118)
[16:16:57.527743] {Display Queue} wl_display#1.delete_id(144)
[16:16:57.527746] {mesa vk display queue}  -> wl_surface#71.attach(wl_buffer#111, 0, 0)
[16:16:57.527750] {mesa vk display queue}  -> wl_surface#71.damage_buffer(0, 0, 373, 558)
[16:16:57.527753] {mesa vk display queue}  -> wl_surface#71.commit()
[16:16:57.529030] discarded [unknown]#139.[event 0](0 fd, 8 byte)
[16:16:57.529033] discarded [unknown]#139.[event 0](0 fd, 8 byte)
[16:16:57.529036] {Display Queue} wl_display#1.delete_id(152)
[16:16:57.529038] {Display Queue} wl_display#1.delete_id(139)
[16:16:57.542141] {Display Queue} wl_display#1.delete_id(149)
[16:16:57.542158] {Display Queue} wl_display#1.delete_id(153)
[16:16:57.542162] {Default Queue} wp_presentation_feedback#149.sync_output(wl_output#29)
[16:16:57.542166] {Default Queue} wp_presentation_feedback#149.presented(0, 94883, 477461937, 0, 0, 0, 1)
[16:16:57.542172] {Default Queue} wl_callback#153.done(94883477)
[16:16:57.558908] {Display Queue} wl_display#1.delete_id(154)
[16:16:57.558937] {Default Queue} wp_presentation_feedback#154.sync_output(wl_output#29)
[16:16:57.558943] {Default Queue} wp_presentation_feedback#154.presented(0, 94883, 494251039, 0, 0, 0, 1)
[16:16:57.726139]  -> wl_surface#71.frame(new id wl_callback#154)
[16:16:57.726153] {Default Queue}  -> wp_presentation#19.feedback(wl_surface#71, new id wp_presentation_feedback#153)
[16:16:57.726157]  -> wl_surface#71.offset(0, 0)
[16:16:57.726173] {mesa vk display queue}  -> wl_surface#71.attach(wl_buffer#129, 0, 0)
[16:16:57.726176] {mesa vk display queue}  -> wl_surface#71.damage_buffer(0, 0, 373, 558)
[16:16:57.726178] {mesa vk display queue}  -> wl_surface#71.commit()
[16:16:57.742536] {Display Queue} wl_display#1.delete_id(154)
[16:16:57.742561] {Default Queue} wl_callback#154.done(94883677)
[16:16:57.742766]  -> wl_surface#71.frame(new id wl_callback#154)
[16:16:57.742770] {Default Queue}  -> wp_presentation#19.feedback(wl_surface#71, new id wp_presentation_feedback#149)
[16:16:57.742773]  -> wl_surface#71.offset(0, 0)
[16:16:57.742783] {mesa vk display queue}  -> wl_surface#71.attach(wl_buffer#125, 0, 0)
[16:16:57.742785] {mesa vk display queue}  -> wl_surface#71.damage_buffer(0, 0, 373, 558)
[16:16:57.742788] {mesa vk display queue}  -> wl_surface#71.commit()
[16:16:57.759110] {Display Queue} wl_display#1.delete_id(153)
[16:16:57.759122] {Display Queue} wl_display#1.delete_id(154)
[16:16:57.759124] {Default Queue} wp_presentation_feedback#153.sync_output(wl_output#29)
[16:16:57.759127] {Default Queue} wp_presentation_feedback#153.presented(0, 94883, 694481987, 0, 0, 0, 1)
[16:16:57.759131] {Default Queue} wl_callback#154.done(94883694)
[16:16:57.759291]  -> wl_surface#71.frame(new id wl_callback#154)
[16:16:57.759295] {Default Queue}  -> wp_presentation#19.feedback(wl_surface#71, new id wp_presentation_feedback#153)
[16:16:57.759298]  -> wl_surface#71.offset(0, 0)
[16:16:57.759308] {mesa vk display queue}  -> wl_surface#71.attach(wl_buffer#151, 0, 0)
[16:16:57.759310] {mesa vk display queue}  -> wl_surface#71.damage_buffer(0, 0, 373, 558)
[16:16:57.759312] {mesa vk display queue}  -> wl_surface#71.commit()
[16:16:57.775605] {Display Queue} wl_display#1.delete_id(149)
[16:16:57.775641] {Display Queue} wl_display#1.delete_id(154)
[16:16:57.775647] {Default Queue} wp_presentation_feedback#149.sync_output(wl_output#29)
[16:16:57.775652] {Default Queue} wp_presentation_feedback#149.presented(0, 94883, 710889374, 0, 0, 0, 1)
[16:16:57.775659] {Default Queue} wl_callback#154.done(94883710)
[16:16:57.775744] {mesa vk display queue} wl_buffer#111.release()
[16:16:57.775747] {mesa vk display queue} wl_buffer#129.release()
[16:16:57.775749] {mesa vk display queue} wl_buffer#125.release()
[16:16:57.775841]  -> wl_surface#71.frame(new id wl_callback#154)
[16:16:57.775850] {Default Queue}  -> wp_presentation#19.feedback(wl_surface#71, new id wp_presentation_feedback#149)
[16:16:57.775860]  -> wl_surface#71.offset(0, 0)
[16:16:57.775874] {mesa vk display queue}  -> wl_surface#71.attach(wl_buffer#111, 0, 0)
[16:16:57.775876] {mesa vk display queue}  -> wl_surface#71.damage_buffer(25, 16, 1, 18)
[16:16:57.775877] {mesa vk display queue}  -> wl_surface#71.commit()
[16:16:57.792223] {Display Queue} wl_display#1.delete_id(153)
[16:16:57.792262] {Display Queue} wl_display#1.delete_id(154)
[16:16:57.792268] {Default Queue} wp_presentation_feedback#153.sync_output(wl_output#29)
[16:16:57.792273] {Default Queue} wp_presentation_feedback#153.presented(0, 94883, 727454670, 0, 0, 0, 1)
[16:16:57.792281] {Default Queue} wl_callback#154.done(94883727)
[16:16:57.792460]  -> wl_surface#71.frame(new id wl_callback#154)
[16:16:57.792464] {Default Queue}  -> wp_presentation#19.feedback(wl_surface#71, new id wp_presentation_feedback#153)
[16:16:57.792467]  -> wl_surface#71.offset(0, 0)
[16:16:57.792484] {mesa vk display queue}  -> wl_surface#71.attach(wl_buffer#129, 0, 0)
[16:16:57.792487] {mesa vk display queue}  -> wl_surface#71.damage_buffer(25, 16, 1, 18)
[16:16:57.792489] {mesa vk display queue}  -> wl_surface#71.commit()
[16:16:57.809197] {Display Queue} wl_display#1.delete_id(149)
[16:16:57.809224] {Display Queue} wl_display#1.delete_id(154)
[16:16:57.809230] {Default Queue} wp_presentation_feedback#149.sync_output(wl_output#29)
[16:16:57.809236] {Default Queue} wp_presentation_feedback#149.presented(0, 94883, 744540888, 0, 0, 0, 1)
[16:16:57.809255] {Default Queue} wl_callback#154.done(94883744)
[16:16:57.809434]  -> wl_surface#71.frame(new id wl_callback#154)
[16:16:57.809438] {Default Queue}  -> wp_presentation#19.feedback(wl_surface#71, new id wp_presentation_feedback#149)
[16:16:57.809441]  -> wl_surface#71.offset(0, 0)
[16:16:57.809455] {mesa vk display queue}  -> wl_surface#71.attach(wl_buffer#125, 0, 0)
[16:16:57.809457] {mesa vk display queue}  -> wl_surface#71.damage_buffer(25, 16, 1, 18)
[16:16:57.809459] {mesa vk display queue}  -> wl_surface#71.commit()
[16:16:57.825839] {Display Queue} wl_display#1.delete_id(153)
[16:16:57.825867] {Display Queue} wl_display#1.delete_id(154)
[16:16:57.825874] {Default Queue} wp_presentation_feedback#153.sync_output(wl_output#29)
[16:16:57.825879] {Default Queue} wp_presentation_feedback#153.presented(0, 94883, 761017590, 0, 0, 0, 1)
[16:16:57.825888] {Default Queue} wl_callback#154.done(94883761)
[16:16:57.825977] {mesa vk display queue} wl_buffer#151.release()
[16:16:57.825979] {mesa vk display queue} wl_buffer#111.release()
[16:16:57.825981] {mesa vk display queue} wl_buffer#129.release()
[16:16:57.826053]  -> wl_surface#71.frame(new id wl_callback#154)
[16:16:57.826056] {Default Queue}  -> wp_presentation#19.feedback(wl_surface#71, new id wp_presentation_feedback#153)
[16:16:57.826058]  -> wl_surface#71.offset(0, 0)
[16:16:57.826072] {mesa vk display queue}  -> wl_surface#71.attach(wl_buffer#111, 0, 0)
[16:16:57.826074] {mesa vk display queue}  -> wl_surface#71.damage_buffer(25, 16, 1, 18)
[16:16:57.826076] {mesa vk display queue}  -> wl_surface#71.commit()
[16:16:57.842564] {Display Queue} wl_display#1.delete_id(149)
[16:16:57.842597] {Display Queue} wl_display#1.delete_id(154)
[16:16:57.842603] {Default Queue} wp_presentation_feedback#149.sync_output(wl_output#29)
[16:16:57.842609] {Default Queue} wp_presentation_feedback#149.presented(0, 94883, 777860315, 0, 0, 0, 1)
[16:16:57.842617] {Default Queue} wl_callback#154.done(94883777)
[16:16:57.842822]  -> wl_surface#71.frame(new id wl_callback#154)
[16:16:57.842827] {Default Queue}  -> wp_presentation#19.feedback(wl_surface#71, new id wp_presentation_feedback#149)
[16:16:57.842831]  -> wl_surface#71.offset(0, 0)
[16:16:57.842844] {mesa vk display queue}  -> wl_surface#71.attach(wl_buffer#129, 0, 0)
[16:16:57.842847] {mesa vk display queue}  -> wl_surface#71.damage_buffer(25, 16, 1, 18)
[16:16:57.842849] {mesa vk display queue}  -> wl_surface#71.commit()
[16:16:57.859036] {Display Queue} wl_display#1.delete_id(153)
[16:16:57.859073] {Display Queue} wl_display#1.delete_id(154)
[16:16:57.859090] {Default Queue} wp_presentation_feedback#153.sync_output(wl_output#29)
[16:16:57.859096] {Default Queue} wp_presentation_feedback#153.presented(0, 94883, 794457047, 0, 0, 0, 1)
[16:16:57.859106] {Default Queue} wl_callback#154.done(94883794)
[16:16:57.859294]  -> wl_surface#71.frame(new id wl_callback#154)
[16:16:57.859298] {Default Queue}  -> wp_presentation#19.feedback(wl_surface#71, new id wp_presentation_feedback#153)
[16:16:57.859301]  -> wl_surface#71.offset(0, 0)
[16:16:57.859314] {mesa vk display queue}  -> wl_surface#71.attach(wl_buffer#151, 0, 0)
[16:16:57.859316] {mesa vk display queue}  -> wl_surface#71.damage_buffer(25, 16, 1, 18)
[16:16:57.859318] {mesa vk display queue}  -> wl_surface#71.commit()
[16:16:57.875615] {Display Queue} wl_display#1.delete_id(149)
[16:16:57.875643] {Display Queue} wl_display#1.delete_id(154)
[16:16:57.875649] {Default Queue} wp_presentation_feedback#149.sync_output(wl_output#29)
[16:16:57.875654] {Default Queue} wp_presentation_feedback#149.presented(0, 94883, 810887386, 0, 0, 0, 1)
[16:16:57.875664] {Default Queue} wl_callback#154.done(94883810)
[16:16:57.875764] {mesa vk display queue} wl_buffer#125.release()
[16:16:57.875767] {mesa vk display queue} wl_buffer#111.release()
[16:16:57.875769] {mesa vk display queue} wl_buffer#129.release()
[16:16:57.875853]  -> wl_surface#71.frame(new id wl_callback#154)
[16:16:57.875856] {Default Queue}  -> wp_presentation#19.feedback(wl_surface#71, new id wp_presentation_feedback#149)
[16:16:57.875859]  -> wl_surface#71.offset(0, 0)
[16:16:57.875875] {mesa vk display queue}  -> wl_surface#71.attach(wl_buffer#111, 0, 0)
[16:16:57.875877] {mesa vk display queue}  -> wl_surface#71.damage_buffer(25, 16, 1, 18)
[16:16:57.875879] {mesa vk display queue}  -> wl_surface#71.commit()
[16:16:57.892576] {Display Queue} wl_display#1.delete_id(153)
[16:16:57.892603] {Display Queue} wl_display#1.delete_id(154)
[16:16:57.892609] {Default Queue} wp_presentation_feedback#153.sync_output(wl_output#29)
[16:16:57.892614] {Default Queue} wp_presentation_feedback#153.presented(0, 94883, 827937400, 0, 0, 0, 1)
[16:16:57.892623] {Default Queue} wl_callback#154.done(94883827)
[16:16:57.892797]  -> wl_surface#71.frame(new id wl_callback#154)
[16:16:57.892801] {Default Queue}  -> wp_presentation#19.feedback(wl_surface#71, new id wp_presentation_feedback#153)
[16:16:57.892804]  -> wl_surface#71.offset(0, 0)
[16:16:57.892817] {mesa vk display queue}  -> wl_surface#71.attach(wl_buffer#129, 0, 0)
[16:16:57.892819] {mesa vk display queue}  -> wl_surface#71.damage_buffer(25, 16, 1, 18)
[16:16:57.892821] {mesa vk display queue}  -> wl_surface#71.commit()
[16:16:57.909107] {Display Queue} wl_display#1.delete_id(149)
[16:16:57.909133] {Display Queue} wl_display#1.delete_id(154)
[16:16:57.909139] {Default Queue} wp_presentation_feedback#149.sync_output(wl_output#29)
[16:16:57.909145] {Default Queue} wp_presentation_feedback#149.presented(0, 94883, 844516594, 0, 0, 0, 1)
[16:16:57.909154] {Default Queue} wl_callback#154.done(94883844)
[16:16:57.909320]  -> wl_surface#71.frame(new id wl_callback#154)
[16:16:57.909325] {Default Queue}  -> wp_presentation#19.feedback(wl_surface#71, new id wp_presentation_feedback#149)
[16:16:57.909327]  -> wl_surface#71.offset(0, 0)
[16:16:57.909341] {mesa vk display queue}  -> wl_surface#71.attach(wl_buffer#125, 0, 0)
[16:16:57.909344] {mesa vk display queue}  -> wl_surface#71.damage_buffer(25, 16, 1, 18)
[16:16:57.909346] {mesa vk display queue}  -> wl_surface#71.commit()
[16:16:57.925854] {Display Queue} wl_display#1.delete_id(153)
[16:16:57.925886] {Display Queue} wl_display#1.delete_id(154)
[16:16:57.925891] {Default Queue} wp_presentation_feedback#153.sync_output(wl_output#29)
[16:16:57.925896] {Default Queue} wp_presentation_feedback#153.presented(0, 94883, 861210213, 0, 0, 0, 1)
[16:16:57.925904] {Default Queue} wl_callback#154.done(94883861)
[16:16:57.925994] {mesa vk display queue} wl_buffer#151.release()
[16:16:57.925997] {mesa vk display queue} wl_buffer#111.release()
[16:16:57.926005] {mesa vk display queue} wl_buffer#129.release()
[16:16:57.926107]  -> wl_surface#71.frame(new id wl_callback#154)
[16:16:57.926110] {Default Queue}  -> wp_presentation#19.feedback(wl_surface#71, new id wp_presentation_feedback#153)
[16:16:57.926113]  -> wl_surface#71.offset(0, 0)
[16:16:57.926125] {mesa vk display queue}  -> wl_surface#71.attach(wl_buffer#111, 0, 0)
[16:16:57.926128] {mesa vk display queue}  -> wl_surface#71.damage_buffer(25, 16, 1, 18)
[16:16:57.926129] {mesa vk display queue}  -> wl_surface#71.commit()
[16:16:57.942434] {Display Queue} wl_display#1.delete_id(149)
[16:16:57.942465] {Display Queue} wl_display#1.delete_id(154)
[16:16:57.942471] {Default Queue} wp_presentation_feedback#149.sync_output(wl_output#29)
[16:16:57.942477] {Default Queue} wp_presentation_feedback#149.presented(0, 94883, 877801707, 0, 0, 0, 1)
[16:16:57.942486] {Default Queue} wl_callback#154.done(94883877)
[16:16:57.942680]  -> wl_surface#71.frame(new id wl_callback#154)
[16:16:57.942684] {Default Queue}  -> wp_presentation#19.feedback(wl_surface#71, new id wp_presentation_feedback#149)
[16:16:57.942687]  -> wl_surface#71.offset(0, 0)
[16:16:57.942701] {mesa vk display queue}  -> wl_surface#71.attach(wl_buffer#129, 0, 0)
[16:16:57.942704] {mesa vk display queue}  -> wl_surface#71.damage_buffer(25, 16, 1, 18)
[16:16:57.942705] {mesa vk display queue}  -> wl_surface#71.commit()
[16:16:57.958800] {Display Queue} wl_display#1.delete_id(153)
[16:16:57.958828] {Display Queue} wl_display#1.delete_id(154)
[16:16:57.958834] {Default Queue} wp_presentation_feedback#153.sync_output(wl_output#29)
[16:16:57.958840] {Default Queue} wp_presentation_feedback#153.presented(0, 94883, 894200152, 0, 0, 0, 1)
[16:16:57.958850] {Default Queue} wl_callback#154.done(94883894)
[16:16:57.959001]  -> wl_surface#71.frame(new id wl_callback#154)
[16:16:57.959005] {Default Queue}  -> wp_presentation#19.feedback(wl_surface#71, new id wp_presentation_feedback#153)
[16:16:57.959008]  -> wl_surface#71.offset(0, 0)
[16:16:57.959021] {mesa vk display queue}  -> wl_surface#71.attach(wl_buffer#151, 0, 0)
[16:16:57.959024] {mesa vk display queue}  -> wl_surface#71.damage_buffer(25, 16, 1, 18)
[16:16:57.959026] {mesa vk display queue}  -> wl_surface#71.commit()
[16:16:57.975820] {Display Queue} wl_display#1.delete_id(149)
[16:16:57.975853] {Display Queue} wl_display#1.delete_id(154)
[16:16:57.975859] {Default Queue} wp_presentation_feedback#149.sync_output(wl_output#29)
[16:16:57.975865] {Default Queue} wp_presentation_feedback#149.presented(0, 94883, 911154234, 0, 0, 0, 1)
[16:16:57.975873] {Default Queue} wl_callback#154.done(94883911)
[16:16:57.975953] {mesa vk display queue} wl_buffer#125.release()
[16:16:57.975956] {mesa vk display queue} wl_buffer#111.release()
[16:16:57.975958] {mesa vk display queue} wl_buffer#129.release()
[16:16:57.976055]  -> wl_surface#71.frame(new id wl_callback#154)
[16:16:57.976059] {Default Queue}  -> wp_presentation#19.feedback(wl_surface#71, new id wp_presentation_feedback#149)
[16:16:57.976061]  -> wl_surface#71.offset(0, 0)
[16:16:57.976076] {mesa vk display queue}  -> wl_surface#71.attach(wl_buffer#111, 0, 0)
[16:16:57.976079] {mesa vk display queue}  -> wl_surface#71.damage_buffer(25, 16, 1, 18)
[16:16:57.976081] {mesa vk display queue}  -> wl_surface#71.commit()
[16:16:57.992667] {Display Queue} wl_display#1.delete_id(153)
[16:16:57.992695] {Display Queue} wl_display#1.delete_id(154)
[16:16:57.992701] {Default Queue} wp_presentation_feedback#153.sync_output(wl_output#29)
[16:16:57.992707] {Default Queue} wp_presentation_feedback#153.presented(0, 94883, 927980990, 0, 0, 0, 1)
[16:16:57.992716] {Default Queue} wl_callback#154.done(94883927)
[16:16:57.992857]  -> wl_surface#71.frame(new id wl_callback#154)
[16:16:57.992860] {Default Queue}  -> wp_presentation#19.feedback(wl_surface#71, new id wp_presentation_feedback#153)
[16:16:57.992862]  -> wl_surface#71.offset(0, 0)
[16:16:57.992876] {mesa vk display queue}  -> wl_surface#71.attach(wl_buffer#129, 0, 0)
[16:16:57.992878] {mesa vk display queue}  -> wl_surface#71.damage_buffer(25, 16, 1, 18)
[16:16:57.992883] {mesa vk display queue}  -> wl_surface#71.commit()
[16:16:58.009058] {Display Queue} wl_display#1.delete_id(149)
[16:16:58.009097] {Display Queue} wl_display#1.delete_id(154)
[16:16:58.009105] {Default Queue} wp_presentation_feedback#149.sync_output(wl_output#29)
[16:16:58.009111] {Default Queue} wp_presentation_feedback#149.presented(0, 94883, 944466804, 0, 0, 0, 1)
[16:16:58.009122] {Default Queue} wl_callback#154.done(94883944)
[16:16:58.009343]  -> wl_surface#71.frame(new id wl_callback#154)
[16:16:58.009347] {Default Queue}  -> wp_presentation#19.feedback(wl_surface#71, new id wp_presentation_feedback#149)
[16:16:58.009350]  -> wl_surface#71.offset(0, 0)
[16:16:58.009364] {mesa vk display queue}  -> wl_surface#71.attach(wl_buffer#125, 0, 0)
[16:16:58.009366] {mesa vk display queue}  -> wl_surface#71.damage_buffer(25, 16, 1, 18)
[16:16:58.009368] {mesa vk display queue}  -> wl_surface#71.commit()
[16:16:58.025738] {Display Queue} wl_display#1.delete_id(153)
[16:16:58.025769] {Display Queue} wl_display#1.delete_id(154)
[16:16:58.025775] {Default Queue} wp_presentation_feedback#153.sync_output(wl_output#29)
[16:16:58.025781] {Default Queue} wp_presentation_feedback#153.presented(0, 94883, 961090304, 0, 0, 0, 1)
[16:16:58.025792] {Default Queue} wl_callback#154.done(94883961)
[16:16:58.025901] {mesa vk display queue} wl_buffer#151.release()
[16:16:58.025905] {mesa vk display queue} wl_buffer#111.release()
[16:16:58.025906] {mesa vk display queue} wl_buffer#129.release()
[16:16:58.025999]  -> wl_surface#71.frame(new id wl_callback#154)
[16:16:58.026003] {Default Queue}  -> wp_presentation#19.feedback(wl_surface#71, new id wp_presentation_feedback#153)
[16:16:58.026005]  -> wl_surface#71.offset(0, 0)
[16:16:58.026018] {mesa vk display queue}  -> wl_surface#71.attach(wl_buffer#111, 0, 0)
[16:16:58.026021] {mesa vk display queue}  -> wl_surface#71.damage_buffer(25, 16, 1, 18)
[16:16:58.026023] {mesa vk display queue}  -> wl_surface#71.commit()
[16:16:58.042168] {Display Queue} wl_display#1.delete_id(149)
[16:16:58.042206] {Display Queue} wl_display#1.delete_id(154)
[16:16:58.042213] {Default Queue} wp_presentation_feedback#149.sync_output(wl_output#29)
[16:16:58.042219] {Default Queue} wp_presentation_feedback#149.presented(0, 94883, 977475721, 0, 0, 0, 1)
[16:16:58.042230] {Default Queue} wl_callback#154.done(94883977)
[16:16:58.052154]  -> xdg_toplevel#107.destroy()
[16:16:58.052167] {Default Queue}  -> xdg_dialog_v1#108.destroy()
[16:16:58.052171]  -> xdg_surface#106.destroy()
[16:16:58.052174]  -> wl_surface#71.attach(nil, 0, 0)
[16:16:58.052176]  -> wl_surface#71.commit()
[16:16:58.052267] {mesa vk display queue}  -> wl_buffer#111.destroy()
[16:16:58.052280] {mesa vk display queue}  -> wl_buffer#129.destroy()
[16:16:58.052285] {mesa vk display queue}  -> wl_buffer#125.destroy()
[16:16:58.052290] {mesa vk display queue}  -> wl_buffer#151.destroy()
[16:16:58.052296] {mesa vk display queue}  -> wl_display#1.sync(new id wl_callback#154)
[16:16:58.052298] {mesa vk display queue} discarded wl_buffer#125.release()
[16:16:58.052928] discarded [unknown]#111.[event 0](0 fd, 8 byte)
[16:16:58.052939] discarded [unknown]#129.[event 0](0 fd, 8 byte)
[16:16:58.052941] discarded [unknown]#129.[event 0](0 fd, 8 byte)
[16:16:58.052942] discarded [unknown]#125.[event 0](0 fd, 8 byte)
[16:16:58.052943] discarded [unknown]#125.[event 0](0 fd, 8 byte)
[16:16:58.052944] discarded [unknown]#151.[event 0](0 fd, 8 byte)
[16:16:58.052945] discarded [unknown]#151.[event 0](0 fd, 8 byte)
[16:16:58.052949] {Display Queue} wl_display#1.delete_id(107)
[16:16:58.052952] {Display Queue} wl_display#1.delete_id(108)
[16:16:58.052954] {Display Queue} wl_display#1.delete_id(106)
[16:16:58.052955] {Display Queue} wl_display#1.delete_id(129)
[16:16:58.052957] {Display Queue} wl_display#1.delete_id(125)
[16:16:58.052958] {Display Queue} wl_display#1.delete_id(151)
[16:16:58.052959] {Display Queue} wl_display#1.delete_id(154)
[16:16:58.052961] {mesa vk display queue} wl_callback#154.done(112)
[16:16:58.052971] {mesa vk display queue}  -> wp_fifo_v1#150.destroy()
[16:16:58.052982] {mesa vk display queue}  -> wp_commit_timer_v1#94.destroy()
[16:16:58.052999] {mesa vk display queue}  -> zwp_linux_dmabuf_feedback_v1#95.destroy()
[16:16:58.053012] {mesa vk display queue}  -> zwp_linux_dmabuf_v1#92.destroy()
[16:16:58.053014] {mesa vk display queue}  -> wp_presentation#82.destroy()
[16:16:58.053016] {mesa vk display queue}  -> wp_fifo_manager_v1#81.destroy()
[16:16:58.053017] {mesa vk display queue}  -> wp_commit_timing_manager_v1#80.destroy()
[16:16:58.053019] {mesa vk display queue}  -> wp_tearing_control_manager_v1#78.destroy()
[16:16:58.053021] {mesa vk display queue}  -> wp_color_manager_v1#90.destroy()
[16:16:58.053066] {Default Queue}  -> wp_viewport#67.destroy()
[16:16:58.053068] {Default Queue}  -> wp_fractional_scale_v1#69.destroy()
[16:16:58.053070]  -> wl_surface#71.destroy()
[16:16:58.053109]  -> xdg_toplevel#75.destroy()
[16:16:58.053113] {Default Queue}  -> xdg_dialog_v1#76.destroy()
[16:16:58.053115]  -> xdg_surface#74.destroy()
[16:16:58.053118]  -> wl_surface#42.attach(nil, 0, 0)
[16:16:58.053120]  -> wl_surface#42.commit()
[16:16:58.053163] {mesa vk display queue}  -> wl_buffer#137.destroy()
[16:16:58.053176] {mesa vk display queue}  -> wl_buffer#147.destroy()
[16:16:58.053181] {mesa vk display queue}  -> wl_buffer#143.destroy()
[16:16:58.053185] {mesa vk display queue}  -> wl_buffer#141.destroy()
[16:16:58.053191] {mesa vk display queue}  -> wl_display#1.sync(new id wl_callback#154)
[16:16:58.054268] discarded [unknown]#153.[event 2](0 fd, 8 byte)
[16:16:58.054295] discarded [unknown]#137.[event 0](0 fd, 8 byte)
[16:16:58.054300] discarded [unknown]#147.[event 0](0 fd, 8 byte)
[16:16:58.054302] discarded [unknown]#147.[event 0](0 fd, 8 byte)
[16:16:58.054305] discarded [unknown]#143.[event 0](0 fd, 8 byte)
[16:16:58.054308] discarded [unknown]#143.[event 0](0 fd, 8 byte)
[16:16:58.054310] discarded [unknown]#141.[event 0](0 fd, 8 byte)
[16:16:58.054313] discarded [unknown]#141.[event 0](0 fd, 8 byte)
[16:16:58.054319] {Display Queue} wl_display#1.delete_id(150)
[16:16:58.054327] {Display Queue} wl_display#1.delete_id(94)
[16:16:58.054332] {Display Queue} wl_display#1.delete_id(95)
[16:16:58.054336] {Display Queue} wl_display#1.delete_id(92)
[16:16:58.054338] {Display Queue} wl_display#1.delete_id(82)
[16:16:58.054339] {Display Queue} wl_display#1.delete_id(81)
[16:16:58.054341] {Display Queue} wl_display#1.delete_id(80)
[16:16:58.054343] {Display Queue} wl_display#1.delete_id(78)
[16:16:58.054344] {Display Queue} wl_display#1.delete_id(67)
[16:16:58.054346] {Display Queue} wl_display#1.delete_id(69)
[16:16:58.054348] {Display Queue} wl_display#1.delete_id(153)
[16:16:58.054350] {Display Queue} wl_display#1.delete_id(75)
[16:16:58.054351] {Display Queue} wl_display#1.delete_id(76)
[16:16:58.054353] {Display Queue} wl_display#1.delete_id(74)
[16:16:58.054354] {Display Queue} wl_display#1.delete_id(147)
[16:16:58.054356] {Display Queue} wl_display#1.delete_id(143)
[16:16:58.054357] {Display Queue} wl_display#1.delete_id(141)
[16:16:58.054359] {Display Queue} wl_display#1.delete_id(154)
[16:16:58.054360] {mesa vk display queue} wl_callback#154.done(113)
[16:16:58.054364] {mesa vk display queue}  -> wp_fifo_v1#97.destroy()
[16:16:58.054367] {mesa vk display queue}  -> wp_commit_timer_v1#62.destroy()
[16:16:58.054377] {mesa vk display queue}  -> zwp_linux_dmabuf_feedback_v1#63.destroy()
[16:16:58.054391] {mesa vk display queue}  -> zwp_linux_dmabuf_v1#60.destroy()
[16:16:58.054392] {mesa vk display queue}  -> wp_presentation#50.destroy()
[16:16:58.054394] {mesa vk display queue}  -> wp_fifo_manager_v1#49.destroy()
[16:16:58.054396] {mesa vk display queue}  -> wp_commit_timing_manager_v1#48.destroy()
[16:16:58.054397] {mesa vk display queue}  -> wp_tearing_control_manager_v1#47.destroy()
[16:16:58.054399] {mesa vk display queue}  -> wp_color_manager_v1#58.destroy()
[16:16:58.054426] {Default Queue}  -> wp_viewport#44.destroy()
[16:16:58.054428] {Default Queue}  -> wp_fractional_scale_v1#43.destroy()
[16:16:58.054435]  -> wl_surface#42.destroy()
